Unnamed: 0,rating,reviewUsefulCount,friendCount,reviewCount,firstCount,usefulCount,complimentCount,tipCount,restaurantRating,ReviewLength,review_year,sentiment_score,reviewer_sentiment_var,lexical_diversity_ttr,capitalization_ratio,location_entropy,days_active,review_velocity,restaurant_rating_var,avg_word_length,has_friends,has_useful_votes
-1.0346497588898629,0.06457316506698858,0.34360166017397953,-0.04373523997589291,6.502952990086516,23.946738818245183,0.7654212572510122,-0.09502482993562378,-0.14065746898533213,0.27461751819054514,-0.7988800712477694,-3.4726989039006075,-0.0014702550360057643,-0.23855760955043356,1.0566239415659078,0.0,0.0,-0.7256367881801998,31.075950545187148,-2.5432043536965194,0.3107928231308861,0.9536919799837233,0.5493971881446129
-1.556197760876495,0.06457316506698858,-0.31378087963814716,0.18637494639892657,6.525491153110617,23.76850278444623,0.49359873781771735,-0.04935593376912499,-0.14065746898533213,0.27461751819054514,-0.934875214368314,-3.4726989039006075,0.7696476814339015,-0.23855760955043356,1.5752620419646008,0.0,0.0,-0.7147829746964645,18.645210627647742,0.1997550234776168,-1.6161062831533162,0.9536919799837233,0.5493971881446129
1.353729490902518,0.06457316506698858,0.34360166017397953,-0.11085071100188193,1.7135933474649976,3.3307709088328528,0.0010481574912206489,-0.12054568367572605,-0.14065746898533213,0.27461751819054514,-0.783769499789931,-3.4726989039006075,-0.31129442593909373,1.608158587529093,1.5752620419646008,0.0,0.0,-0.6605139072777876,1.73981391936309,0.18990449525929096,0.13297782130874236,0.9536919799837233,0.5493971881446129
1.2597732007183258,-0.75666503681061,-0.31378087963814716,-0.1348205220825923,0.7331832559165926,1.2513505145117245,-0.09603131373495609,-0.12323208933257893,-0.14065746898533213,-1.995553965517959,-0.8744329285369609,-3.4726989039006075,-0.7340322946824186,-0.23855760955043356,0.9040833238015842,0.0,0.0,-0.7174964280673983,3.1904082260501436,-1.2083802365953147,-0.14028199766793464,0.9536919799837233,0.5493971881446129
1.1363099764267013,0.06457316506698858,-0.31378087963814716,-0.15879033316330265,-0.34864856924026805,-0.1151257446135884,-0.16347599900787887,-0.12591849498943178,-0.14065746898533213,0.27461751819054514,0.5761819314155153,-3.4726989039006075,-0.5540081448524135,-0.23855760955043356,0.36357656846676745,0.0,0.0,-0.5845372128916398,-0.14389901195750215,-0.8039532679973672,1.92738820842838,0.9536919799837233,0.5493971881446129
-1.3748854157689834,-0.75666503681061,-0.31378087963814716,-0.11085071100188193,1.7135933474649976,3.3307709088328528,0.0010481574912206489,-0.12054568367572605,-0.14065746898533213,0.27461751819054514,-0.934875214368314,-3.4726989039006075,-0.8381332161058557,1.608158587529093,1.5752620419646008,0.0,0.0,-0.5384085055857645,0.6032306155353512,-0.12446840774978787,1.4118780267218596,0.9536919799837233,0.5493971881446129
1.3766361897490773,0.8858113669445872,-0.31378087963814716,-0.16358429537944472,-0.3261104062161668,-0.17453775587990636,-0.1604103314954733,-0.12726169781785823,-0.14065746898533213,0.27461751819054514,-0.7988800712477694,-3.4726989039006075,1.0780948560218648,-0.23855760955043356,1.0566239415659078,0.0,0.0,-0.6605139072777876,-0.11353363012178129,0.18990449525929096,-1.819282719530222,-1.0485565790508873,0.5493971881446129
-0.4381696742356725,0.06457316506698858,-0.31378087963814716,-0.15879033316330265,-0.05565244992695165,0.1522283060848424,-0.13997254807943607,-0.12726169781785823,-0.14065746898533213,-1.995553965517959,-0.6175532137537099,-3.4726989039006075,0.19957120697222022,-0.23855760955043356,0.2329046056385701,0.0,0.0,-0.7147829746964645,0.7056255077720843,0.22152724227200443,0.741819874116429,0.9536919799837233,0.5493971881446129
-0.6392827251258031,0.06457316506698858,-0.31378087963814716,-0.16358429537944472,-0.3599176507523187,-0.17453775587990636,-0.16449788817868072,-0.12726169781785823,-0.14065746898533213,-1.995553965517959,-0.39089464188613543,-3.4726989039006075,-0.585316692648936,-0.23855760955043356,-0.753317184315248,0.0,0.0,-0.7229233348092661,-0.11060806177216033,1.5183936778193632,-0.6803443681481606,-1.0485565790508873,-1.8201767711573702
-0.7332390153099954,0.06457316506698858,-0.31378087963814716,0.2486964552087735,1.809380540317428,1.875176632808063,0.3106805762441843,0.1145148112989001,-0.14065746898533213,0.27461751819054514,0.42507621683713237,-3.4726989039006075,-0.4484644434842216,-0.23855760955043356,-0.3079481478325976,0.0,0.0,-0.457004904457749,0.41160588863517905,-0.32224024759188413,-0.5395829663276066,0.9536919799837233,0.5493971881446129
-0.3369660669022863,0.06457316506698858,-0.31378087963814716,2.4251553013372744,1.8262841625855037,0.9245844525469759,1.0658566734667592,0.756565763286736,-0.14065746898533213,-1.995553965517959,-0.52688978500668,-2.719876064593466,1.347986133786333,-0.23855760955043356,0.1490072658681935,0.0,0.0,-0.6550870005359198,1.7174150366863044,-0.40108592467725723,-0.26432757338761304,0.9536919799837233,0.5493971881446129
-1.162901389155062,0.8858113669445872,-0.31378087963814716,0.3158119262347625,2.395372778944061,0.33046433988379625,0.23812644511725226,-0.041296716798566384,-0.14065746898533213,0.27461751819054514,-0.8442117856212842,-2.719876064593466,0.2298651259049665,-0.23855760955043356,-0.2263229383677037,0.0,0.0,-0.6415197336812506,1.8837202543984986,-0.8250350993391762,0.5619175186867226,0.9536919799837233,0.5493971881446129
-0.44231099832092613,0.06457316506698858,0.34360166017397953,-0.14440844651487644,-0.33737948772821746,-0.17453775587990636,-0.1573446639830677,-0.11920248084729962,-0.14065746898533213,-1.995553965517959,-0.2397889273077525,-2.719876064593466,-0.1185399781182555,-0.23855760955043356,1.1884810857350663,0.0,0.0,-0.6035313864881767,-0.1364219001511687,0.22152724227200443,2.2574652512713445,0.9536919799837233,0.5493971881446129
-1.521902420795488,0.8858113669445872,-0.31378087963814716,-0.16358429537944472,-0.258495917143863,-0.05571373334727045,-0.15836655315386958,-0.12726169781785823,-0.14065746898533213,0.27461751819054514,-0.8895434999947991,-2.719876064593466,3.083001490843625,-0.23855760955043356,0.1490072658681935,0.0,0.0,-0.671367720761523,-0.03634363443562855,0.1997550234776168,1.9616013686932459,-1.0485565790508873,0.5493971881446129
-0.5621505640379537,0.8858113669445872,-0.31378087963814716,-0.15879033316330265,-0.2810340801679643,-0.17453775587990636,-0.14610388310424724,-0.12054568367572605,-0.14065746898533213,-1.995553965517959,-0.6477743566693864,-2.719876064593466,-0.35618450581216354,-0.23855760955043356,0.8621346539163971,0.0,0.0,-0.5519757724404336,-0.11938476682102318,-0.0044208516090499346,-0.32290465081079356,0.9536919799837233,0.5493971881446129
-1.4314403728082286,0.8858113669445872,-0.31378087963814716,-0.14440844651487644,-0.05565244992695165,-0.17453775587990636,-0.11851287549259701,-0.11517287236202031,-0.14065746898533213,0.27461751819054514,-0.7988800712477694,-2.719876064593466,-0.0014702550360057643,-0.23855760955043356,0.019347740768520215,0.0,0.0,-0.6985022544708615,0.38308159722637475,-0.5668106997522169,1.5036351270211077,0.9536919799837233,0.5493971881446129
0.6415511646165537,0.06457316506698858,0.34360166017397953,-0.13961448429873435,-0.061286990682976966,-0.14483175024674738,-0.11749098632179515,-0.10577045256303527,-0.14065746898533213,0.27461751819054514,-0.5571109279223566,-2.719876064593466,-0.3484733264474644,-0.23855760955043356,0.07394122502101456,0.0,0.0,-0.671367720761523,0.17041528258085195,-1.4612372771973,-0.3753157200841654,0.9536919799837233,0.5493971881446129
-1.4789361834109815,0.06457316506698858,-0.31378087963814716,-0.16358429537944472,-0.34301402848424273,-0.14483175024674738,-0.15427899647066212,-0.12323208933257893,-0.14065746898533213,0.27461751819054514,-0.4513369277174886,-2.719876064593466,-0.30639231905724945,-0.23855760955043356,1.3217056373252378,0.0,0.0,-0.6957888010999276,-0.10931736985320992,-0.6297126490264175,0.6781125167097807,-1.0485565790508873,0.5493971881446129
-0.6308706605776316,0.06457316506698858,-0.31378087963814716,-0.14440844651487644,-0.12326693899925543,-0.17453775587990636,-0.12975365637141748,-0.12188888650415249,-0.14065746898533213,-1.995553965517959,-0.6024426422958715,-2.719876064593466,2.3118835543737175,-0.23855760955043356,-1.3587477831480081,0.0,0.0,-0.6930753477289937,0.22095635118488055,0.01712614564697976,-0.03001926369489107,0.9536919799837233,0.5493971881446129
-0.6474359569186462,0.06457316506698858,-0.31378087963814716,-0.15399637094716057,-0.10636331673117949,-0.14483175024674738,-0.13384121305462493,-0.11785927801887318,-0.14065746898533213,-1.995553965517959,-0.7535483568742545,-2.719876064593466,-0.08629322804769551,-0.23855760955043356,0.6624589852629006,0.0,0.0,-0.6740811741324568,0.13426200909111308,1.5183936778193632,-0.4049125592032466,0.9536919799837233,0.5493971881446129
0.6471160688561133,0.06457316506698858,-0.31378087963814716,-0.15399637094716057,-0.12326693899925543,-0.1151257446135884,-0.1471257722750491,-0.12054568367572605,-0.14065746898533213,0.27461751819054514,-0.7384377854164161,-2.719876064593466,1.926324586138764,2.4679351679970933,1.136414418550322,0.0,0.0,-0.6659408140196552,0.0868678018272537,-1.4612372771973,1.556067755763534,0.9536919799837233,0.5493971881446129
-0.43791084148034415,0.8858113669445872,-0.31378087963814716,-0.15399637094716057,-0.12326693899925543,-0.1151257446135884,-0.1471257722750491,-0.12054568367572605,-0.14065746898533213,-1.995553965517959,-0.4664474991753269,-2.719876064593466,1.154205197803311,2.4679351679970933,0.2786667909678668,0.0,0.0,-0.6632273606487213,0.07854506428091824,0.22152724227200443,0.8220109533695518,0.9536919799837233,0.5493971881446129
-0.26268106612304887,0.8858113669445872,1.0009841999861062,-0.10126278656959778,-0.1852468873155339,-0.05571373334727045,-0.10522831627217283,-0.10577045256303527,-0.14065746898533213,0.27461751819054514,0.09264364476468993,-2.719876064593466,0.7032129053688024,-0.23855760955043356,0.30748001876779374,0.0,0.0,-0.7392040550348691,4.914055578701819,-0.8603242518026359,0.7799353870947655,0.9536919799837233,0.5493971881446129
1.3473880883969733,0.8858113669445872,-0.31378087963814716,-0.16358429537944472,-0.33737948772821746,-0.17453775587990636,-0.16143222066627516,-0.12188888650415249,-0.14065746898533213,-1.995553965517959,-0.7082166425007396,-2.719876064593466,1.2323184433158467,-0.23855760955043356,0.7602593127666541,0.0,0.0,-0.7392040550348691,0.7670624431141243,1.384564273264258,-0.29780018905800265,-1.0485565790508873,0.5493971881446129
-0.2132440098553334,0.06457316506698858,0.34360166017397953,-0.1492024087310185,-0.12890147975528074,-0.14483175024674738,-0.12975365637141748,-0.11517287236202031,-0.14065746898533213,0.27461751819054514,-0.6931060710429013,-2.719876064593466,-0.44486306850620266,-0.23855760955043356,0.7883628551527908,0.0,0.0,-0.6578004539068537,0.05855585005672841,-0.3264081370708519,0.6163484871815839,0.9536919799837233,0.5493971881446129
0.7137655033531642,-1.5779032386882086,1.0009841999861062,-0.0629110888404612,0.006327498389326827,0.033404283552206475,-0.12464421051740818,-0.1071136553914617,-0.14065746898533213,0.27461751819054514,1.694364219295549,-2.719876064593466,-1.1068485955507796,-0.23855760955043356,-1.0484365835817318,0.0,0.0,-0.6578004539068537,0.17746604749293468,-0.7418753830924125,0.3909839023840105,0.9536919799837233,0.5493971881446129
0.0066344157961028116,-0.75666503681061,-0.31378087963814716,-0.05811712662431912,-0.10072877597515417,0.3007583342506373,-0.07968108700212632,-0.09771123559247666,-0.14065746898533213,0.27461751819054514,-0.5571109279223566,-2.719876064593466,-0.7687326018235644,-0.23855760955043356,-0.2263229383677037,0.0,0.0,-0.6469466404231183,0.05614933415623375,0.7937221444573845,-1.2138928284581183,0.9536919799837233,0.5493971881446129
1.2137009702698789,0.8858113669445872,5.6026619786709935,0.9342330521170898,0.9585648861576052,0.716642413114863,0.5865906523606865,0.5685173673070351,-0.14065746898533213,-1.995553965517959,-0.36067349897045886,-2.719876064593466,-0.006978240296505342,-0.23855760955043356,-0.21454787313677307,0.0,0.0,-0.7012157078417952,2.262027869770429,1.2098853973525376,0.4110316721972916,0.9536919799837233,0.5493971881446129
-0.547655929739566,0.06457316506698858,1.0009841999861062,-0.014971466679040472,2.485525431040466,2.4692967454712424,0.34746858639305134,-0.05875835356811004,-0.10185001265562847,-1.995553965517959,-0.572221499380195,-2.719876064593466,0.07564153861098448,-0.23855760955043356,0.9585032198688583,0.0,0.0,-0.7039291612127291,5.407745237700356,-0.5782055760576401,0.5272545539526641,0.9536919799837233,0.5493971881446129
-1.2964590909044924,0.06457316506698858,-0.31378087963814716,-0.15879033316330265,-0.27539953941193895,-0.1151257446135884,-0.1501914397874547,-0.12323208933257893,-0.14065746898533213,0.27461751819054514,-0.7988800712477694,-2.719876064593466,0.4556925215854397,-0.23855760955043356,0.5379858411672146,0.0,0.0,-0.6143851999719121,-0.0989369114412257,-1.5576287384669998,2.2704623223791054,0.9536919799837233,0.5493971881446129
0.7452136831255592,0.06457316506698858,2.3157492796103596,-0.053323164408177054,-0.10636331673117949,0.12252230045168341,-0.036761741828448186,-0.09233842427877091,-0.14065746898533213,0.27461751819054514,-1.0859809289466968,-2.719876064593466,2.3889953480207087,-0.23855760955043356,1.5752620419646008,0.0,0.0,-0.527554692102029,-0.0631138667292633,-0.7418753830924125,-1.2796635820560756,0.9536919799837233,0.5493971881446129
0.6081617391791961,0.8858113669445872,1.6583667397982327,0.1288473998052217,0.32186178072674454,0.21164031735116035,0.07258039944735087,-0.041296716798566384,-0.14065746898533213,0.27461751819054514,0.28908107371658776,-2.719876064593466,1.1309026647069027,-0.23855760955043356,-0.0027219656314246836,0.0,0.0,-0.5899641196335075,0.1828630132991912,-1.4612372771973,1.0069196387750279,0.9536919799837233,0.5493971881446129
1.3592943951420777,0.06457316506698858,1.0009841999861062,-0.08688089992117157,-0.09509423521912885,0.06311028918536546,-0.041871187682457484,-0.10308404690618239,-0.14065746898533213,0.27461751819054514,0.5912925028733536,-2.719876064593466,-0.46617027464550254,-0.23855760955043356,-1.3272915374596668,0.0,0.0,-0.671367720761523,0.13497089680659818,0.18990449525929096,-0.3753157200841654,0.9536919799837233,0.5493971881446129
1.2534317982127812,0.8858113669445872,-0.31378087963814716,-0.16358429537944472,-0.35428310999629337,-0.1151257446135884,-0.15836655315386958,-0.12323208933257893,-0.14065746898533213,0.27461751819054514,0.5308502170420004,-2.719876064593466,0.14472085375308064,-0.23855760955043356,-0.08437987931121917,0.0,0.0,-0.7392040550348691,0.30628542804882486,0.9494396672975342,0.9583357880998636,-1.0485565790508873,0.5493971881446129
0.8320520725382218,0.8858113669445872,0.34360166017397953,0.809590034497396,2.113645741142795,0.80576043001434,0.24221400180045968,0.013774599166917458,0.7519140265978518,0.27461751819054514,-0.7233272139585779,-2.719876064593466,0.484334044940036,-0.23855760955043356,1.5752620419646008,0.0,0.0,-0.6578004539068537,2.0304832908738164,0.21014974599229677,-0.1688686324016899,0.9536919799837233,0.5493971881446129
0.8924895209073923,0.06457316506698858,-0.31378087963814716,-0.16358429537944472,-0.23595775411976175,-0.17453775587990636,-0.1420163264210398,-0.12054568367572605,-0.14065746898533213,0.27461751819054514,-0.677995499585063,-2.719876064593466,1.1552066496688558,1.5763020091163273,-0.7067455997896503,0.0,0.0,-0.7256367881801998,0.45987776640392464,0.12066573775241146,-0.9672525024657791,-1.0485565790508873,0.5493971881446129
0.6467278197231208,0.8858113669445872,-0.31378087963814716,-0.16358429537944472,-0.23595775411976175,-0.17453775587990636,-0.1420163264210398,-0.12054568367572605,-0.14065746898533213,0.27461751819054514,-0.7082166425007396,-2.719876064593466,0.6374560351819175,1.5763020091163273,-0.46224478103026717,0.0,0.0,-0.7256367881801998,0.45987776640392464,-1.4612372771973,-1.2350334278288906,-1.0485565790508873,0.5493971881446129
-1.4688417059531758,0.06457316506698858,0.34360166017397953,-0.05811712662431912,0.6655687668442888,-0.026007727714111476,0.03477050012768204,-0.010403051744758375,-0.14065746898533213,0.27461751819054514,-0.028240926898016407,-2.719876064593466,0.37484804371232466,-0.23855760955043356,0.4811487890687261,0.0,0.0,-0.4515779977158813,0.10962981725771576,-0.5668106997522169,0.04701360524518139,0.9536919799837233,0.5493971881446129
-0.6642600860149892,0.8858113669445872,0.34360166017397953,-0.09167486213731363,-0.15143964277938202,0.033404283552206475,-0.0980750920765598,-0.08965201862191804,-0.14065746898533213,-1.995553965517959,0.04731193039117505,-2.719876064593466,-0.5552731366825759,-0.23855760955043356,0.6975667951360444,0.0,0.0,-0.6496600937940521,0.02168785992025756,1.5183936778193632,0.42658154493708006,0.9536919799837233,0.5493971881446129
-1.3066829847399624,0.06457316506698858,0.34360166017397953,-0.04373523997589291,-0.01057612387874912,0.7760544243811809,-0.07865919783132445,-0.06010155639653647,-0.14065746898533213,0.27461751819054514,-0.6477743566693864,-2.719876064593466,0.1965668513755841,-0.23855760955043356,1.5752620419646008,0.0,0.0,-0.7093560679545968,0.664667550877391,-1.5576287384669998,0.3214432008441919,0.9536919799837233,0.5493971881446129
-0.5568444925537225,0.06457316506698858,-0.31378087963814716,-0.16358429537944472,-0.34301402848424273,-0.1151257446135884,-0.1573446639830677,-0.12591849498943178,-0.14065746898533213,-1.995553965517959,-0.7686589283320927,-2.719876064593466,0.06903195629838545,-0.23855760955043356,0.1490072658681935,0.0,0.0,-0.6985022544708615,-0.10649398128050587,-0.0044208516090499346,-0.4205331131827605,-1.0485565790508873,0.5493971881446129
0.8280401648306323,0.8858113669445872,2.3157492796103596,0.23910853077648936,0.383841729043023,-0.05571373334727045,-0.02449907177882586,0.012431396338491022,0.3444357351359635,0.27461751819054514,-0.2548994987655908,-2.719876064593466,0.7407307588162804,-0.23855760955043356,0.591638058449839,0.0,0.0,-0.6062448398591106,0.257135879775193,0.21014974599229677,0.034617511392756095,0.9536919799837233,0.5493971881446129
1.314904577603265,-0.75666503681061,-0.31378087963814716,-0.15399637094716057,-0.35428310999629337,-0.17453775587990636,-0.15836655315386958,-0.12591849498943178,-0.14065746898533213,0.27461751819054514,-0.4966686420910035,-2.719876064593466,0.4832324478879363,-0.23855760955043356,0.7602593127666541,0.0,0.0,-0.671367720761523,-0.1367693941293477,-0.2977270072934111,0.10387119898666389,0.9536919799837233,0.5493971881446129
0.765532054418835,-0.75666503681061,1.6583667397982327,-0.11564467321802399,0.1415564765339344,-0.026007727714111476,-0.008148845045996094,-0.08696561296506518,-0.14065746898533213,0.27461751819054514,2.2383447917777275,-2.719876064593466,-0.4982433983864327,-0.23855760955043356,-1.6482016672398359,0.0,0.0,-0.7337771482930014,4.504476009754885,1.2907930945589743,-0.22334988693911026,0.9536919799837233,0.5493971881446129
1.4488505284856878,0.8858113669445872,-0.31378087963814716,-0.16358429537944472,-0.33737948772821746,-0.17453775587990636,-0.1604103314954733,-0.12457529216100535,-0.14065746898533213,2.544789001899049,-1.0557597860310204,-2.719876064593466,0.9084489099984853,-0.23855760955043356,1.5752620419646008,0.0,0.0,-0.6740811741324568,-0.11762942581125062,-1.455640001332804,1.0946606228301738,-1.0485565790508873,0.5493971881446129
1.1307450721871415,0.8858113669445872,1.0009841999861062,-0.12043863543416607,-0.24722683563181239,-0.1151257446135884,-0.13792876973783236,-0.12726169781785823,-0.14065746898533213,0.27461751819054514,-0.6477743566693864,-2.719876064593466,1.9924204092647557,-0.23855760955043356,0.8621346539163971,0.0,0.0,-0.6903618943580598,0.02335217318416733,-0.8039532679973672,1.3758305944614408,0.9536919799837233,0.5493971881446129
-1.225797748699852,0.06457316506698858,-0.31378087963814716,-0.13961448429873435,-0.33737948772821746,-0.14483175024674738,-0.15325710729986028,-0.11785927801887318,-0.14065746898533213,0.27461751819054514,-0.421115784801812,-2.719876064593466,0.1527533322579755,-0.23855760955043356,0.3614281899676579,0.0,0.0,-0.3403264095075936,-0.14826487059667323,0.08020828975698321,2.0039762757653334,0.9536919799837233,0.5493971881446129
0.9322203488502945,0.8858113669445872,0.34360166017397953,-0.1492024087310185,-0.21905413185168582,-0.08541973898042943,-0.11749098632179515,-0.12054568367572605,-0.14065746898533213,0.27461751819054514,-0.6477743566693864,-2.719876064593466,-0.9653676756233903,-0.23855760955043356,0.1490072658681935,0.0,0.0,-0.3891685701844028,-0.12259163981964613,0.8753350659853014,-1.553023276697584,0.9536919799837233,0.5493971881446129
-0.24715110080334768,0.06457316506698858,-0.31378087963814716,-0.16358429537944472,-0.33174494697219215,-0.17453775587990636,-0.1573446639830677,-0.12726169781785823,-0.14065746898533213,0.27461751819054514,-1.0255386431153437,-2.719876064593466,1.0009830623748743,-0.23855760955043356,1.5752620419646008,0.0,0.0,-0.7093560679545968,-0.064896056309333,-0.8603242518026359,0.5055425870313304,-1.0485565790508873,0.5493971881446129
-0.6812136314889963,0.8858113669445872,-0.31378087963814716,-0.15399637094716057,-0.365552191508344,-0.17453775587990636,-0.162454109837077,-0.12457529216100535,-0.14065746898533213,0.27461751819054514,-0.8593223570791225,-2.719876064593466,0.769647681433902,-0.23855760955043356,0.9413710303661973,0.0,0.0,-0.6496600937940521,-0.14997416530014812,-0.32224024759188413,-1.904485741236667,0.9536919799837233,0.5493971881446129
0.24256047227789693,0.06457316506698858,8.2321921379195,18.74859664730103,11.252870847415858,10.13344619882626,12.772619014172871,9.205311554089013,11.598598070750022,0.27461751819054514,1.1050519324398556,-2.719876064593466,-0.4664193199120664,0.639003768779409,-2.048196037847893,0.0,0.0,0.18065663771170504,0.7774525130616751,1.9915405920719578,0.020641992454886977,0.9536919799837233,0.5493971881446129
1.5349124196323654,-1.5779032386882086,0.34360166017397953,-0.14440844651487644,-0.30357224319206555,-0.14483175024674738,-0.155300885641464,-0.12591849498943178,-0.14065746898533213,0.27461751819054514,0.44018678829497065,-2.719876064593466,-0.12414810856530942,-0.23855760955043356,-0.6189760751067949,0.0,0.0,-0.706642614583663,-0.01271404391945933,-0.7390669220744036,-0.7149204766428469,0.9536919799837233,0.5493971881446129
1.049859836147031,0.06457316506698858,2.9731318194224863,1.336925878273024,4.423807451113174,2.7069447905365145,2.9440889694005787,1.5141321585192455,-0.04363882816107301,0.27461751819054514,-0.36067349897045886,-2.719876064593466,-0.21797644489101844,1.2234786457164875,0.009178366250899156,0.0,0.0,-0.5329815988438967,1.543002957661317,1.887783148630462,-0.25054473164098157,0.9536919799837233,0.5493971881446129
-1.5046900425661527,-0.75666503681061,1.6583667397982327,-0.11085071100188193,-0.06692153143900229,0.06311028918536546,-0.09092186788094678,-0.10845685821988814,-0.14065746898533213,0.27461751819054514,0.4704079312106473,-2.719876064593466,0.11196692900667453,-0.23855760955043356,-0.14700787634049445,0.0,0.0,-0.671367720761523,0.16450788495180968,-0.6297126490264175,-0.48979406007306286,0.9536919799837233,0.5493971881446129
-1.79277089924661,0.8858113669445872,1.6583667397982327,-0.10126278656959778,0.0345002021694534,-0.08541973898042943,-0.07354975197731516,-0.10845685821988814,-0.14065746898533213,2.544789001899049,1.7396959336690638,-1.9670532252863246,0.09791827899789297,-0.23855760955043356,-0.8268512651451377,0.0,0.0,0.08839922309995424,-0.11835221328586286,-1.6917206589063898,-0.14840662017121412,0.9536919799837233,0.5493971881446129
0.953832883920212,0.06457316506698858,-0.31378087963814716,-0.15879033316330265,-0.24722683563181239,-0.17453775587990636,-0.1501914397874547,-0.12591849498943178,-0.14065746898533213,0.27461751819054514,-0.4513369277174886,-1.9670532252863246,0.1594416000742965,-0.23855760955043356,0.5610364234071566,0.0,0.0,-0.386455116813469,-0.12869745385760284,0.8753350659853014,1.0946606228301738,0.9536919799837233,0.5493971881446129
0.6789524977615007,0.06457316506698858,1.6583667397982327,0.5650979614741503,1.4318663096637316,0.24134632298431935,0.3556436997594662,0.12929004241159087,-0.14065746898533213,0.27461751819054514,0.6970665030782216,-1.9670532252863246,0.6218500769438357,-0.23855760955043356,-0.6878860325024257,0.0,0.0,-0.46514526457055055,0.3273667293916817,0.4406937495547577,0.48119886654377464,0.9536919799837233,0.5493971881446129
0.8760536409440418,0.06457316506698858,-0.31378087963814716,-0.16358429537944472,-0.34864856924026805,-0.14483175024674738,-0.162454109837077,-0.12591849498943178,-0.14065746898533213,0.27461751819054514,0.09264364476468993,-1.9670532252863246,-0.5517680551531676,-0.23855760955043356,-0.39684332745265366,0.0,0.0,-0.6306659201975152,-0.13950696864036727,-0.4594159100683915,-1.5342207580185385,-1.0485565790508873,0.5493971881446129
-0.26785772122961593,0.06457316506698858,4.945279438858866,4.107836039203142,5.69157912121887,3.301064903199694,6.113989177227949,11.363838499370296,-0.14065746898533213,0.27461751819054514,0.6819559316203834,-1.9670532252863246,0.43975870708185244,-0.23855760955043356,-0.8018292515294118,0.0,0.0,-0.20465374096090125,0.6801819284890173,-0.8603242518026359,0.11056572212074246,0.9536919799837233,0.5493971881446129
0.5901728626838755,0.8858113669445872,1.6583667397982327,0.06652589099537476,-0.004941583122723805,0.2710523286174783,0.018420273394852273,-0.09099522145034449,0.053379812663186116,2.544789001899049,1.9059122197052851,-1.9670532252863246,0.07495999498026626,1.6458588122071793,0.09933670152652795,0.0,0.0,-0.5248412387310952,-0.029697812102955967,-1.9800182878510795,1.1356937198509902,0.9536919799837233,0.5493971881446129
1.2657263540908779,-0.75666503681061,0.34360166017397953,-0.053323164408177054,0.7613559596967191,0.24134632298431935,0.13798130637866993,-0.04398312245541925,-0.14065746898533213,-1.995553965517959,-0.7233272139585779,-1.9670532252863246,0.32350087533345495,-0.23855760955043356,0.7300740265000645,0.0,0.0,-0.2643497151214459,0.02091784485497466,-1.2083802365953147,-0.5854167385220848,0.9536919799837233,0.5493971881446129
-0.2081967711264305,0.06457316506698858,0.34360166017397953,-0.1348205220825923,-0.2810340801679643,-0.05571373334727045,-0.13792876973783236,-0.12323208933257893,-0.14065746898533213,0.27461751819054514,-0.10379378418720787,-1.9670532252863246,0.2567930538451853,-0.23855760955043356,-0.27047943298369076,0.0,0.0,-0.5872506662625737,-0.11137794817995532,-0.3264081370708519,0.3283346217175093,0.9536919799837233,0.5493971881446129
-1.3095301450485741,0.8858113669445872,-0.31378087963814716,-0.16358429537944472,-0.14017056126733138,0.003698277919047501,-0.10727209461377656,-0.12591849498943178,-0.14065746898533213,0.27461751819054514,-0.22467835584991422,-1.9670532252863246,0.10937794833154359,-0.23855760955043356,-0.896912903269172,0.0,0.0,-0.6605139072777876,0.05541794206882852,-1.5576287384669998,-1.560833553687341,-1.0485565790508873,0.5493971881446129
1.326552051593041,0.8858113669445872,1.0009841999861062,0.07611381542765891,2.1643566079470227,0.3898763511501142,0.7490710305181824,0.29584719313646884,-0.14065746898533213,-1.995553965517959,0.36463393100577923,-1.9670532252863246,-0.13779289023336447,-0.23855760955043356,-0.4992903596301729,0.0,0.0,-0.5763968527788382,0.9785666467506551,1.384564273264258,-0.5601713987572117,0.9536919799837233,0.5493971881446129
-0.5004189518921415,0.06457316506698858,-0.31378087963814716,-0.16358429537944472,-0.3599176507523187,-0.17453775587990636,-0.16347599900787887,-0.12726169781785823,-0.14065746898533213,-1.995553965517959,-0.6477743566693864,-1.9670532252863246,-0.2818767773886996,-0.23855760955043356,1.218698347940499,0.0,0.0,-0.7364906016639352,-0.0008992486613747532,-0.5782055760576401,-0.732944192773057,-1.0485565790508873,0.5493971881446129
1.1187093490643731,0.06457316506698858,0.34360166017397953,0.11925947537293756,1.1895810571546432,0.2710523286174783,0.22279810755522433,-0.021148674372169853,-0.14065746898533213,0.27461751819054514,-0.013130355440178116,-1.9670532252863246,-0.25049199124526994,-0.23855760955043356,-0.42920412984656603,0.0,0.0,-0.6442331870521845,1.0273161275491545,-0.8039532679973672,-0.6379543374922243,0.9536919799837233,0.5493971881446129
0.6849056511340529,0.8858113669445872,-0.31378087963814716,-0.16358429537944472,-0.34301402848424273,-0.17453775587990636,-0.1604103314954733,-0.12591849498943178,-0.14065746898533213,0.27461751819054514,-0.028240926898016407,-1.9670532252863246,-0.5401188135995445,-0.23855760955043356,-0.300360677285469,0.0,0.0,-0.7147829746964645,-0.07769541783892465,0.4406937495547577,-0.23544024753508652,-1.0485565790508873,0.5493971881446129
1.0679781290200159,-0.75666503681061,2.9731318194224863,1.806734175454947,4.95908882293558,2.1722366891396527,8.008571699894599,7.373182896115355,-0.14065746898533213,0.27461751819054514,0.09264364476468993,-1.9670532252863246,-0.2146616845306273,-0.23855760955043356,0.7300740265000645,0.0,0.0,-0.044559992075804265,0.4108716506641652,1.887783148630462,-0.14572707095055676,0.9536919799837233,0.5493971881446129
-1.261775501690493,0.06457316506698858,1.0009841999861062,-0.03414731554360876,0.5923197370159596,1.6969405990091093,0.18703198657715925,-0.03726710831328708,-0.14065746898533213,0.27461751819054514,0.10775421622252823,-1.9670532252863246,0.5234407402895815,7.382097605466336,-1.4859677213642737,0.0,0.0,-0.03913308533393658,-0.05308506246542411,0.08020828975698321,0.10713682002767802,0.9536919799837233,0.5493971881446129
-1.6233648608842026,0.06457316506698858,0.34360166017397953,0.6897409790938441,2.8968469062303144,1.7563526102754272,0.8277564966699257,0.09302356604407713,-0.14065746898533213,2.544789001899049,-0.7686589283320927,-1.9670532252863246,0.19130922908147124,-0.23855760955043356,0.6244255245669955,0.0,0.0,0.07754540961621885,0.1404870760496112,-1.68924287342001,-1.435869121851223,0.9536919799837233,0.5493971881446129
-0.214408757254311,0.06457316506698858,1.6583667397982327,1.2698104072470349,3.375782870492466,0.5681123849490681,1.0801631218579852,0.1843613583770747,0.4608581041250744,0.27461751819054514,0.8632827891144429,-1.9670532252863246,0.5375983024036052,-0.15997089871849204,-0.4992903596301729,0.0,0.0,-0.6686542673905891,3.6284308206183913,-0.3264081370708519,0.28239181589540546,0.9536919799837233,0.5493971881446129
-1.2461161199931277,0.8858113669445872,0.34360166017397953,-0.1492024087310185,-0.29793770243604023,-0.17453775587990636,-0.14814766144585095,-0.12323208933257893,-0.12125374082048031,0.27461751819054514,-0.08868321272936958,-1.9670532252863246,-0.3134225111533775,-0.23855760955043356,-0.2437295565351655,0.0,0.0,-0.6550870005359198,-0.09209469955971526,0.08020828975698321,-0.4646781570379118,0.9536919799837233,0.5493971881446129
1.641551514827647,0.06457316506698858,2.3157492796103596,1.0301122964399314,2.1418184449229214,3.3307709088328528,1.5451226945728316,0.9513301734085691,-0.14065746898533213,0.27461751819054514,-0.6477743566693864,-1.9670532252863246,1.1224341373688846,-0.23855760955043356,0.8621346539163971,0.0,0.0,-0.30776496905638745,0.27364705614836615,1.5074031198841442,-1.1429837347353204,0.9536919799837233,0.5493971881446129
-0.6111993711726768,0.06457316506698858,-0.31378087963814716,0.056937966563090615,1.9615131407301114,0.657230401848545,0.2820676794617322,-0.018462268715316983,-0.08244628449077665,0.27461751819054514,0.03220135893333676,-1.9670532252863246,-0.20907893023944274,-0.23855760955043356,-0.20292573083092058,0.0,0.0,-0.6550870005359198,1.8326092904526292,-0.28057963301922584,-0.8333620397842241,0.9536919799837233,0.5493971881446129
-0.4525348921563961,-0.75666503681061,1.0009841999861062,-0.1492024087310185,-0.34301402848424273,-0.17453775587990636,-0.15427899647066212,-0.12323208933257893,-0.14065746898533213,-1.995553965517959,-0.013130355440178116,-1.9670532252863246,-1.2005910461600093,-0.23855760955043356,-0.2750144243226304,0.0,0.0,-0.636092826939383,-0.13480026158633357,0.22152724227200443,-0.5872930813424462,0.9536919799837233,0.5493971881446129
0.6551398842712922,-2.399141440565807,3.630514359234613,0.07131985321151683,0.564147033235833,0.4195823567832732,0.1287843038414532,-0.06950397619552152,-0.14065746898533213,0.27461751819054514,0.3193022166322643,-1.9670532252863246,-0.5412528105649415,0.2344643123361149,-1.0395383808788121,0.0,0.0,0.19693735793730813,-0.08080277728541513,1.6646001096915513,-0.2838532658620071,0.9536919799837233,0.5493971881446129
0.7542728295620515,0.06457316506698858,-0.31378087963814716,-0.15879033316330265,-0.08382515370707823,-0.08541973898042943,-0.1471257722750491,-0.12457529216100535,-0.14065746898533213,0.27461751819054514,-0.934875214368314,-1.9670532252863246,0.8274815266691452,-0.23855760955043356,1.5752620419646008,0.0,0.0,-0.6143851999719121,0.012172439709272023,-0.7418753830924125,4.00729314947201,0.9536919799837233,0.5493971881446129
-1.431699205563557,0.8858113669445872,-0.31378087963814716,-0.16358429537944472,-0.35428310999629337,-0.17453775587990636,-0.162454109837077,-0.12726169781785823,-0.14065746898533213,0.27461751819054514,-1.0708703574888587,-1.9670532252863246,1.2323184433158467,-0.23855760955043356,1.5752620419646008,0.0,0.0,-0.6740811741324568,-0.13606050641386258,-0.5668106997522169,0.4385973556905529,-1.0485565790508873,0.5493971881446129
1.1366982255596938,0.8858113669445872,-0.31378087963814716,-0.15399637094716057,-0.3599176507523187,-0.17453775587990636,-0.162454109837077,-0.12726169781785823,-0.10185001265562847,0.27461751819054514,-0.7686589283320927,-1.9670532252863246,0.3910988762577656,-0.23855760955043356,0.1490072658681935,0.0,0.0,-0.6740811741324568,-0.14220419994806657,-0.8039532679973672,-0.1862248034900385,0.9536919799837233,0.5493971881446129
0.7612613139559171,0.06457316506698858,1.6583667397982327,1.336925878273024,4.423807451113174,2.7069447905365145,2.9440889694005787,1.5141321585192455,-0.04363882816107301,0.27461751819054514,0.1681965020538814,-1.9670532252863246,-0.6350721595021132,1.2234786457164875,-0.8128854901038026,0.0,0.0,-0.17751920725156278,0.4739078357729002,1.2907930945589743,-0.683902918651324,0.9536919799837233,0.5493971881446129
0.9509857236116002,0.06457316506698858,-0.31378087963814716,-0.14440844651487644,-0.3261104062161668,-0.17453775587990636,-0.162454109837077,-0.12726169781785823,-0.14065746898533213,0.27461751819054514,-1.0557597860310204,-1.9670532252863246,2.3889953480207087,-0.23855760955043356,1.5752620419646008,0.0,0.0,-0.5763968527788382,-0.13434832952728115,0.8753350659853014,-1.154699150219956,0.9536919799837233,0.5493971881446129
1.5235237783979179,0.06457316506698858,0.34360166017397953,-0.14440844651487644,-0.23595775411976175,-0.14483175024674738,-0.13077554554221935,-0.12591849498943178,-0.10185001265562847,0.27461751819054514,-0.08868321272936958,-1.9670532252863246,-1.081035366093877,-0.23855760955043356,-0.07836668394427698,0.0,0.0,-0.40002238366813825,-0.1252359035202651,-0.7390669220744036,0.3774734488141908,0.9536919799837233,0.5493971881446129
0.950856307233936,-2.399141440565807,-0.31378087963814716,-0.15399637094716057,-0.3204758654601415,-0.17453775587990636,-0.15427899647066212,-0.12323208933257893,-0.14065746898533213,0.27461751819054514,-0.11890435564504617,-1.9670532252863246,-1.7808248934403172,-0.23855760955043356,-0.29802781320680016,0.0,0.0,-0.7147829746964645,-0.016258482496884732,0.8753350659853014,-1.0092181698734315,0.9536919799837233,0.5493971881446129
0.9531858020318912,0.8858113669445872,-0.31378087963814716,-0.16358429537944472,-0.2866686209239896,-0.17453775587990636,-0.1522352181290584,-0.12591849498943178,-0.14065746898533213,0.27461751819054514,-0.7082166425007396,-1.9670532252863246,0.3069769195519573,-0.23855760955043356,-0.46224478103026717,0.0,0.0,-0.7147829746964645,0.07589692051617515,0.8753350659853014,-2.1053214352589995,-1.0485565790508873,0.5493971881446129
1.2530435490797887,0.8858113669445872,-0.31378087963814716,-0.15399637094716057,-0.3599176507523187,-0.14483175024674738,-0.15938844232467142,-0.12457529216100535,-0.14065746898533213,0.27461751819054514,-0.2548994987655908,-1.9670532252863246,0.4804784552576866,-0.23855760955043356,0.7883628551527908,0.0,0.0,-0.706642614583663,-0.1308619965003054,0.9494396672975342,-0.09465603878253656,0.9536919799837233,0.5493971881446129
1.1438161263312234,0.06457316506698858,0.34360166017397953,-0.15399637094716057,0.045769283681504035,0.1522283060848424,-0.05209007939047609,-0.10442724973460883,-0.14065746898533213,-1.995553965517959,0.09264364476468993,-1.9670532252863246,-0.7207213303028781,-0.23855760955043356,0.30748001876779374,0.0,0.0,-0.4624318111996167,-0.04414369344096596,1.410140971257745,0.7105107027413661,0.9536919799837233,0.5493971881446129
-0.6396709742587956,0.06457316506698858,-0.31378087963814716,-0.16358429537944472,-0.34301402848424273,-0.14483175024674738,-0.162454109837077,-0.12726169781785823,-0.14065746898533213,-1.995553965517959,-0.7686589283320927,-1.9670532252863246,1.347986133786333,-0.23855760955043356,0.6244255245669955,0.0,0.0,-0.7012157078417952,-0.10329414089810797,1.5183936778193632,0.12618627610025637,-1.0485565790508873,0.5493971881446129
1.0489539215033818,0.06457316506698858,0.34360166017397953,-0.11564467321802399,0.051403824437529354,-0.1151257446135884,-0.11340342963858771,-0.11785927801887318,-0.14065746898533213,0.27461751819054514,-0.4815580706331652,-1.9670532252863246,-0.4898449481336143,-0.23855760955043356,1.0445625903938436,0.0,0.0,-0.6686542673905891,0.2721537973032471,1.887783148630462,0.7982333659165911,0.9536919799837233,0.5493971881446129
-0.6398003906364598,0.8858113669445872,-0.31378087963814716,-0.16358429537944472,-0.33174494697219215,-0.17453775587990636,-0.16143222066627516,-0.12726169781785823,-0.14065746898533213,-1.995553965517959,-1.1010915004045352,-1.9670532252863246,-1.312370747034849,-0.23855760955043356,1.5752620419646008,0.0,0.0,-0.6578004539068537,-0.11980944609758105,1.5183936778193632,-1.904485741236667,-1.0485565790508873,0.5493971881446129
1.0512834163013371,0.8858113669445872,1.0009841999861062,-0.0629110888404612,0.2148055063622635,0.033404283552206475,0.20031654579758343,-0.080249598822933,-0.10185001265562847,0.27461751819054514,0.24374935934307287,-1.9670532252863246,-0.7629492173000396,-0.23855760955043356,-1.559363839565965,0.0,0.0,-0.4895663449089552,0.01726758705804564,1.887783148630462,-0.3595957872187203,0.9536919799837233,0.5493971881446129
-1.2474102837697694,0.06457316506698858,1.0009841999861062,-0.07249901327274534,-0.01057612387874912,-0.17453775587990636,-0.13077554554221935,-0.11382966953359387,-0.14065746898533213,0.27461751819054514,-0.4513369277174886,-1.9670532252863246,-0.027174186251669265,-0.23855760955043356,-0.19963279051092833,0.0,0.0,0.42215398772481744,-0.13157804469776505,0.08020828975698321,-0.8214606653236415,0.9536919799837233,0.5493971881446129
1.3231872257737722,0.06457316506698858,0.34360166017397953,-0.08208693770502949,-0.26976499865591363,-0.1151257446135884,-0.15121332895825654,-0.11785927801887318,-0.14065746898533213,-1.995553965517959,-0.2851206416812674,-1.9670532252863246,0.2780599969343358,-0.23855760955043356,-0.6659954633297532,0.0,0.0,-0.6469466404231183,-0.07550124157670896,1.384564273264258,-0.13043711070605812,0.9536919799837233,0.5493971881446129
-1.793417981134931,0.8858113669445872,1.0009841999861062,0.11925947537293756,0.14719101728995973,0.003698277919047501,0.14717830891588668,0.07959153775981277,-0.14065746898533213,2.544789001899049,2.6161090782236847,-1.9670532252863246,-0.9111891296973879,-0.23855760955043356,-0.03502560846682664,0.0,0.0,-0.7147829746964645,1.2585579258504436,-1.6917206589063898,0.8845389773637986,0.9536919799837233,0.5493971881446129
-0.5569739089313867,0.8858113669445872,-0.31378087963814716,-0.16358429537944472,-0.33737948772821746,-0.17453775587990636,-0.162454109837077,-0.12726169781785823,-0.14065746898533213,-1.995553965517959,-1.0859809289466968,-1.9670532252863246,3.314336871784598,-0.23855760955043356,1.5752620419646008,0.0,0.0,-0.7147829746964645,-0.06233618400341468,-0.0044208516090499346,-0.03001926369489107,-1.0485565790508873,0.5493971881446129
0.6143737253070766,-1.5779032386882086,0.34360166017397953,-0.11085071100188193,0.04013474292547872,-0.08541973898042943,-0.10727209461377656,-0.12188888650415249,-0.14065746898533213,0.27461751819054514,1.9814650769944766,-1.9670532252863246,-1.0993360913142456,-0.23855760955043356,-0.5295022878087384,0.0,0.0,-0.7147829746964645,0.966732482975754,-1.4612372771973,0.5614386054323677,0.9536919799837233,0.5493971881446129
-0.6816018806219889,0.8858113669445872,-0.31378087963814716,-0.16358429537944472,-0.29793770243604023,-0.17453775587990636,-0.15325710729986028,-0.12591849498943178,-0.14065746898533213,0.27461751819054514,-0.5420003564645184,-1.9670532252863246,-0.0014702550360055076,-0.23855760955043356,0.11243663058367036,0.0,0.0,-0.4624318111996167,-0.13510614625320955,-0.32224024759188413,-0.17420899273656562,-1.0485565790508873,0.5493971881446129
-1.2120796126674491,-1.5779032386882086,0.34360166017397953,-0.08208693770502949,0.37257264753097236,-0.026007727714111476,-0.016323958412410976,-0.08562241013663874,-0.14065746898533213,0.27461751819054514,-0.8139906427056076,-1.9670532252863246,-1.081035366093877,-0.23855760955043356,-0.05474341643129381,0.0,0.0,-0.7039291612127291,1.293664746045895,-0.8250350993391762,0.41628227857696043,0.9536919799837233,0.5493971881446129
0.854182273118796,0.8858113669445872,0.34360166017397953,-0.11564467321802399,-0.12326693899925543,-0.14483175024674738,-0.10727209461377656,-0.10577045256303527,-0.14065746898533213,0.27461751819054514,-0.7384377854164161,-1.9670532252863246,-0.38702922327096007,-0.23855760955043356,-0.18012845169251598,0.0,0.0,-0.2019402875899674,-0.12053147200328668,-0.4594159100683915,-1.9765806057575044,0.9536919799837233,0.5493971881446129
0.03290594046193068,0.8858113669445872,0.34360166017397953,-0.15399637094716057,-0.30920678394809087,-0.17453775587990636,-0.15427899647066212,-0.11920248084729962,-0.14065746898533213,0.27461751819054514,0.12286478768036652,-1.9670532252863246,-0.7829686252660853,-0.23855760955043356,-0.7617337357355364,0.0,0.0,-0.6740811741324568,-0.08691095814023066,0.7937221444573845,-0.8656248018761651,0.9536919799837233,0.5493971881446129
0.8167809399738489,0.8858113669445872,0.34360166017397953,-0.1348205220825923,-0.29793770243604023,-0.17453775587990636,-0.14814766144585095,-0.12457529216100535,-0.14065746898533213,0.27461751819054514,-0.6477743566693864,-1.9670532252863246,1.0009830623748743,-0.23855760955043356,0.8621346539163971,0.0,0.0,-0.6686542673905891,-0.08053972040105616,0.21014974599229677,-1.787331586390306,0.9536919799837233,0.5493971881446129
-1.379026739854237,0.06457316506698858,0.34360166017397953,-0.14440844651487644,-0.16834326504745797,-0.17453775587990636,-0.11544720798019144,-0.11920248084729962,-0.14065746898533213,0.27461751819054514,-0.2548994987655908,-1.9670532252863246,-1.726846637887424,-0.23855760955043356,0.001463668340978332,0.0,0.0,-0.6550870005359198,0.018299793633012724,-0.12446840774978787,-0.7733421772028359,0.9536919799837233,0.5493971881446129
-0.4274281148895458,-0.75666503681061,-0.31378087963814716,-0.16358429537944472,-0.30920678394809087,-0.17453775587990636,-0.15632277481226584,-0.12726169781785823,-0.14065746898533213,-1.995553965517959,-0.17934664147639934,-1.9670532252863246,-0.5489639899296407,-0.23855760955043356,-0.4169668516303814,0.0,0.0,-0.7174964280673983,0.033232382084203,0.22152724227200443,0.08899448091093555,-1.0485565790508873,0.5493971881446129
-0.5005483682698056,0.06457316506698858,-0.31378087963814716,-0.15879033316330265,-0.34301402848424273,-0.17453775587990636,-0.16449788817868072,-0.12726169781785823,-0.14065746898533213,-1.995553965517959,-0.37578407042829715,-1.9670532252863246,1.0009830623748743,-0.23855760955043356,-0.9349463639650758,0.0,0.0,-0.6279524668265813,-0.13620678483134366,-0.5782055760576401,-0.5173805478557524,0.9536919799837233,-1.8201767711573702
0.4232257354970876,0.8858113669445872,-0.31378087963814716,-0.16358429537944472,-0.2246886726077111,-0.026007727714111476,-0.1522352181290584,-0.12726169781785823,-0.14065746898533213,0.27461751819054514,-0.3304523560547823,-1.9670532252863246,-0.2989014591029699,-0.23855760955043356,0.714127082812052,0.0,0.0,-0.706642614583663,0.15269308969372505,-0.7007813668592946,-0.206855723840342,-1.0485565790508873,0.5493971881446129
-1.3135420527561636,0.06457316506698858,3.630514359234613,3.019606616138891,2.846136039426086,1.2810565201448836,3.878095671513479,7.49944396198744,0.24741709431170433,0.27461751819054514,-0.2700100702234291,-1.9670532252863246,0.012988206272804954,0.717855281006302,-0.6266751562193268,0.0,0.0,0.05583778264874807,0.1438119000609472,-1.5576287384669998,-1.049465944463226,0.9536919799837233,0.5493971881446129
0.641809997371882,-0.75666503681061,0.34360166017397953,-0.15399637094716057,-0.3261104062161668,-0.14483175024674738,-0.1604103314954733,-0.12591849498943178,-0.14065746898533213,0.27461751819054514,1.694364219295549,-1.9670532252863246,-0.7855105716980416,-0.23855760955043356,-0.6213228538416307,0.0,0.0,-0.6767946275033906,-0.10329414089810797,-1.4612372771973,-0.45102242977379264,0.9536919799837233,0.5493971881446129
-1.29762383830347,0.8858113669445872,-0.31378087963814716,-0.15399637094716057,-0.2866686209239896,-0.05571373334727045,-0.1522352181290584,-0.12457529216100535,-0.14065746898533213,0.27461751819054514,-0.17934664147639934,-1.9670532252863246,0.15400514708990734,-0.23855760955043356,-0.05474341643129381,0.0,0.0,0.15080865063143273,-0.1474888968179138,-1.5576287384669998,1.24937849081775,0.9536919799837233,0.5493971881446129
1.1007204725690525,0.8858113669445872,-0.31378087963814716,-0.16358429537944472,-0.34301402848424273,-0.17453775587990636,-0.15938844232467142,-0.12591849498943178,-0.14065746898533213,0.27461751819054514,0.6970665030782216,-1.9670532252863246,0.00754281175390238,-0.23855760955043356,-0.4049925231940471,0.0,0.0,-0.6686542673905891,-0.1260485613951598,1.887783148630462,0.2488269891625631,-1.0485565790508873,0.5493971881446129
1.0991674760370824,-2.399141440565807,-0.31378087963814716,-0.16358429537944472,-0.34864856924026805,-0.17453775587990636,-0.16347599900787887,-0.12726169781785823,-0.14065746898533213,0.27461751819054514,0.12286478768036652,-1.9670532252863246,-1.60796595601498,-0.23855760955043356,-0.7617337357355364,0.0,0.0,-0.6659408140196552,-0.13254982439431745,1.887783148630462,0.10548433709126143,-1.0485565790508873,0.5493971881446129
0.7060005206933136,-2.399141440565807,-0.31378087963814716,-0.16358429537944472,-0.3261104062161668,-0.1151257446135884,-0.16143222066627516,-0.12726169781785823,-0.14065746898533213,0.27461751819054514,0.36463393100577923,-1.9670532252863246,-1.609251152575763,-0.23855760955043356,-0.4992903596301729,0.0,0.0,-0.7256367881801998,0.050298197456991836,2.6855336471000912,-0.5033693842862488,-1.0485565790508873,0.5493971881446129
-1.7931591483796026,0.8858113669445872,1.0009841999861062,0.07131985321151683,0.564147033235833,0.4195823567832732,0.1287843038414532,-0.06950397619552152,-0.14065746898533213,2.544789001899049,-0.4513369277174886,-1.9670532252863246,-0.6761984494471749,0.2344643123361149,0.5610364234071566,0.0,0.0,0.5605401096424436,-0.10137423666866921,-1.6917206589063898,-1.0297347183838381,0.9536919799837233,0.5493971881446129
-1.2888235246223059,0.8858113669445872,-0.31378087963814716,-0.16358429537944472,-0.3599176507523187,-0.17453775587990636,-0.162454109837077,-0.12726169781785823,-0.14065746898533213,0.27461751819054514,0.5459607884998388,-1.9670532252863246,0.2603885442235664,-0.23855760955043356,0.033364986725242095,0.0,0.0,-0.25349590163771046,-0.15278500547919568,-1.5576287384669998,0.40904495626984977,-1.0485565790508873,0.5493971881446129
-1.5590449211851067,-1.5779032386882086,-0.31378087963814716,0.042556079914664396,-0.050017909170926335,-0.05571373334727045,-0.06333086026929656,-0.07756319316608012,-0.14065746898533213,0.27461751819054514,-0.19445721293423762,-1.9670532252863246,0.885315371904388,-0.23855760955043356,-0.8171653243906635,0.0,0.0,-0.6659408140196552,0.15817853034926432,0.1997550234776168,-0.9370191721828464,0.9536919799837233,0.5493971881446129
1.3466115901309883,-2.399141440565807,-0.31378087963814716,-0.16358429537944472,-0.3599176507523187,-0.17453775587990636,-0.16449788817868072,-0.12726169781785823,-0.14065746898533213,-1.995553965517959,-0.0433514983558547,-1.9670532252863246,-1.130607233438371,-0.23855760955043356,-0.48488374573021004,0.0,0.0,-0.7392040550348691,0.15269308969372505,1.384564273264258,0.3604945857929784,-1.0485565790508873,-1.8201767711573702
1.5627369408301635,0.8858113669445872,0.34360166017397953,-0.1492024087310185,-0.20215050958360986,0.09281629481852444,-0.1287317672006156,-0.12323208933257893,-0.12125374082048031,0.27461751819054514,-0.028240926898016407,-1.9670532252863246,0.24005489863689003,-0.23855760955043356,0.9500544688812442,0.0,0.0,-0.7364906016639352,2.1493934883100225,-0.07111393835390431,1.4592828691465192,0.9536919799837233,0.5493971881446129
-1.0901693849077947,0.8858113669445872,1.0009841999861062,-0.10605674878573985,-0.33737948772821746,-0.17453775587990636,-0.13588499139622864,-0.12323208933257893,-0.14065746898533213,0.27461751819054514,-0.013130355440178116,-1.9670532252863246,-0.43441792554856506,-0.23855760955043356,0.033364986725242095,0.0,0.0,-0.3810282100716013,-0.14756260934631968,1.095105628498168,0.9072139750759969,0.9536919799837233,0.5493971881446129
0.7747206172329915,0.8858113669445872,-0.31378087963814716,-0.1300265598664502,0.09084560972970657,0.12252230045168341,-0.09194375705174865,-0.11382966953359387,-0.14065746898533213,0.27461751819054514,-0.13401492710288446,-1.9670532252863246,-0.7613719306118057,6.209284068529074,-1.363687193627996,0.0,0.0,-0.3810282100716013,-0.05979555885769123,1.2907930945589743,-0.7968464590528904,0.9536919799837233,0.5493971881446129
1.6257627167526174,0.8858113669445872,0.34360166017397953,-0.15879033316330265,0.10774923199778251,-0.1151257446135884,-0.10727209461377656,-0.12726169781785823,-0.14065746898533213,0.27461751819054514,-0.39089464188613543,-1.9670532252863246,-1.0296275036625497,-0.23855760955043356,0.6438303514526629,0.0,0.0,-0.46514526457055055,-0.02649797172055805,0.17886163122310664,0.19950724375920337,0.9536919799837233,0.5493971881446129
0.606608742647226,0.06457316506698858,2.3157492796103596,0.19116890861506863,0.44582167735930145,-0.05571373334727045,0.13184997135385879,0.05675708967656338,-0.14065746898533213,0.27461751819054514,0.7726193603674131,-1.9670532252863246,-0.42703458989984955,-0.23855760955043356,-1.503637157227644,0.0,0.0,-0.6143851999719121,0.31935711641947173,-1.4612372771973,-1.1308964012987905,0.9536919799837233,0.5493971881446129
-0.7592517072204948,0.06457316506698858,-0.31378087963814716,-0.1492024087310185,-0.2866686209239896,-0.17453775587990636,-0.13486310222542677,-0.12323208933257893,-0.08244628449077665,0.27461751819054514,0.6819559316203834,-1.9670532252863246,0.5254603348850978,-0.23855760955043356,-0.8018292515294118,0.0,0.0,-0.6822215342452583,-0.04976953813799743,0.9627557498998675,0.17304793803880145,0.9536919799837233,0.5493971881446129
0.7738147025893423,0.06457316506698858,0.34360166017397953,-0.07729297548888742,0.06267290594957999,0.09281629481852444,-0.056177636073683535,-0.08965201862191804,1.275814687048851,0.27461751819054514,-0.7233272139585779,-1.9670532252863246,0.6837231113701125,-0.23855760955043356,0.7300740265000645,0.0,0.0,0.7260607652694083,-0.13263093996778197,1.2907930945589743,-0.09944394804829049,0.9536919799837233,0.5493971881446129
0.8948190157053475,0.8858113669445872,-0.31378087963814716,-0.16358429537944472,-0.365552191508344,-0.17453775587990636,-0.16347599900787887,-0.12726169781785823,-0.14065746898533213,0.27461751819054514,-0.6024426422958715,-1.9670532252863246,0.9701383449160778,-0.23855760955043356,0.9232598586062429,0.0,0.0,-0.6767946275033906,-0.14809190625167876,0.12066573775241146,0.612654957176576,-1.0485565790508873,0.5493971881446129
0.6462101542124641,0.8858113669445872,-0.31378087963814716,-0.16358429537944472,-0.34864856924026805,-0.14483175024674738,-0.1573446639830677,-0.12726169781785823,-0.14065746898533213,0.27461751819054514,-0.6024426422958715,-1.9670532252863246,-0.5082048990019451,-0.23855760955043356,0.5972587669270653,0.0,0.0,-0.581823759520706,-0.14407854712799323,-1.4612372771973,0.34487403181346443,-1.0485565790508873,0.5493971881446129
-1.8071361171673335,0.8858113669445872,5.6026619786709935,0.17678702196664242,1.2910027907630988,-0.08541973898042943,0.305571130390175,0.04198185856387259,-0.14065746898533213,2.544789001899049,4.263161367128059,-1.9670532252863246,-0.8599949103307107,-0.23855760955043356,-1.3971008527573232,0.0,0.0,-0.03913308533393658,0.020449493349372704,-1.6917206589063898,0.9360923101641754,0.9536919799837233,0.5493971881446129
-0.5006777846474698,0.8858113669445872,-0.31378087963814716,-0.16358429537944472,-0.35428310999629337,-0.14483175024674738,-0.16449788817868072,-0.12726169781785823,-0.14065746898533213,-1.995553965517959,-0.934875214368314,-1.9670532252863246,1.0009830623748743,-0.23855760955043356,1.5752620419646008,0.0,0.0,-0.6930753477289937,-0.12889286395729127,-0.5782055760576401,1.556067755763534,-1.0485565790508873,-1.8201767711573702
1.1110737827821868,0.06457316506698858,-0.31378087963814716,-0.16358429537944472,-0.33174494697219215,-0.14483175024674738,-0.15938844232467142,-0.12726169781785823,-0.14065746898533213,0.27461751819054514,-1.0255386431153437,-1.9670532252863246,2.157659967079736,-0.23855760955043356,1.5752620419646008,0.0,0.0,-0.6822215342452583,-0.1056212975398519,2.3081001784106907,0.773323512394442,-1.0485565790508873,0.5493971881446129
-1.1758430269214797,0.06457316506698858,0.34360166017397953,-0.08208693770502949,-0.16834326504745797,-0.14483175024674738,-0.11340342963858771,-0.11382966953359387,-0.14065746898533213,0.27461751819054514,-0.6477743566693864,-1.9670532252863246,1.6487221290095968,-0.23855760955043356,0.8621346539163971,0.0,0.0,-0.5981044797463091,-0.05016471568093508,-0.8250350993391762,0.49717443311373344,0.9536919799837233,0.5493971881446129
0.44885017827459456,0.06457316506698858,-0.31378087963814716,-0.16358429537944472,-0.20215050958360986,-0.14483175024674738,-0.1604103314954733,-0.12726169781785823,-0.14065746898533213,0.27461751819054514,-1.0859809289466968,-1.9670532252863246,-1.312370747034849,-0.23855760955043356,1.5752620419646008,0.0,0.0,-0.6740811741324568,0.029819219009645202,0.16008876236159203,-3.778952218778443,-1.0485565790508873,0.5493971881446129
-1.4320874546965494,0.06457316506698858,-0.31378087963814716,-0.16358429537944472,-0.34864856924026805,-0.17453775587990636,-0.1604103314954733,-0.12726169781785823,-0.14065746898533213,0.27461751819054514,-0.8139906427056076,-1.9670532252863246,1.9263245861387635,-0.23855760955043356,1.03192688916597,0.0,0.0,-0.6686542673905891,-0.13173716651942274,-0.5668106997522169,-0.03001926369489107,-1.0485565790508873,0.5493971881446129
-0.26954013413925026,0.8858113669445872,-0.31378087963814716,-0.16358429537944472,-0.3599176507523187,-0.17453775587990636,-0.16449788817868072,-0.12726169781785823,-0.14065746898533213,-1.995553965517959,-1.1010915004045352,-1.9670532252863246,1.9263245861387635,-0.23855760955043356,1.5752620419646008,0.0,0.0,0.017849435455674214,-0.15339449888536671,1.0092000616362544,-1.904485741236667,-1.0485565790508873,-1.8201767711573702
1.6238214710876548,0.06457316506698858,-0.31378087963814716,-0.16358429537944472,-0.33737948772821746,-0.17453775587990636,-0.1604103314954733,-0.12726169781785823,-0.14065746898533213,0.27461751819054514,-0.7384377854164161,-1.9670532252863246,0.8274815266691447,-0.23855760955043356,-1.0578236985210738,0.0,0.0,-0.7202098814383322,-0.0392973332501497,-0.9530319324858647,-1.4719165541116417,-1.0485565790508873,0.5493971881446129
-0.554256165000439,-0.75666503681061,-0.31378087963814716,1.2506345583824667,4.390000206577023,4.073421049661827,2.3892031496551684,1.722328596925343,-0.10185001265562847,-1.995553965517959,0.4099656453792941,-1.9670532252863246,-0.21401368626468648,1.0856002687197774,-2.004357788238147,0.0,0.0,0.4357212545794866,0.14455340355969903,-0.5782055760576401,-1.2796635820560756,0.9536919799837233,0.5493971881446129
1.0787196883661425,0.8858113669445872,1.6583667397982327,-0.10605674878573985,-0.30357224319206555,-0.14483175024674738,-0.1164690971509933,-0.1071136553914617,-0.14065746898533213,0.27461751819054514,0.25885993080091113,-1.9670532252863246,-0.5280074174385022,-0.23855760955043356,0.21101834308977668,0.0,0.0,-0.7147829746964645,0.029819219009645202,1.887783148630462,-0.8653793243385094,0.9536919799837233,0.5493971881446129
-0.33606015225863706,-0.75666503681061,-0.31378087963814716,0.02817419326623818,0.4852634626514787,-0.026007727714111476,-0.010192623387599815,-0.06547436771024222,-0.14065746898533213,-1.995553965517959,-0.5571109279223566,-1.9670532252863246,-0.3363557588743659,-0.028049174205136695,0.07394122502101456,0.0,0.0,-0.20465374096090125,-0.03658231716811512,-0.40108592467725723,-0.17800345929029365,0.9536919799837233,0.5493971881446129
1.0735430332595755,0.8858113669445872,0.34360166017397953,-0.16358429537944472,-0.30357224319206555,-0.14483175024674738,-0.15427899647066212,-0.12188888650415249,-0.14065746898533213,0.27461751819054514,-0.17934664147639934,-1.9670532252863246,0.9142322945220097,-0.23855760955043356,-1.3225254396280997,0.0,0.0,-0.6957888010999276,-0.0460734658246394,1.887783148630462,0.14850135321384886,-1.0485565790508873,0.5493971881446129
-1.0175667970381916,0.06457316506698858,1.0009841999861062,0.3158119262347625,2.682734357501352,3.271358897566535,0.4660077302060671,0.050041075534431205,0.053379812663186116,0.27461751819054514,1.9814650769944766,-1.9670532252863246,-0.10685637302022678,-0.23855760955043356,-0.47411375281470325,0.0,0.0,-0.1965133808480997,0.2596728278515061,0.03136051873977767,-0.7670667621457828,0.9536919799837233,0.5493971881446129
1.5350418360100295,0.8858113669445872,0.34360166017397953,-0.1492024087310185,-0.2923031616800149,-0.17453775587990636,-0.1522352181290584,-0.12726169781785823,-0.14065746898533213,0.27461751819054514,-0.7384377854164161,-1.9670532252863246,1.2130404949040992,-0.23855760955043356,1.136414418550322,0.0,0.0,-0.44072418423214593,-0.13511958037709262,-0.7390669220744036,0.11417046534678349,0.9536919799837233,0.5493971881446129
0.8314049906499009,0.8858113669445872,0.34360166017397953,0.03776211769852232,-0.2810340801679643,-0.17453775587990636,-0.14099443725023794,-0.12323208933257893,-0.14065746898533213,0.27461751819054514,-0.8139906427056076,-1.9670532252863246,-0.618364604211932,-0.23855760955043356,0.48859173636733816,0.0,0.0,-0.6740811741324568,-0.05619249046921068,0.21014974599229677,0.5948028954857003,0.9536919799837233,0.5493971881446129
-1.2066441248055537,0.06457316506698858,0.34360166017397953,0.344575699531615,1.3022718722751494,1.1325264919790887,0.5630872014322438,0.05675708967656338,-0.14065746898533213,0.27461751819054514,-0.20956778439207593,-1.9670532252863246,-0.6643774656957958,-0.23855760955043356,-1.043435251851754,0.0,0.0,-0.25349590163771046,0.09893577126944011,-0.8250350993391762,-1.1669907336792462,0.9536919799837233,0.5493971881446129
0.8755359754333851,0.8858113669445872,-0.31378087963814716,-0.16358429537944472,-0.3599176507523187,-0.17453775587990636,-0.16449788817868072,-0.12726169781785823,-0.14065746898533213,0.27461751819054514,-0.9802069287418289,-1.9670532252863246,1.0009830623748743,-0.23855760955043356,1.5752620419646008,0.0,0.0,-0.6632273606487213,-0.14389901195750215,-0.4594159100683915,0.34487403181346443,-1.0485565790508873,-1.8201767711573702
0.4370732879071545,0.8858113669445872,0.34360166017397953,-0.07249901327274534,0.7388177966726179,0.657230401848545,0.24834533682527085,-0.04263991962699282,-0.14065746898533213,0.27461751819054514,0.001980216017660177,-1.9670532252863246,1.2042777910805773,-0.23855760955043356,-1.163147128140501,0.0,0.0,-0.15309812691315816,-0.015055224546637415,0.16008876236159203,0.3948598045479113,0.9536919799837233,0.5493971881446129
-0.6660719153022876,0.06457316506698858,3.630514359234613,9.721565794305508,11.92338119738287,4.251657083460781,22.05954779842018,8.719072130198644,25.29763015513541,-1.995553965517959,0.9086145034879578,-1.9670532252863246,-0.7982921227215776,-0.23855760955043356,-0.11511398896447443,0.0,0.0,0.6826455113344667,0.4838674268708164,1.5183936778193632,-0.1133288849189697,0.9536919799837233,0.5493971881446129
1.0521893309449863,0.8858113669445872,0.34360166017397953,-0.12523259765030814,-0.2246886726077111,-0.17453775587990636,-0.15427899647066212,-0.12457529216100535,-0.12125374082048031,0.27461751819054514,0.21352821642739628,-1.9670532252863246,-0.5444658019668992,-0.23855760955043356,0.16503260043107482,0.0,0.0,-0.7174964280673983,0.289219612676036,1.887783148630462,0.7703147379521588,0.9536919799837233,0.5493971881446129
1.0030111074325991,-1.5779032386882086,-0.31378087963814716,-0.16358429537944472,-0.365552191508344,-0.17453775587990636,-0.16347599900787887,-0.12726169781785823,-0.14065746898533213,-1.995553965517959,0.5308502170420004,-1.9670532252863246,0.0661903366299009,-0.23855760955043356,-0.7067455997896503,0.0,0.0,-0.7093560679545968,-0.14169222548688293,0.2566349450779528,-0.7968464590528904,-1.0485565790508873,0.5493971881446129
1.2197835400200951,0.06457316506698858,-0.31378087963814716,-0.1492024087310185,-0.33737948772821746,-0.17453775587990636,-0.14916955061665282,-0.12457529216100535,-0.14065746898533213,-1.995553965517959,0.8632827891144429,-1.9670532252863246,-1.1298728354036376,-0.23855760955043356,-0.4128506762303907,0.0,0.0,-0.706642614583663,-0.08360281546796697,1.2098853973525376,-0.4986358830803351,0.9536919799837233,0.5493971881446129
-0.9938835999256472,-0.75666503681061,0.34360166017397953,-0.07249901327274534,-0.14017056126733138,-0.17453775587990636,-0.13077554554221935,-0.11920248084729962,-0.12125374082048031,0.27461751819054514,2.057017934283668,-1.9670532252863246,-0.4105513884417923,-0.23855760955043356,-2.101906669866895,0.0,0.0,-0.45971835782868287,-0.09394076131879099,0.03136051873977767,-0.2343449934743266,0.9536919799837233,0.5493971881446129
-0.15358305975214795,0.8858113669445872,2.9731318194224863,0.478806641583593,1.9784167629981875,1.0731144807127706,0.8768071768684149,0.29316078747961594,-0.14065746898533213,0.27461751819054514,0.45529735975280894,-1.9670532252863246,-0.03727215922925187,1.0921785523283563,-0.2720774775507456,0.0,0.0,-0.6116717466009783,1.179841852443455,-0.35445850688810554,-0.06572338707663905,0.9536919799837233,0.5493971881446129
0.9504680581009435,-0.75666503681061,1.0009841999861062,-0.05811712662431912,-0.29793770243604023,-0.17453775587990636,-0.13281932388382306,-0.10845685821988814,-0.14065746898533213,0.27461751819054514,-0.7988800712477694,-1.9670532252863246,1.3711196718804297,-0.23855760955043356,-0.4992903596301729,0.0,0.0,-0.6903618943580598,-0.049402092352458904,0.8753350659853014,-1.904485741236667,0.9536919799837233,0.5493971881446129
1.382977592254622,-0.75666503681061,-0.31378087963814716,-0.16358429537944472,-0.10636331673117949,0.003698277919047501,-0.13384121305462493,-0.12323208933257893,-0.14065746898533213,0.27461751819054514,-0.6175532137537099,-1.9670532252863246,-0.2713615328004739,-0.23855760955043356,0.2329046056385701,0.0,0.0,-0.6903618943580598,0.2254473552303513,-0.9421468236501976,-0.4159388326005511,-1.0485565790508873,0.5493971881446129
-0.4276869476448742,0.8858113669445872,-0.31378087963814716,-0.16358429537944472,-0.20778505033963518,-0.1151257446135884,-0.15325710729986028,-0.12591849498943178,-0.14065746898533213,-1.995553965517959,-0.3304523560547823,-1.9670532252863246,-0.5432557142960319,-0.23855760955043356,0.2835596032357794,0.0,0.0,0.305475492774662,-0.14295226625922614,0.22152724227200443,-0.13612113978216098,-1.0485565790508873,0.5493971881446129
1.002881691054935,0.8858113669445872,-0.31378087963814716,-0.16358429537944472,-0.34864856924026805,-0.17453775587990636,-0.16347599900787887,-0.12726169781785823,-0.14065746898533213,-1.995553965517959,-0.829101214163446,-1.9670532252863246,0.4205415611047982,-0.23855760955043356,1.0047601315260373,0.0,0.0,-0.6849349876161922,-0.1252359035202651,0.2566349450779528,1.0009372989530854,-1.0485565790508873,0.5493971881446129
1.3121868336723173,0.06457316506698858,-0.31378087963814716,-0.16358429537944472,-0.3599176507523187,-0.17453775587990636,-0.16347599900787887,-0.12726169781785823,-0.14065746898533213,0.27461751819054514,-0.37578407042829715,-1.9670532252863246,-0.2930492247636896,-0.23855760955043356,-0.2503440714388009,0.0,0.0,-0.6822215342452583,-0.14052864716601093,-0.2977270072934111,0.9447033046268316,-1.0485565790508873,0.5493971881446129
0.8326991544265426,0.8858113669445872,0.34360166017397953,-0.09167486213731363,-0.12890147975528074,-0.17453775587990636,-0.09909698124736167,-0.11382966953359387,-0.14065746898533213,0.27461751819054514,-0.783769499789931,-1.9670532252863246,0.8467594750808926,-0.23855760955043356,1.0791734241919377,0.0,0.0,-0.6686542673905891,0.09011843332683253,0.21014974599229677,0.9479632463269044,0.9536919799837233,0.5493971881446129
-1.761322719474215,0.8858113669445872,2.3157492796103596,0.10487758872451133,0.1359219357779091,-0.05571373334727045,0.05214261603131367,0.15749730180854601,-0.14065746898533213,2.544789001899049,3.658738508814527,-1.9670532252863246,-0.6033094444999006,-0.23855760955043356,-1.7721624167600896,0.0,0.0,-0.3294725960238582,-0.06354875509569179,-1.6917206589063898,0.9397362641185205,0.9536919799837233,0.5493971881446129
-0.7450159056774355,0.8858113669445872,-0.31378087963814716,-0.1492024087310185,-0.35428310999629337,-0.17453775587990636,-0.16143222066627516,-0.12591849498943178,-0.14065746898533213,0.27461751819054514,-0.829101214163446,-1.2142303859791832,-0.3291953780357165,-0.23855760955043356,1.5752620419646008,0.0,0.0,-0.7364906016639352,0.07589692051617515,0.9627557498998675,-0.12374258757197953,0.9536919799837233,0.5493971881446129
1.5803375681924914,0.8858113669445872,-0.31378087963814716,-0.16358429537944472,-0.3204758654601415,-0.1151257446135884,-0.16347599900787887,-0.12726169781785823,-0.14065746898533213,0.27461751819054514,-0.2700100702234291,-1.2142303859791832,0.2984089424800693,-0.23855760955043356,-1.2272034829967609,0.0,0.0,-0.7364906016639352,0.5366739355814746,-0.07111393835390431,-0.19444614768978338,-1.0485565790508873,0.5493971881446129
-0.1597950458800284,0.06457316506698858,-0.31378087963814716,-0.16358429537944472,-0.2923031616800149,-0.14483175024674738,-0.162454109837077,-0.12726169781785823,-0.14065746898533213,0.27461751819054514,-0.9802069287418289,-1.2142303859791832,2.0805481734327453,-0.23855760955043356,-0.7067455997896503,0.0,0.0,-0.5546892258113675,-0.12332792416181663,-0.3264081370708519,0.15742738405928586,-1.0485565790508873,0.5493971881446129
-0.6818607133773172,-1.5779032386882086,-0.31378087963814716,-0.16358429537944472,-0.35428310999629337,-0.17453775587990636,-0.16449788817868072,-0.12726169781785823,-0.14065746898533213,0.27461751819054514,0.6819559316203834,-1.2142303859791832,-0.9963292291331669,-0.23855760955043356,-1.0870802067486922,0.0,0.0,-0.7174964280673983,-0.10329414089810797,-0.32224024759188413,-0.10812203359246562,-1.0485565790508873,-1.8201767711573702
-0.7531691374702786,0.06457316506698858,-0.31378087963814716,-0.0964688243534557,-0.016210664634774438,0.21164031735116035,-0.12362232134660632,-0.10174084407775597,-0.14065746898533213,0.27461751819054514,-0.6931060710429013,-1.2142303859791832,1.9263245861387635,-0.23855760955043356,0.7883628551527908,0.0,0.0,0.4384347079504205,-0.13224717939263253,0.9627557498998675,0.9395323626198213,0.9536919799837233,0.5493971881446129
1.2503258051488408,-2.399141440565807,-0.31378087963814716,-0.16358429537944472,-0.34301402848424273,-0.14483175024674738,-0.1604103314954733,-0.12726169781785823,-0.14065746898533213,0.27461751819054514,-0.2700100702234291,-1.2142303859791832,-1.0746093832899606,-0.23855760955043356,-0.4264990472935146,0.0,0.0,-0.4624318111996167,-0.14703564826137264,0.9494396672975342,-0.22733152448876284,-1.0485565790508873,0.5493971881446129
-0.5243609817600141,0.8858113669445872,-0.31378087963814716,-0.16358429537944472,-0.258495917143863,-0.17453775587990636,-0.13384121305462493,-0.12323208933257893,-0.14065746898533213,-1.995553965517959,-0.4664474991753269,-1.2142303859791832,0.19130922908147124,-0.23855760955043356,0.5379858411672146,0.0,0.0,-0.2887707954598505,-0.13609729499789974,-0.5782055760576401,-1.350666100144778,-1.0485565790508873,0.5493971881446129
0.9380440858451825,0.8858113669445872,1.0009841999861062,-0.12523259765030814,-0.2246886726077111,-0.17453775587990636,-0.13486310222542677,-0.12054568367572605,-0.14065746898533213,0.27461751819054514,-0.2851206416812674,-1.2142303859791832,0.6473704086508167,-0.23855760955043356,0.3527579481676808,0.0,0.0,-0.7012157078417952,0.11173513279903179,0.8753350659853014,0.17081643032744134,0.9536919799837233,0.5493971881446129
-1.28895294099997,0.8858113669445872,-0.31378087963814716,-0.16358429537944472,-0.365552191508344,-0.17453775587990636,-0.16449788817868072,-0.12726169781785823,-0.14065746898533213,0.27461751819054514,-1.0104280716575054,-1.2142303859791832,1.1166507528453606,-0.23855760955043356,0.1490072658681935,0.0,0.0,-0.6957888010999276,-0.14545674358382163,-1.5576287384669998,1.141522284768719,-1.0485565790508873,-1.8201767711573702
-0.6843196245529366,0.06457316506698858,-0.31378087963814716,-0.1492024087310185,-0.30357224319206555,-0.14483175024674738,-0.15836655315386958,-0.12457529216100535,-0.14065746898533213,0.27461751819054514,-0.39089464188613543,-1.2142303859791832,-0.41353640233711275,-0.23855760955043356,0.8766882740806454,0.0,0.0,-0.6957888010999276,-0.0460734658246394,-0.32224024759188413,0.8498323482124729,0.9536919799837233,0.5493971881446129
1.2129244720038939,-2.399141440565807,-0.31378087963814716,0.11925947537293756,-0.07819061295105291,0.09281629481852444,-0.11033776212618213,-0.11517287236202031,0.2086096379820007,-1.995553965517959,-0.52688978500668,-1.2142303859791832,-1.5216741869338235,-0.23855760955043356,0.4342582210874752,0.0,0.0,0.21593153153384503,-0.1318660867488678,1.2098853973525376,-1.2484224740970462,0.9536919799837233,0.5493971881446129
-0.2547866670855341,0.8858113669445872,-0.31378087963814716,-0.019765428895182544,-0.1852468873155339,-0.1151257446135884,-0.12157854300500259,-0.10845685821988814,-0.14065746898533213,0.27461751819054514,0.25885993080091113,-1.2142303859791832,0.34149755444663726,-0.23855760955043356,0.33504049753294185,0.0,0.0,-0.43529727749027824,-0.10963718731985249,-0.8603242518026359,0.2144763638105574,0.9536919799837233,0.5493971881446129
0.037047264547184336,0.06457316506698858,-0.31378087963814716,-0.16358429537944472,-0.2641304578998883,-0.026007727714111476,-0.12157854300500259,-0.12726169781785823,-0.14065746898533213,0.27461751819054514,-0.14912549856072274,-1.2142303859791832,0.19333848680902366,-0.23855760955043356,-0.8822846491553626,0.0,0.0,-0.6767946275033906,-0.03289765248535389,0.7937221444573845,-0.5202643424365863,-1.0485565790508873,0.5493971881446129
1.4511800232836432,0.8858113669445872,-0.31378087963814716,-0.16358429537944472,-0.2866686209239896,-0.17453775587990636,-0.15632277481226584,-0.12457529216100535,-0.14065746898533213,2.544789001899049,-0.7233272139585779,-1.2142303859791832,0.152753332257976,-0.23855760955043356,1.15266803423233,0.0,0.0,-0.671367720761523,-0.06588062258084007,-1.455640001332804,-1.5573623194696715,-1.0485565790508873,0.5493971881446129
-0.26772830485195176,0.06457316506698858,0.34360166017397953,-0.038941277759750835,-0.2810340801679643,-0.17453775587990636,-0.1604103314954733,-0.11382966953359387,-0.14065746898533213,0.27461751819054514,-0.7384377854164161,-1.2142303859791832,1.3590021043073317,-0.23855760955043356,0.6975667951360444,0.0,0.0,-0.6659408140196552,-0.0667245365278461,-0.8603242518026359,-1.2556319605491297,0.9536919799837233,0.5493971881446129
0.3366461788397534,0.06457316506698858,2.9731318194224863,-0.053323164408177054,-0.24159229487578707,-0.14483175024674738,-0.10931587295538027,-0.10442724973460883,-0.14065746898533213,0.27461751819054514,2.525445649476655,-1.2142303859791832,-0.5245114343126341,-0.23855760955043356,-1.159375214683056,0.0,0.0,-0.6605139072777876,-0.036737460944231366,0.22490829069474474,0.36501292785316886,0.9536919799837233,0.5493971881446129
0.8179456873728265,0.06457316506698858,0.34360166017397953,-0.05811712662431912,-0.3148413247041162,-0.17453775587990636,-0.14814766144585095,-0.12457529216100535,-0.14065746898533213,0.27461751819054514,-0.20956778439207593,-1.2142303859791832,0.12961979416387823,-0.23855760955043356,-0.10818621834591334,0.0,0.0,-0.6469466404231183,-0.11060806177216033,0.21014974599229677,-1.1362617750310207,0.9536919799837233,0.5493971881446129
0.9758336681231221,0.06457316506698858,0.34360166017397953,-0.06770505105660327,-0.05565244992695165,-0.08541973898042943,-0.054133857732079814,-0.09502482993562378,-0.14065746898533213,-1.995553965517959,-0.31534178459694395,-1.2142303859791832,-0.8256025496382198,-0.23855760955043356,-0.11511398896447443,0.0,0.0,-0.6442331870521845,0.08442982820256958,0.2566349450779528,0.9419263172526958,0.9536919799837233,0.5493971881446129
1.0574954024292176,0.06457316506698858,-0.31378087963814716,-0.16358429537944472,0.07957652821765593,-0.14483175024674738,-0.10318453793056911,-0.11248646670516745,-0.14065746898533213,0.27461751819054514,-0.2548994987655908,-1.2142303859791832,-0.5284008449571096,-0.23855760955043356,-0.19526112836197354,0.0,0.0,-0.5574026791823014,0.026205281636584043,1.887783148630462,-1.7105754159737239,-1.0485565790508873,0.5493971881446129
1.2498081396381842,0.8858113669445872,-0.31378087963814716,-0.16358429537944472,-0.365552191508344,-0.17453775587990636,-0.16347599900787887,-0.12726169781785823,-0.14065746898533213,0.27461751819054514,-0.10379378418720787,-1.2142303859791832,-0.18461076494760884,-0.23855760955043356,0.2329046056385701,0.0,0.0,-0.6930753477289937,-0.14595867933008014,0.9494396672975342,-0.0024535802016297545,-1.0485565790508873,0.5493971881446129
-0.5617623149049612,0.8858113669445872,-0.31378087963814716,-0.16358429537944472,-0.3261104062161668,-0.17453775587990636,-0.16347599900787887,-0.12726169781785823,-0.14065746898533213,-1.995553965517959,0.09264364476468993,-1.2142303859791832,0.5258275339024646,-0.23855760955043356,0.448344688011884,0.0,0.0,-0.6930753477289937,-0.0862283255253191,-0.0044208516090499346,0.9187847558015626,-1.0485565790508873,0.5493971881446129
1.6110092496989012,0.06457316506698858,-0.31378087963814716,0.10967155094065341,0.18099826182611162,0.12252230045168341,-0.08070297617292818,-0.10980006104831457,-0.14065746898533213,0.27461751819054514,-0.7233272139585779,-1.2142303859791832,-0.9268117787998951,-0.23855760955043356,0.7300740265000645,0.0,0.0,-0.025565818479267338,-0.09747624929374812,-0.9530319324858647,0.7336522641924992,0.9536919799837233,0.5493971881446129
0.6384451715526134,0.06457316506698858,-0.31378087963814716,-0.15399637094716057,-0.2866686209239896,-0.05571373334727045,-0.15427899647066212,-0.12591849498943178,-0.14065746898533213,0.27461751819054514,-0.9499857858261522,-1.2142303859791832,1.8106568956682776,-0.23855760955043356,-0.32641099283060854,0.0,0.0,-0.687648440987126,-0.0392973332501497,-1.4612372771973,0.28239181589540546,0.9536919799837233,0.5493971881446129
-1.2210093427262774,0.06457316506698858,0.34360166017397953,-0.038941277759750835,0.5923197370159596,0.09281629481852444,0.018420273394852273,-0.046669528112272124,-0.14065746898533213,0.27461751819054514,0.561071359957677,-1.2142303859791832,-0.22005030168950618,3.3727386687201353,-0.8697461456292405,0.0,0.0,-0.687648440987126,1.158722905919629,-0.8250350993391762,-1.2517697356640847,0.9536919799837233,0.5493971881446129
-0.6152112788802662,0.8858113669445872,-0.31378087963814716,1.0301122964399314,0.01759657990137746,-0.17453775587990636,0.044989391835700644,-0.08159280165135943,-0.14065746898533213,-1.995553965517959,-0.37578407042829715,-1.2142303859791832,0.7310917846104062,-0.23855760955043356,-0.7067455997896503,0.0,0.0,-0.6849349876161922,0.3501689532931391,0.01712614564697976,-1.4921031161774767,0.9536919799837233,0.5493971881446129
-0.19292563856205766,0.06457316506698858,0.34360166017397953,0.42127909498988814,0.06267290594957999,0.12252230045168341,0.002070046662022509,-0.06010155639653647,1.9937526291483685,0.27461751819054514,1.996575648452315,-1.2142303859791832,-0.5351189178884762,-0.23855760955043356,-0.5193343441866451,0.0,0.0,-0.6822215342452583,0.38308159722637475,-0.3264081370708519,0.7215784060440819,0.9536919799837233,0.5493971881446129
-1.5453267851527042,-2.399141440565807,-0.31378087963814716,-0.16358429537944472,-0.3599176507523187,-0.17453775587990636,-0.16449788817868072,-0.12726169781785823,-0.14065746898533213,0.27461751819054514,0.9841673607771492,-1.2142303859791832,-1.1037153054018154,-0.23855760955043356,-1.0327466914688292,0.0,0.0,0.0694050495034173,-0.15346421351577155,0.1997550234776168,0.010147875109575417,-1.0485565790508873,-1.8201767711573702
-1.091075299551444,0.06457316506698858,1.0009841999861062,-0.04852920219203498,-0.19651596882758454,-0.14483175024674738,-0.08989997871014492,-0.045326325283845684,-0.14065746898533213,0.27461751819054514,0.9388356464036344,-1.2142303859791832,-0.42558512009445476,-0.23855760955043356,-0.9232864709050174,0.0,0.0,-0.014712004995531951,-0.1367253090724145,1.095105628498168,-0.34471071612891085,0.9536919799837233,0.5493971881446129
0.8466761232142738,0.8858113669445872,-0.31378087963814716,-0.16358429537944472,-0.365552191508344,-0.17453775587990636,-0.16347599900787887,-0.12726169781785823,-0.14065746898533213,0.27461751819054514,-0.6628849281272247,-1.2142303859791832,3.0058896971966336,-0.23855760955043356,1.2071962932945606,0.0,0.0,-0.6767946275033906,-0.14809190625167876,0.21014974599229677,-0.5742192087876643,-1.0485565790508873,0.5493971881446129
0.7402958607743205,0.06457316506698858,-0.31378087963814716,-0.13961448429873435,-0.19651596882758454,-0.1151257446135884,-0.12464421051740818,-0.12054568367572605,-0.14065746898533213,0.27461751819054514,-0.05846206981369299,-1.2142303859791832,0.5446071407906432,-0.23855760955043356,0.45032869743785725,0.0,0.0,-0.6740811741324568,0.0359629125438492,-0.7418753830924125,0.4451975897664036,0.9536919799837233,0.5493971881446129
1.5855142232990584,0.06457316506698858,-0.31378087963814716,-0.16358429537944472,-0.35428310999629337,-0.17453775587990636,-0.16449788817868072,-0.12726169781785823,-0.14065746898533213,0.27461751819054514,-0.30023121313910567,-1.2142303859791832,0.26842102272846174,-0.23855760955043356,-0.4992903596301729,0.0,0.0,-0.6686542673905891,-0.1374257716436857,0.9297763856836935,-0.9502118981244907,-1.0485565790508873,-1.8201767711573702
0.7079417663582763,-2.399141440565807,-0.31378087963814716,-0.16358429537944472,-0.365552191508344,-0.17453775587990636,-0.16347599900787887,-0.12726169781785823,-0.14065746898533213,0.27461751819054514,0.09264364476468993,-1.2142303859791832,-1.2132270123458608,-0.23855760955043356,-1.2420313429171912,0.0,0.0,-0.07983488589794428,-0.1538621102199373,2.6855336471000912,-0.19201019385282303,-1.0485565790508873,0.5493971881446129
-1.2942590124842013,0.8858113669445872,0.34360166017397953,0.3685455106123253,0.50780162567558,-0.05571373334727045,-0.02654285012042958,-0.013089457401611245,2.6340756585884786,0.27461751819054514,-0.9046540714526374,-1.2142303859791832,0.4612005068459388,-0.23855760955043356,1.5752620419646008,0.0,0.0,-0.4841394381670875,0.09772320017716302,-1.5576287384669998,-0.4049125592032466,0.9536919799837233,0.5493971881446129
-0.2505159266226163,0.8858113669445872,-0.31378087963814716,-0.16358429537944472,-0.35428310999629337,-0.17453775587990636,-0.162454109837077,-0.12726169781785823,-0.14065746898533213,0.27461751819054514,-0.39089464188613543,-1.2142303859791832,0.6205648803830532,-0.23855760955043356,-0.28760133905927765,0.0,0.0,-0.4814259847961536,-0.1496918264428777,-0.8603242518026359,-0.9481252935112705,-1.0485565790508873,0.5493971881446129
0.05775388497345261,0.8858113669445872,-0.31378087963814716,-0.15879033316330265,-0.3599176507523187,-0.17453775587990636,-0.16347599900787887,-0.12726169781785823,-0.14065746898533213,0.27461751819054514,-0.8139906427056076,-1.2142303859791832,1.0973728044336128,-0.23855760955043356,1.03192688916597,0.0,0.0,-0.7283502415511337,-0.09305465167443464,0.7937221444573845,-0.29780018905800265,0.9536919799837233,0.5493971881446129
1.1005910561913883,-1.5779032386882086,-0.31378087963814716,-0.16358429537944472,-0.3599176507523187,-0.17453775587990636,-0.16449788817868072,-0.12726169781785823,-0.14065746898533213,0.27461751819054514,2.7974359357177443,-1.2142303859791832,-1.1081997479467942,-0.23855760955043356,-1.7599798959839204,0.0,0.0,-0.7202098814383322,-0.11609350242769961,1.887783148630462,0.878376029267662,-1.0485565790508873,-1.8201767711573702
0.6846468183787245,0.06457316506698858,-0.31378087963814716,-0.16358429537944472,-0.3599176507523187,-0.17453775587990636,-0.16449788817868072,-0.12726169781785823,-0.14065746898533213,0.27461751819054514,-0.8593223570791225,-1.2142303859791832,0.05250800051688774,-0.23855760955043356,0.9413710303661973,0.0,0.0,-0.7174964280673983,-0.12035995627089684,0.4406937495547577,-0.13415629022498937,-1.0485565790508873,-1.8201767711573702
0.3479054036965368,-0.75666503681061,-0.31378087963814716,-0.13961448429873435,-0.2923031616800149,-0.17453775587990636,-0.15427899647066212,-0.12726169781785823,-0.14065746898533213,0.27461751819054514,-0.11890435564504617,-1.2142303859791832,-0.9742197947920502,-0.23855760955043356,0.7237666532503279,0.0,0.0,-0.6388062803103167,-0.09790493604354306,0.22490829069474474,0.38963741038162675,0.9536919799837233,0.5493971881446129
0.42011974243314737,0.06457316506698858,0.34360166017397953,-0.11085071100188193,-0.20778505033963518,-0.1151257446135884,-0.1369068805670305,-0.12054568367572605,-0.14065746898533213,0.27461751819054514,-0.013130355440178116,-1.2142303859791832,0.046724615993363555,-0.23855760955043356,0.34174439777311333,0.0,0.0,0.2837678658071912,-0.14270804783050128,-0.7007813668592946,-0.7139462217168905,0.9536919799837233,0.5493971881446129
-0.7452747384327638,0.8858113669445872,-0.31378087963814716,-0.15399637094716057,-0.35428310999629337,-0.17453775587990636,-0.16449788817868072,-0.12726169781785823,-0.14065746898533213,0.27461751819054514,-0.2548994987655908,-1.2142303859791832,-0.1385578881862115,-0.23855760955043356,-0.7854355184708316,0.0,0.0,-0.706642614583663,-0.11904720124222076,0.9627557498998675,-0.54711346439607,0.9536919799837233,-1.8201767711573702
-1.225021250433867,0.06457316506698858,-0.31378087963814716,-0.16358429537944472,-0.35428310999629337,-0.17453775587990636,-0.1604103314954733,-0.12591849498943178,-0.14065746898533213,0.27461751819054514,-0.8442117856212842,-1.2142303859791832,0.19130922908147074,-0.23855760955043356,1.5752620419646008,0.0,0.0,-0.3756013033297336,-0.1510784239419168,0.08020828975698321,-1.0165805676642465,-1.0485565790508873,0.5493971881446129
0.018670138918871242,0.8858113669445872,-0.31378087963814716,-0.15399637094716057,-0.23032321336373643,0.003698277919047501,-0.10522831627217283,-0.11920248084729962,-0.14065746898533213,0.27461751819054514,-0.3304523560547823,-1.2142303859791832,-0.2930492247636896,-0.23855760955043356,0.06827586344764247,0.0,0.0,-0.04184653870487042,-0.13960860849369358,0.7937221444573845,0.3236536565960108,0.9536919799837233,0.5493971881446129
-1.1209704827918687,0.8858113669445872,-0.31378087963814716,-0.16358429537944472,-0.3599176507523187,-0.17453775587990636,-0.162454109837077,-0.12726169781785823,-0.14065746898533213,0.27461751819054514,-0.421115784801812,-1.2142303859791832,0.024233676179657992,-0.23855760955043356,0.8469617307664369,0.0,0.0,-0.2887707954598505,-0.15265215781461708,-1.2549162280750763,1.0866841697342529,-1.0485565790508873,0.5493971881446129
1.3225401438854514,0.06457316506698858,2.9731318194224863,1.2506345583824667,4.390000206577023,4.073421049661827,2.3892031496551684,1.722328596925343,-0.10185001265562847,-1.995553965517959,2.072128505741506,-1.2142303859791832,-0.7301153256921803,1.0856002687197774,-1.5463521849633857,0.0,0.0,0.7884701928008868,0.07562459367512002,1.384564273264258,-0.7638905732985098,0.9536919799837233,0.5493971881446129
0.006246166663110281,0.06457316506698858,0.34360166017397953,-0.16358429537944472,-0.06692153143900229,0.06311028918536546,-0.09603131373495609,-0.12188888650415249,-0.14065746898533213,0.27461751819054514,0.1681965020538814,-1.2142303859791832,-0.9798491966791052,0.1739525991342993,0.24851341303771046,0.0,0.0,-0.617098653342846,0.02581246235690349,0.7937221444573845,-0.18259211651805748,-1.0485565790508873,0.5493971881446129
0.7547904950727082,0.06457316506698858,-0.31378087963814716,-0.16358429537944472,-0.33737948772821746,-0.17453775587990636,-0.16449788817868072,-0.12726169781785823,-0.14065746898533213,0.27461751819054514,-0.6326637852115481,-1.2142303859791832,-0.07858204868299677,-0.23855760955043356,1.2295033083654707,0.0,0.0,-0.687648440987126,-0.10841388550994462,-0.7418753830924125,-0.31402933604970534,-1.0485565790508873,-1.8201767711573702
0.5186056058355858,0.8858113669445872,1.6583667397982327,0.06652589099537476,-0.004941583122723805,0.2710523286174783,0.018420273394852273,-0.09099522145034449,0.053379812663186116,-1.995553965517959,2.2383447917777275,-1.2142303859791832,-0.4626340703012254,1.6458588122071793,-0.8807103079054454,0.0,0.0,0.6365168040285913,-0.1348390240379677,0.48190937141612833,-0.14769877349571955,0.9536919799837233,0.5493971881446129
0.931832099717302,0.06457316506698858,-0.31378087963814716,0.22472664412806315,1.3417136575673267,0.033404283552206475,0.3556436997594662,0.020490613309049634,-0.08244628449077665,0.27461751819054514,0.24374935934307287,-1.2142303859791832,-1.3346925820379247,-0.23855760955043356,-0.18012845169251598,0.0,0.0,1.3013128799073839,-0.09248352478546482,0.8753350659853014,0.6703308487932442,0.9536919799837233,0.5493971881446129
-1.8073949499226618,0.8858113669445872,7.5748095981073735,0.061731928779232684,0.383841729043023,0.3007583342506373,0.10119329622980297,-0.039953513970139944,-0.14065746898533213,2.544789001899049,7.25505451578004,-1.2142303859791832,-0.37625422710510753,-0.23855760955043356,-1.3646216766917778,0.0,0.0,-0.10154251286541506,-0.06728237795044331,-1.6917206589063898,0.5779158101024421,0.9536919799837233,0.5493971881446129
0.5309001617136826,0.8858113669445872,-0.31378087963814716,-0.16358429537944472,-0.35428310999629337,-0.17453775587990636,-0.16449788817868072,-0.12726169781785823,-0.14065746898533213,-1.995553965517959,-0.16423607001856105,-1.2142303859791832,0.53831230049293,-0.23855760955043356,-1.6338112042523156,0.0,0.0,-0.6740811741324568,-0.13606050641386258,0.48190937141612833,-0.7915212701962375,-1.0485565790508873,-1.8201767711573702
-1.7738761081076402,0.8858113669445872,-0.31378087963814716,-0.07249901327274534,-0.16834326504745797,-0.1151257446135884,-0.0980750920765598,-0.11517287236202031,-0.14065746898533213,2.544789001899049,-0.14912549856072274,-1.2142303859791832,-0.463223019374534,-0.23855760955043356,0.17094964703890736,0.0,0.0,-0.6605139072777876,0.029819219009645202,-1.6917206589063898,1.2100124060635151,0.9536919799837233,0.5493971881446129
1.230654515743886,-1.5779032386882086,-0.31378087963814716,-0.13961448429873435,1.009275752961833,0.5384063793159091,0.015354605882446694,-0.08562241013663874,-0.12125374082048031,0.27461751819054514,-1.0557597860310204,-1.2142303859791832,-1.312370747034849,-0.23855760955043356,1.5752620419646008,0.0,0.0,0.8264585399939606,-0.08938756816353434,0.9494396672975342,-3.4040589232700875,0.9536919799837233,0.5493971881446129
1.468780650645971,-0.75666503681061,0.34360166017397953,-0.12523259765030814,-0.2866686209239896,-0.17453775587990636,-0.1522352181290584,-0.12591849498943178,-0.14065746898533213,0.27461751819054514,-0.4664474991753269,-1.2142303859791832,-1.258626163583916,-0.23855760955043356,0.5379858411672146,0.0,0.0,-0.7364906016639352,0.997450950646774,-1.3456603565416556,-0.8394479699061121,0.9536919799837233,0.5493971881446129
1.34790575390763,0.8858113669445872,-0.31378087963814716,-0.16358429537944472,-0.3261104062161668,-0.17453775587990636,-0.15938844232467142,-0.12726169781785823,-0.14065746898533213,-1.995553965517959,0.01709078747549847,-1.2142303859791832,-0.20196091851818176,-0.23855760955043356,-0.07619085667334458,0.0,0.0,-0.07440797915607658,-0.1494967142244388,1.384564273264258,0.4632613882897875,-1.0485565790508873,0.5493971881446129
-1.1199351517705554,0.06457316506698858,-0.31378087963814716,-0.16358429537944472,-0.34864856924026805,-0.1151257446135884,-0.15836655315386958,-0.12726169781785823,-0.14065746898533213,0.27461751819054514,2.57077736385017,-1.2142303859791832,0.01919127818998242,-0.23855760955043356,-0.19445817000808388,0.0,0.0,-0.7202098814383322,-0.07769541783892465,-1.2549162280750763,1.079358855666569,-1.0485565790508873,0.5493971881446129
-0.14077083836339443,0.06457316506698858,-0.31378087963814716,-0.16358429537944472,-0.3599176507523187,-0.17453775587990636,-0.16449788817868072,-0.12726169781785823,-0.14065746898533213,0.27461751819054514,1.1352730753555322,-1.2142303859791832,0.07600873762835131,-0.23855760955043356,-0.022143307263375538,0.0,0.0,-0.7202098814383322,-0.11609350242769961,-0.35445850688810554,0.34487403181346443,-1.0485565790508873,-1.8201767711573702
1.618774232358752,0.06457316506698858,-0.31378087963814716,-0.16358429537944472,-0.35428310999629337,-0.17453775587990636,-0.16449788817868072,-0.12726169781785823,-0.14065746898533213,0.27461751819054514,-0.2397889273077525,-1.2142303859791832,-0.3425416500130804,-0.23855760955043356,0.9950906076202998,0.0,0.0,-0.7147829746964645,-0.10841388550994462,-0.9530319324858647,0.8913286659442862,-1.0485565790508873,-1.8201767711573702
0.6845174020010604,-1.5779032386882086,-0.31378087963814716,-0.16358429537944472,-0.34864856924026805,-0.17453775587990636,-0.16347599900787887,-0.12726169781785823,-0.14065746898533213,0.27461751819054514,-0.19445721293423762,-1.2142303859791832,-0.1433008754938638,-0.23855760955043356,0.6550976702894988,0.0,0.0,-0.7120695213255306,-0.0986398276146201,0.4406937495547577,0.39324736026615476,-1.0485565790508873,0.5493971881446129
1.3477763375299658,0.8858113669445872,-0.31378087963814716,-0.16358429537944472,-0.35428310999629337,-0.17453775587990636,-0.16449788817868072,-0.12726169781785823,-0.14065746898533213,-1.995553965517959,-0.4815580706331652,-1.2142303859791832,-0.5319508634292032,-0.23855760955043356,1.3099123161792223,0.0,0.0,-0.706642614583663,-0.11904720124222076,1.384564273264258,0.05716522363263355,-1.0485565790508873,-1.8201767711573702
-0.8679614644584033,-1.5779032386882086,-0.31378087963814716,-0.1492024087310185,-0.2528613763878377,-0.17453775587990636,-0.13077554554221935,-0.12726169781785823,-0.14065746898533213,0.27461751819054514,0.07753307330685164,-1.2142303859791832,-0.7858073561311119,-0.23855760955043356,0.006381788258553268,0.0,0.0,-0.5438354123276321,-0.11030748968144584,0.15759187832582447,0.34487403181346443,0.9536919799837233,0.5493971881446129
-1.5112902778270256,0.06457316506698858,0.34360166017397953,-0.14440844651487644,-0.29793770243604023,-0.14483175024674738,-0.1266879888590119,-0.12457529216100535,-0.14065746898533213,0.27461751819054514,-0.829101214163446,-1.2142303859791832,0.1219086147991795,-0.23855760955043356,0.4342582210874752,0.0,0.0,-0.12596359320381967,-0.1456955500181649,-0.6297126490264175,1.0946606228301738,0.9536919799837233,0.5493971881446129
-1.4424407649096835,-1.5779032386882086,2.9731318194224863,0.023380231050096106,-0.0387488276588757,0.18193431171800137,0.023529719248861578,0.06347310381869556,-0.10185001265562847,0.27461751819054514,1.029499075150664,-1.2142303859791832,0.9277592583235301,-0.23855760955043356,-1.376985606458732,0.0,0.0,0.21864498490477888,-0.12889286395729127,-0.5668106997522169,-0.016911106509284894,0.9536919799837233,0.5493971881446129
-0.25077475937794463,0.8858113669445872,-0.31378087963814716,-0.16358429537944472,-0.30920678394809087,-0.17453775587990636,-0.15632277481226584,-0.12726169781785823,-0.14065746898533213,0.27461751819054514,-0.6175532137537099,-1.2142303859791832,-0.7494546534118166,-0.23855760955043356,0.5684939647200765,0.0,0.0,-0.687648440987126,-0.07001580092116966,-0.8603242518026359,-2.0698798421962348,-1.0485565790508873,0.5493971881446129
-1.2744583067015822,0.8858113669445872,0.34360166017397953,-0.14440844651487644,-0.3204758654601415,-0.14483175024674738,-0.1522352181290584,-0.11920248084729962,-0.14065746898533213,0.27461751819054514,0.001980216017660177,-1.2142303859791832,-0.8955998623237325,-0.23855760955043356,-0.09821022865518315,0.0,0.0,0.39501945401547894,-0.15119246757686622,0.08020828975698321,0.16992382724289798,0.9536919799837233,0.5493971881446129
-0.7584752089545098,0.06457316506698858,-0.31378087963814716,-0.13961448429873435,-0.3204758654601415,-0.17453775587990636,-0.16143222066627516,-0.12726169781785823,-0.14065746898533213,0.27461751819054514,4.640925653574016,-1.2142303859791832,-0.3284823560203358,-0.23855760955043356,-2.218127624302284,0.0,0.0,-0.5981044797463091,-0.1284098691825897,0.9627557498998675,-0.16741471231051813,0.9536919799837233,0.5493971881446129
-1.6043406533675686,-0.75666503681061,1.6583667397982327,20.50318681840903,8.159507972357959,3.7763609933302376,14.598734962395795,13.921296684694227,6.301380281745474,2.544789001899049,0.22863878788523456,-1.2142303859791832,-0.14027148360058928,-0.23855760955043356,-0.5799673974699702,0.0,0.0,0.3977329073864128,0.39917222314929,-1.68924287342001,-0.03001926369489107,0.9536919799837233,0.5493971881446129
-1.3632379417792075,0.06457316506698858,-0.31378087963814716,-0.15879033316330265,-0.35428310999629337,-0.17453775587990636,-0.16449788817868072,-0.12591849498943178,-0.14065746898533213,0.27461751819054514,-0.677995499585063,-1.2142303859791832,-0.1887417538929836,-0.23855760955043356,-0.32641099283060854,0.0,0.0,-0.6767946275033906,-0.1352925447220871,-0.12446840774978787,-0.7173236387935414,0.9536919799837233,-1.8201767711573702
0.32111621352005215,0.06457316506698858,2.9731318194224863,0.3733394728284674,1.0712557012781114,0.5681123849490681,0.4557888384980485,0.2649535280826608,-0.12125374082048031,0.27461751819054514,0.001980216017660177,-1.2142303859791832,-0.8326961670191657,-0.23855760955043356,0.20605745691204982,0.0,0.0,0.07211850287435115,-0.02342612495345605,0.22490829069474474,0.01996650903955578,0.9536919799837233,0.5493971881446129
1.2052889057217073,0.8858113669445872,-0.31378087963814716,-0.16358429537944472,-0.365552191508344,-0.17453775587990636,-0.16347599900787887,-0.12726169781785823,-0.14065746898533213,0.27461751819054514,0.01709078747549847,-1.2142303859791832,-0.36572201713165964,-0.23855760955043356,0.22407330671537243,0.0,0.0,-0.671367720761523,-0.14858418938743226,-0.8865596275407771,1.4251586596599084,-1.0485565790508873,0.5493971881446129
1.0757431116798666,0.06457316506698858,-0.31378087963814716,0.03776211769852232,1.9502440592180608,1.4592925539438375,0.24323589097126155,-0.06010155639653647,0.40264691963051896,0.27461751819054514,0.27397050225874947,-1.2142303859791832,0.1221151642464484,-0.23855760955043356,-0.5104438671656286,0.0,0.0,0.6555109776251282,-0.031617716332394706,1.887783148630462,-1.1788858144463028,0.9536919799837233,0.5493971881446129
1.3336699523645705,0.06457316506698858,1.0009841999861062,-0.15879033316330265,-0.26976499865591363,-0.08541973898042943,-0.13895065890863423,-0.12188888650415249,-0.14065746898533213,-1.995553965517959,-0.07357264127153129,-1.2142303859791832,-0.640052296175148,-0.23855760955043356,-0.21774396227088264,0.0,0.0,-0.5791103061497721,-0.10841388550994462,1.384564273264258,-0.8333620397842241,0.9536919799837233,0.5493971881446129
-1.4776420196343396,0.06457316506698858,-0.31378087963814716,-0.16358429537944472,-0.35428310999629337,-0.17453775587990636,-0.1573446639830677,-0.12591849498943178,-0.14065746898533213,0.27461751819054514,-0.5420003564645184,-1.2142303859791832,-0.47859947822676124,-0.23855760955043356,0.4050017128598567,0.0,0.0,-0.7392040550348691,0.30628542804882486,-0.6297126490264175,0.5948028954857003,-1.0485565790508873,0.5493971881446129
-0.4159100572774341,0.06457316506698858,-0.31378087963814716,-0.11085071100188193,-0.24159229487578707,-0.17453775587990636,-0.14916955061665282,-0.12323208933257893,-0.14065746898533213,0.27461751819054514,-0.829101214163446,-1.2142303859791832,1.3149382222233366,-0.23855760955043356,0.4342582210874752,0.0,0.0,-0.5763968527788382,-0.09657972173504349,0.10425151138888096,3.5314670436344837,0.9536919799837233,0.5493971881446129
0.45234442047152734,0.06457316506698858,-0.31378087963814716,-0.16358429537944472,-0.3204758654601415,-0.1151257446135884,-0.16143222066627516,-0.12591849498943178,-0.14065746898533213,0.27461751819054514,0.21352821642739628,-1.2142303859791832,-0.39091721286660625,-0.23855760955043356,0.2932352769341217,0.0,0.0,-0.6605139072777876,-0.10841388550994462,0.16008876236159203,-0.24063347465464086,-1.0485565790508873,0.5493971881446129
0.6709286823463217,0.8858113669445872,-0.31378087963814716,-0.16358429537944472,-0.365552191508344,-0.17453775587990636,-0.16449788817868072,-0.12726169781785823,-0.14065746898533213,0.27461751819054514,1.6188113620063576,-1.2142303859791832,-0.03525256463373483,-0.23855760955043356,-1.4339788043047415,0.0,0.0,-0.6550870005359198,-0.1496918264428777,1.6646001096915513,0.2480609280283401,-1.0485565790508873,-1.8201767711573702
1.420249509021905,-2.399141440565807,-0.31378087963814716,-0.16358429537944472,-0.34864856924026805,-0.17453775587990636,-0.16449788817868072,-0.12726169781785823,-0.14065746898533213,0.27461751819054514,-0.16423607001856105,-1.2142303859791832,-1.5938287938463649,-0.23855760955043356,-0.5641201221800102,0.0,0.0,-0.15852503365502585,-0.15163405514010062,-0.3695037486790324,-0.6743671153498766,-1.0485565790508873,-1.8201767711573702
0.2443723015651954,0.8858113669445872,6.26004451848312,3.019606616138891,2.846136039426086,1.2810565201448836,3.878095671513479,7.49944396198744,0.24741709431170433,0.27461751819054514,1.5130373618014894,-1.2142303859791832,-0.37257076196214883,0.717855281006302,-0.9023462547971588,0.0,0.0,0.8318854467358283,-0.0032825780496435566,1.9915405920719578,0.34487403181346443,0.9536919799837233,0.5493971881446129
-0.5643506424582447,0.06457316506698858,-0.31378087963814716,-0.16358429537944472,1.043082997497985,0.657230401848545,-0.04493685519486307,-0.11651607519044675,-0.14065746898533213,-1.995553965517959,-0.17934664147639934,-1.2142303859791832,0.15605812341427538,-0.23855760955043356,0.48859173636733816,0.0,0.0,0.340750386596802,-0.057870842838203755,-0.0044208516090499346,-0.26804675290654595,-1.0485565790508873,0.5493971881446129
0.42568464667270695,0.06457316506698858,-0.31378087963814716,-0.16358429537944472,-0.30357224319206555,-0.17453775587990636,-0.15836655315386958,-0.12591849498943178,-0.14065746898533213,0.27461751819054514,-0.028240926898016407,-1.2142303859791832,-0.2723761616642495,4.224919924040687,0.7937525756104045,0.0,0.0,-0.23992863478304124,-0.14452884074479244,-0.7007813668592946,1.8958024598069338,-1.0485565790508873,0.5493971881446129
-0.4474876534274932,-0.75666503681061,-0.31378087963814716,-0.10126278656959778,-0.1852468873155339,-0.17453775587990636,-0.14099443725023794,-0.11651607519044675,-0.14065746898533213,-1.995553965517959,0.30419164517442604,-1.2142303859791832,-0.07416418550530468,-0.23855760955043356,-0.46653426907867707,0.0,0.0,-0.31590532916918895,-0.12220784710744086,0.22152724227200443,-0.641687272155891,0.9536919799837233,0.5493971881446129
1.450403525017658,0.06457316506698858,-0.31378087963814716,-0.16358429537944472,-0.35428310999629337,-0.17453775587990636,-0.16143222066627516,-0.12726169781785823,-0.14065746898533213,2.544789001899049,-0.7384377854164161,-1.2142303859791832,0.5554482546367052,-0.23855760955043356,0.6975667951360444,0.0,0.0,-0.7256367881801998,-0.07769541783892465,-1.455640001332804,0.04207560082594621,-1.0485565790508873,0.5493971881446129
0.020093719073177186,0.06457316506698858,-0.31378087963814716,-0.15399637094716057,-0.20778505033963518,-0.14483175024674738,-0.12055665383420074,-0.12188888650415249,-0.12125374082048031,0.27461751819054514,0.7877299318252514,-1.2142303859791832,0.01918468969086695,-0.23855760955043356,-0.5809656510315425,0.0,0.0,0.36245801356427276,-0.14354766118773282,0.7937221444573845,0.6489213502178787,0.9536919799837233,0.5493971881446129
-1.2973650055481416,0.8858113669445872,-0.31378087963814716,-0.16358429537944472,-0.2866686209239896,-0.1151257446135884,-0.14916955061665282,-0.12323208933257893,-0.14065746898533213,0.27461751819054514,-0.783769499789931,-1.2142303859791832,0.6077129147752213,-0.23855760955043356,1.5752620419646008,0.0,0.0,-0.5356950522148306,-0.12417730970954698,-1.5576287384669998,2.007444298850518,-1.0485565790508873,0.5493971881446129
1.3871189163398756,0.06457316506698858,0.34360166017397953,0.08570173985994305,0.6768378483563394,0.8354664356474989,0.053164505202115526,-0.010403051744758375,-0.14065746898533213,0.27461751819054514,0.3193022166322643,-1.2142303859791832,-0.4396054462120898,-0.23855760955043356,-0.08870186348120815,0.0,0.0,0.12910102366396195,-0.0654941573153887,-0.9421468236501976,-0.8696240400938121,0.9536919799837233,0.5493971881446129
-0.9722710648557297,-1.5779032386882086,-0.31378087963814716,0.1288473998052217,0.40074535131109895,0.06311028918536546,0.05418639437291739,-0.08159280165135943,-0.04363882816107301,0.27461751819054514,-0.4513369277174886,-1.2142303859791832,0.268421022728462,-0.23855760955043356,-0.19963279051092833,0.0,0.0,-0.6957888010999276,1.0832819632569768,0.03136051873977767,-0.3632577485912073,0.9536919799837233,0.5493971881446129
1.2147363012911923,0.06457316506698858,-0.31378087963814716,0.056937966563090615,-0.15707418353540734,-0.08541973898042943,-0.07150597363571144,0.003028976539505977,0.5966842012790372,-1.995553965517959,0.03220135893333676,-1.2142303859791832,0.7221942699588304,-0.23855760955043356,-0.3511080452305461,0.0,0.0,0.05312432927781422,-0.13457176156427733,1.2098853973525376,-0.4195187914957797,0.9536919799837233,0.5493971881446129
-0.3779910586218303,-0.75666503681061,0.34360166017397953,-0.0629110888404612,0.29368907694661794,-0.026007727714111476,-0.012236401729203535,-0.10174084407775597,-0.14065746898533213,0.27461751819054514,1.4525950759701363,-1.2142303859791832,-0.3088389429995354,-0.23855760955043356,-0.8268512651451377,0.0,0.0,0.3868790939026774,-0.11092452950228762,0.25910696682602397,-0.46849095434793886,0.9536919799837233,0.5493971881446129
-0.21117334781270655,0.06457316506698858,0.34360166017397953,0.5075704148804454,3.0602485881550483,0.47899436804959117,0.6724293427080429,0.16958612726438393,0.6354916576087408,0.27461751819054514,0.6064030743311919,-1.2142303859791832,-0.811915206265879,2.977729435472973,-0.2106569820169873,0.0,0.0,-0.3566071297331967,0.5042248500134957,-0.3264081370708519,0.5241708253174618,0.9536919799837233,0.5493971881446129
1.5799493190594989,0.8858113669445872,-0.31378087963814716,-0.16358429537944472,-0.34864856924026805,-0.17453775587990636,-0.16449788817868072,-0.12726169781785823,-0.14065746898533213,0.27461751819054514,-0.6477743566693864,-1.2142303859791832,-0.08822102288887058,-0.23855760955043356,1.218698347940499,0.0,0.0,-0.6849349876161922,-0.1252359035202651,-0.07111393835390431,0.6729056653832749,-1.0485565790508873,-1.8201767711573702
0.35191731140412624,0.8858113669445872,0.34360166017397953,-0.1492024087310185,-0.20778505033963518,-0.17453775587990636,-0.14610388310424724,-0.12323208933257893,-0.14065746898533213,0.27461751819054514,-0.30023121313910567,-1.2142303859791832,-0.02546933367103885,-0.23855760955043356,-0.08437987931121917,0.0,0.0,-0.6795080808743245,0.03916831786604259,0.22490829069474474,0.07222436235284241,0.9536919799837233,0.5493971881446129
-0.7936764636791659,-2.399141440565807,-0.31378087963814716,-0.16358429537944472,-0.365552191508344,-0.17453775587990636,-0.16449788817868072,-0.12726169781785823,-0.14065746898533213,-1.995553965517959,0.7121770745360599,-1.2142303859791832,-1.6706979280028582,-0.23855760955043356,-1.2304850585529223,0.0,0.0,-0.6767946275033906,-0.14809190625167876,-0.6862124609088535,-0.21439301558424545,-1.0485565790508873,-1.8201767711573702
-0.7938058800568301,0.8858113669445872,-0.31378087963814716,-0.16358429537944472,-0.35428310999629337,-0.17453775587990636,-0.1604103314954733,-0.12726169781785823,-0.14065746898533213,-1.995553965517959,-0.8744329285369609,-1.2142303859791832,0.49204522430473524,-0.23855760955043356,0.9040833238015842,0.0,0.0,-0.581823759520706,-0.14668180710011355,-0.6862124609088535,-1.353172071371439,-1.0485565790508873,0.5493971881446129
0.9986109505920172,-0.75666503681061,-0.31378087963814716,-0.16358429537944472,-0.33174494697219215,-0.14483175024674738,-0.1573446639830677,-0.12591849498943178,-0.14065746898533213,-1.995553965517959,0.10775421622252823,-1.2142303859791832,-0.27618101990341054,3.9392305450797163,0.8795280048444015,0.0,0.0,0.571393923126179,-0.15227021022208265,0.2566349450779528,0.8157765859276175,-1.0485565790508873,0.5493971881446129
0.9804926577190325,0.06457316506698858,1.0009841999861062,0.2918421151540522,-0.21905413185168582,-0.1151257446135884,-0.10318453793056911,-0.10577045256303527,-0.14065746898533213,-1.995553965517959,-0.4966686420910035,-1.2142303859791832,0.47662286557533673,-0.23855760955043356,0.48859173636733816,0.0,0.0,-0.7392040550348691,3.9925015485712203,0.2566349450779528,-1.190403273601704,0.9536919799837233,0.5493971881446129
1.6286098770612294,0.8858113669445872,-0.31378087963814716,-0.11564467321802399,-0.061286990682976966,-0.14483175024674738,-0.11340342963858771,-0.11248646670516745,-0.14065746898533213,0.27461751819054514,-0.08868321272936958,-1.2142303859791832,0.2654551845112698,-0.23855760955043356,0.4177219338283861,0.0,0.0,-0.6550870005359198,0.10949524453135323,0.17886163122310664,0.7034676188214559,0.9536919799837233,0.5493971881446129
-1.0777454126520336,0.8858113669445872,-0.31378087963814716,-0.16358429537944472,-0.3261104062161668,-0.17453775587990636,-0.15836655315386958,-0.12726169781785823,-0.14065746898533213,0.27461751819054514,-0.39089464188613543,-1.2142303859791832,-0.2585095671926415,-0.23855760955043356,-0.05474341643129381,0.0,0.0,-0.4868528915380213,-0.14141989864582777,1.095105628498168,-0.2595457711489855,-1.0485565790508873,0.5493971881446129
-0.13675893065580497,0.06457316506698858,-0.31378087963814716,-0.02935335332746669,1.0318139159859343,0.06311028918536546,-0.04289307685325935,-0.07487678750922726,0.1309947253225934,0.27461751819054514,-0.6628849281272247,-1.2142303859791832,0.885315371904388,-0.23855760955043356,0.4710647959544775,0.0,0.0,-0.7283502415511337,7.494406863067496,-0.8463320514089613,-0.03001926369489107,0.9536919799837233,0.5493971881446129
-1.4988663055712648,0.06457316506698858,-0.31378087963814716,-0.02935335332746669,0.3782071882869977,0.06311028918536546,0.05827395105612483,0.07153232078925417,-0.14065746898533213,0.27461751819054514,0.44018678829497065,-1.2142303859791832,-0.34768647141025055,-0.23855760955043356,-1.4966713219353538,0.0,0.0,0.11010685006742502,-0.08943495962402782,-0.6297126490264175,-0.4265410185594978,0.9536919799837233,0.5493971881446129
1.3854365034302414,0.06457316506698858,-0.31378087963814716,-0.038941277759750835,0.023231120657402776,0.06311028918536546,-0.062308971098494696,-0.10039764124932953,-0.14065746898533213,0.27461751819054514,-0.2548994987655908,-1.2142303859791832,0.4018837425020997,-0.23855760955043356,-0.7854355184708316,0.0,0.0,-0.5519757724404336,-0.0008992486613747532,-0.9421468236501976,-1.3873915405354882,0.9536919799837233,0.5493971881446129
-0.6848372900635933,0.8858113669445872,-0.31378087963814716,-0.16358429537944472,-0.33737948772821746,-0.17453775587990636,-0.15632277481226584,-0.12726169781785823,-0.14065746898533213,0.27461751819054514,-0.5420003564645184,-1.2142303859791832,0.9121876636298546,-0.23855760955043356,1.2826969596884157,0.0,0.0,-0.4678587179414844,-0.14536728968844884,-0.32224024759188413,-0.606778179861591,-1.0485565790508873,0.5493971881446129
-0.3504253701793607,-2.399141440565807,-0.31378087963814716,-0.16358429537944472,-0.3148413247041162,-0.17453775587990636,-0.16347599900787887,-0.12726169781785823,-0.14065746898533213,0.27461751819054514,-0.5117792135488418,-1.2142303859791832,-1.7726809438051507,-0.23855760955043356,-0.9293804916681142,0.0,0.0,-0.7147829746964645,-0.0008992486613747532,0.25910696682602397,-0.6243622931593571,-1.0485565790508873,0.5493971881446129
-0.3505547865570249,-2.399141440565807,-0.31378087963814716,-0.16358429537944472,-0.365552191508344,-0.17453775587990636,-0.16347599900787887,-0.12726169781785823,-0.14065746898533213,0.27461751819054514,0.3344127880901026,-1.2142303859791832,-1.9402810667317734,-0.23855760955043356,-0.6596938958359546,0.0,0.0,-0.7093560679545968,-0.14169222548688293,0.25910696682602397,0.085927116359239,-1.0485565790508873,0.5493971881446129
-0.9978955076332366,0.8858113669445872,1.0009841999861062,0.018586268833954034,1.454404472687833,0.1522283060848424,0.5334524154789898,0.05272748119128408,0.9653550364112219,0.27461751819054514,2.313897649066919,-1.2142303859791832,-0.25394439021997584,0.050715331986502916,-0.8268512651451377,0.0,0.0,0.2077911714210435,-0.012308965224896471,0.03136051873977767,0.5290321418877431,0.9536919799837233,0.5493971881446129
1.5688195105803797,0.06457316506698858,0.34360166017397953,-0.1348205220825923,-0.2641304578998883,-0.1151257446135884,-0.14303821559184166,-0.12726169781785823,-0.14065746898533213,0.27461751819054514,-0.5117792135488418,-1.2142303859791832,-0.31680241119959307,-0.23855760955043356,1.0186748122684426,0.0,0.0,-0.4488645443449475,-0.12747071267622553,-0.07111393835390431,1.2501041843824188,0.9536919799837233,0.5493971881446129
0.6707992659686576,-1.5779032386882086,-0.31378087963814716,-0.16358429537944472,-0.365552191508344,-0.17453775587990636,-0.16449788817868072,-0.12726169781785823,-0.14065746898533213,0.27461751819054514,1.800138219500417,-1.2142303859791832,-0.9770351282719753,-0.23855760955043356,-1.483098715025634,0.0,0.0,-0.6985022544708615,-0.14489206586928083,1.6646001096915513,0.45309065319731917,-1.0485565790508873,-1.8201767711573702
-0.3632375915681142,-1.5779032386882086,-0.31378087963814716,-0.16358429537944472,-0.3261104062161668,-0.17453775587990636,-0.15632277481226584,-0.12457529216100535,-0.14065746898533213,0.27461751819054514,0.1379753591382048,-1.2142303859791832,-0.8514135805672819,-0.23855760955043356,0.3527579481676808,0.0,0.0,1.2904590664236484,-0.1528510813998647,0.25910696682602397,-0.54326603730752,-1.0485565790508873,0.5493971881446129
-0.3904150308775913,0.06457316506698858,-0.31378087963814716,-0.16358429537944472,-0.34864856924026805,-0.17453775587990636,-0.16449788817868072,-0.12726169781785823,-0.14065746898533213,0.27461751819054514,-0.4060052133439737,-1.2142303859791832,0.3327870653594211,-0.23855760955043356,1.0998437832657988,0.0,0.0,-0.6903618943580598,-0.12215635788908515,0.10425151138888096,0.790059820229636,-1.0485565790508873,-1.8201767711573702
0.6706698495909934,0.06457316506698858,-0.31378087963814716,-0.05811712662431912,-0.3148413247041162,-0.14483175024674738,-0.12566609968821005,-0.12323208933257893,-0.14065746898533213,0.27461751819054514,-0.829101214163446,-1.2142303859791832,1.9263245861387635,-0.23855760955043356,1.5752620419646008,0.0,0.0,1.3935702945191346,-0.15253996899417344,1.6646001096915513,0.34487403181346443,0.9536919799837233,0.5493971881446129
1.165558077778805,0.8858113669445872,-0.31378087963814716,-0.16358429537944472,-0.33174494697219215,-0.14483175024674738,-0.162454109837077,-0.12726169781785823,-0.14065746898533213,-1.995553965517959,-0.6628849281272247,-1.2142303859791832,0.17845726347363924,-0.23855760955043356,1.2071962932945606,0.0,0.0,-0.6686542673905891,-0.11467135114663389,1.410140971257745,1.6630472321492937,-1.0485565790508873,0.5493971881446129
1.3827187594992936,0.8858113669445872,-0.31378087963814716,4.083866228122432,4.914012496887377,5.350779291887663,1.8813242317666437,0.9567029847222749,13.28672242109213,0.27461751819054514,0.25885993080091113,-1.2142303859791832,0.31982888515978924,1.4982239457680908,0.33504049753294185,0.0,0.0,0.4140136276120159,0.18369999368090484,-0.9421468236501976,0.2756002706869195,0.9536919799837233,0.5493971881446129
-0.45188781026807523,-0.75666503681061,0.34360166017397953,-0.0005895800306142556,0.6712033076003141,0.5978183905822271,-0.014280180070807256,-0.08562241013663874,-0.14065746898533213,-1.995553965517959,-0.5873320708380333,-1.2142303859791832,-0.5219748621531936,-0.23855760955043356,-0.009465487031406757,0.0,0.0,1.2470438124887069,-0.11572680857760217,0.22152724227200443,0.12618627610025637,0.9536919799837233,0.5493971881446129
1.5424185695368877,0.06457316506698858,-0.31378087963814716,-0.16358429537944472,-0.3599176507523187,-0.17453775587990636,-0.16449788817868072,-0.12726169781785823,-0.14065746898533213,0.27461751819054514,-0.7686589283320927,-1.2142303859791832,-0.7175083389009204,-0.23855760955043356,1.5752620419646008,0.0,0.0,-0.6415197336812506,-0.14618929845673945,-0.7390669220744036,0.5167001255881275,-1.0485565790508873,-1.8201767711573702
1.3541177400355104,-1.5779032386882086,1.0009841999861062,0.03296815548238025,0.6373960630641622,0.033404283552206475,-0.03573985265764632,-0.035923905484860644,-0.14065746898533213,0.27461751819054514,-0.2851206416812674,-1.2142303859791832,-0.5361120243218088,1.042987998367761,-0.25849409873077983,0.0,0.0,-0.47057217131241824,0.1204386986391541,0.18990449525929096,-0.09696449503566855,0.9536919799837233,0.5493971881446129
1.1108149500268583,0.06457316506698858,-0.31378087963814716,-0.16358429537944472,-0.35428310999629337,-0.17453775587990636,-0.162454109837077,-0.12591849498943178,-0.14065746898533213,0.27461751819054514,-0.22467835584991422,-1.2142303859791832,-1.1939490639341135,-0.23855760955043356,-0.896912903269172,0.0,0.0,-0.7120695213255306,-0.11260276746508371,2.3081001784106907,-0.9047702865477201,-1.0485565790508873,0.5493971881446129
0.08208416397431782,-2.399141440565807,-0.31378087963814716,-0.15879033316330265,-0.365552191508344,-0.17453775587990636,-0.16143222066627516,-0.12726169781785823,-0.14065746898533213,0.27461751819054514,0.12286478768036652,-1.2142303859791832,-1.3350911862344084,-0.23855760955043356,0.6129696629116025,0.0,0.0,-0.7120695213255306,-0.14052864716601093,1.7862885274902995,0.9185059418081765,0.9536919799837233,0.5493971881446129
-1.2387393864662695,0.06457316506698858,-0.31378087963814716,-0.15399637094716057,-0.33737948772821746,-0.17453775587990636,-0.15836655315386958,-0.12591849498943178,-0.14065746898533213,0.27461751819054514,-0.677995499585063,-1.2142303859791832,0.6741759369185802,-0.23855760955043356,1.1949274350055603,0.0,0.0,0.36788492030614045,-0.15223839867874694,0.08020828975698321,1.8444472138468848,0.9536919799837233,0.5493971881446129
0.4054956917570954,0.06457316506698858,-0.31378087963814716,0.061731928779232684,0.18663280258213694,-0.14483175024674738,0.07564606695975645,0.09705317452935644,-0.14065746898533213,0.27461751819054514,-0.39089464188613543,-1.2142303859791832,0.19130922908147124,-0.23855760955043356,1.1095461967086293,0.0,0.0,0.03955706242314499,-0.101694220706909,-0.7007813668592946,1.767938378028854,0.9536919799837233,0.5493971881446129
-0.1649717009865955,0.8858113669445872,-0.31378087963814716,-0.16358429537944472,-0.34864856924026805,-0.17453775587990636,-0.16347599900787887,-0.12726169781785823,-0.14065746898533213,0.27461751819054514,-0.30023121313910567,-1.2142303859791832,-0.06976927226619781,-0.23855760955043356,0.5379858411672146,0.0,0.0,-0.7012157078417952,-0.11353363012178129,-0.3264081370708519,-0.882049480759334,-1.0485565790508873,0.5493971881446129
1.4038136290585543,0.8858113669445872,-0.31378087963814716,-0.16358429537944472,-0.34301402848424273,-0.17453775587990636,-0.16449788817868072,-0.12726169781785823,-0.14065746898533213,0.27461751819054514,-0.30023121313910567,-1.2142303859791832,0.5690401819007459,-0.23855760955043356,0.9528963214861683,0.0,0.0,-0.6985022544708615,-0.10649398128050587,-0.9421468236501976,0.5834424925915082,-1.0485565790508873,-1.8201767711573702
1.3475175047746375,-1.5779032386882086,-0.31378087963814716,-0.16358429537944472,-0.35428310999629337,-0.14483175024674738,-0.16449788817868072,-0.12726169781785823,-0.14065746898533213,-1.995553965517959,-0.2548994987655908,-1.2142303859791832,-0.3594892969684632,-0.23855760955043356,0.001463668340978332,0.0,0.0,-0.6930753477289937,-0.12889286395729127,1.384564273264258,1.9414023764783566,-1.0485565790508873,-1.8201767711573702
-0.6330707389979225,-0.75666503681061,0.34360166017397953,-0.0964688243534557,-0.1458051020233567,-0.14483175024674738,-0.13281932388382306,-0.12457529216100535,-0.14065746898533213,-1.995553965517959,-0.9953175001996671,-1.2142303859791832,0.885315371904388,-0.23855760955043356,1.5752620419646008,0.0,0.0,-0.6062448398591106,-0.031617716332394706,0.01712614564697976,0.5948028954857003,0.9536919799837233,0.5493971881446129
-1.241974795907874,0.06457316506698858,-0.31378087963814716,-0.13961448429873435,0.3049581584586686,-0.1151257446135884,-0.07457164114811701,-0.10174084407775597,-0.12125374082048031,0.27461751819054514,-0.4060052133439737,-1.2142303859791832,-0.1981053288358324,-0.23855760955043356,-0.08870186348120815,0.0,0.0,-0.5194143319892275,0.07027768862513491,0.08020828975698321,0.5948028954857003,0.9536919799837233,0.5493971881446129
0.8020274729201328,0.06457316506698858,-0.31378087963814716,-0.04373523997589291,-0.19651596882758454,-0.14483175024674738,-0.1369068805670305,-0.12323208933257893,-0.04363882816107301,0.27461751819054514,-0.36067349897045886,-1.2142303859791832,-0.14192387917873922,-0.23855760955043356,0.6803570844139145,0.0,0.0,-0.6795080808743245,0.052524173375181664,0.21014974599229677,0.5212944061703368,0.9536919799837233,0.5493971881446129
0.6226563734775838,0.8858113669445872,-0.31378087963814716,-0.08688089992117157,-0.34864856924026805,-0.17453775587990636,-0.16347599900787887,-0.12591849498943178,-0.14065746898533213,0.27461751819054514,0.10775421622252823,-1.2142303859791832,-0.5738770309540526,-0.23855760955043356,-1.068527299092154,0.0,0.0,-0.6767946275033906,-0.12889286395729127,-1.4612372771973,0.7929172386405235,0.9536919799837233,0.5493971881446129
-0.39675643338313593,-1.5779032386882086,-0.31378087963814716,-0.16358429537944472,-0.3599176507523187,-0.17453775587990636,-0.16143222066627516,-0.12726169781785823,-0.14065746898533213,0.27461751819054514,-0.6175532137537099,-1.2142303859791832,-1.1581471597408677,-0.23855760955043356,0.2329046056385701,0.0,0.0,1.2226227321503023,-0.1540672987889743,0.10425151138888096,-0.8569897684927338,-1.0485565790508873,0.5493971881446129
0.9188904619508843,0.06457316506698858,-0.31378087963814716,-0.16358429537944472,-0.34301402848424273,-0.17453775587990636,-0.16347599900787887,-0.12726169781785823,-0.14065746898533213,-1.995553965517959,-0.2700100702234291,-1.2142303859791832,0.5228899417635312,-0.23855760955043356,-0.2263229383677037,0.0,0.0,-0.6740811741324568,-0.12377311934545461,1.4322266993301151,-0.7206121764734398,-1.0485565790508873,0.5493971881446129
1.2758208315486836,0.06457316506698858,-0.31378087963814716,-0.1492024087310185,-0.24159229487578707,-0.17453775587990636,-0.155300885641464,-0.12726169781785823,-0.14065746898533213,-1.995553965517959,-0.5420003564645184,-1.2142303859791832,0.3069769195519573,-0.23855760955043356,-0.18012845169251598,0.0,0.0,0.0694050495034173,-0.14267679175838996,-1.2083802365953147,-0.7509679089032673,0.9536919799837233,0.5493971881446129
0.8853716201358626,0.8858113669445872,-0.31378087963814716,-0.12043863543416607,0.0345002021694534,-0.14483175024674738,-0.054133857732079814,-0.07756319316608012,-0.14065746898533213,0.27461751819054514,-0.30023121313910567,-1.2142303859791832,0.24239579237260267,-0.23855760955043356,0.7454410813266908,0.0,0.0,-0.671367720761523,0.27084104227457106,0.12066573775241146,2.048934465942352,0.9536919799837233,0.5493971881446129
-0.6772017237814069,-1.5779032386882086,-0.31378087963814716,-0.12523259765030814,-0.3148413247041162,-0.17453775587990636,-0.15938844232467142,-0.12591849498943178,-0.14065746898533213,0.27461751819054514,0.25885993080091113,-1.2142303859791832,-0.3118452244651436,-0.23855760955043356,-1.277247510228214,0.0,0.0,-0.6659408140196552,-0.09963718046108178,-0.32224024759188413,-0.2948895268257941,0.9536919799837233,0.5493971881446129
1.3270697171036976,0.8858113669445872,-0.31378087963814716,-0.04373523997589291,-0.05565244992695165,0.2710523286174783,-0.10625020544297469,-0.10174084407775597,-0.14065746898533213,-1.995553965517959,0.7575087889095748,-1.2142303859791832,-0.33512705447010055,-0.23855760955043356,-0.6154652941194803,0.0,0.0,-0.5004201583926906,-0.05784921681551289,1.384564273264258,0.1649252499694538,0.9536919799837233,0.5493971881446129
1.3071395949434144,0.06457316506698858,-0.31378087963814716,-0.16358429537944472,-0.35428310999629337,-0.17453775587990636,-0.16347599900787887,-0.12726169781785823,-0.14065746898533213,0.27461751819054514,2.117460220115021,-1.2142303859791832,-0.031185749184342425,-0.23855760955043356,-1.5558647223028603,0.0,0.0,-0.6632273606487213,-0.13860272442801597,-0.2977270072934111,-0.8931456882373838,-1.0485565790508873,0.5493971881446129
1.3114103354063322,0.8858113669445872,-0.31378087963814716,-0.16358429537944472,-0.30357224319206555,-0.17453775587990636,-0.16143222066627516,-0.12726169781785823,-0.14065746898533213,0.27461751819054514,0.03220135893333676,-1.2142303859791832,-1.1260172457212883,-0.23855760955043356,0.38980352676758656,0.0,0.0,-0.5709699460369706,-0.1252359035202651,-0.2977270072934111,0.11604305923044175,-1.0485565790508873,0.5493971881446129
1.3064925130550935,-1.5779032386882086,-0.31378087963814716,-0.1492024087310185,-0.16270872429143265,0.12252230045168341,-0.1369068805670305,-0.12591849498943178,-0.14065746898533213,0.27461751819054514,1.3921527901387831,-1.2142303859791832,-0.6608957764285374,-0.23855760955043356,-2.045887808723283,0.0,0.0,-0.7337771482930014,1.73981391936309,-0.2977270072934111,-0.411647169302198,0.9536919799837233,0.5493971881446129
-1.383426896694819,-1.5779032386882086,1.0009841999861062,0.15761117310207415,0.1359219357779091,0.12252230045168341,-0.02449907177882586,-0.029207891342728467,-0.14065746898533213,0.27461751819054514,2.978762793211804,-1.2142303859791832,-0.9863160637910457,-0.23855760955043356,-1.6547855391949098,0.0,0.0,1.4179913748575392,-0.1371256191120035,-0.5269982379698451,0.21118046687114833,0.9536919799837233,0.5493971881446129
-0.42225145978297873,-0.75666503681061,0.34360166017397953,0.03296815548238025,0.6373960630641622,0.033404283552206475,-0.03573985265764632,-0.035923905484860644,-0.14065746898533213,0.27461751819054514,0.1530859305960431,-1.2142303859791832,-0.17050742374111966,1.042987998367761,-0.8409813434222542,0.0,0.0,-0.3973089302972044,0.06198895286984717,0.10425151138888096,0.03613837668893608,0.9536919799837233,0.5493971881446129
1.110685533649194,-2.399141440565807,-0.31378087963814716,-0.15399637094716057,-0.34864856924026805,-0.17453775587990636,-0.1604103314954733,-0.12591849498943178,-0.14065746898533213,0.27461751819054514,1.3619316472231064,-1.2142303859791832,-2.0723162361297662,-0.23855760955043356,-1.3291113202680829,0.0,0.0,-0.5628295859241691,-0.14518296044949883,2.3081001784106907,0.5266404781205453,0.9536919799837233,0.5493971881446129
-1.57897504334539,-1.5779032386882086,-0.31378087963814716,-0.16358429537944472,-0.3599176507523187,-0.17453775587990636,-0.16347599900787887,-0.12726169781785823,-0.14065746898533213,0.27461751819054514,-0.37578407042829715,-1.2142303859791832,0.07564153861098499,-0.23855760955043356,0.20605745691204982,0.0,0.0,-0.1503846735422243,-0.15308248299486815,0.88008349752086,-1.4921031161774767,-1.0485565790508873,0.5493971881446129
1.5292180990151416,0.06457316506698858,0.34360166017397953,-0.10605674878573985,-0.10636331673117949,0.24134632298431935,-0.12055665383420074,-0.1071136553914617,-0.14065746898533213,0.27461751819054514,0.817951074740928,-1.2142303859791832,-0.5798087073884367,-0.23855760955043356,0.16006350444258427,0.0,0.0,0.09925303658368963,-0.1312050066852175,-0.7390669220744036,0.8127641138045119,0.9536919799837233,0.5493971881446129
-1.2921883504415745,0.06457316506698858,-0.31378087963814716,-0.16358429537944472,-0.2923031616800149,-0.17453775587990636,-0.16347599900787887,-0.12726169781785823,-0.14065746898533213,0.27461751819054514,0.18330707351171968,-1.2142303859791832,0.01395210369339249,-0.23855760955043356,-1.4411848408140078,0.0,0.0,-0.7256367881801998,0.20389053581209163,-1.5576287384669998,0.1854366532639339,-1.0485565790508873,0.5493971881446129
-1.2254094995668594,0.06457316506698858,-0.31378087963814716,-0.16358429537944472,-0.34864856924026805,-0.17453775587990636,-0.16449788817868072,-0.12726169781785823,-0.14065746898533213,0.27461751819054514,-0.7082166425007396,-1.2142303859791832,-1.0810353660938765,-0.23855760955043356,-1.277247510228214,0.0,0.0,-0.7256367881801998,-0.05209669477974136,0.08020828975698321,-1.5028143531920004,-1.0485565790508873,-1.8201767711573702
-0.55645624342073,0.8858113669445872,-0.31378087963814716,-0.1492024087310185,-0.35428310999629337,-0.17453775587990636,-0.162454109837077,-0.12457529216100535,-0.14065746898533213,-1.995553965517959,-0.17934664147639934,-1.2142303859791832,0.73698856883047,-0.23855760955043356,-0.4169668516303814,0.0,0.0,-0.7147829746964645,-0.10841388550994462,-0.0044208516090499346,1.51715941618086,0.9536919799837233,0.5493971881446129
-0.615728944390923,0.06457316506698858,-0.31378087963814716,-0.16358429537944472,-0.34301402848424273,-0.17453775587990636,-0.16347599900787887,-0.12726169781785823,-0.14065746898533213,-1.995553965517959,0.27397050225874947,-1.2142303859791832,-0.18311136896002828,-0.23855760955043356,-0.5104438671656286,0.0,0.0,-0.7120695213255306,-0.08467688776415648,0.01712614564697976,-1.0176413862706664,-1.0485565790508873,0.5493971881446129
0.8348992328468336,0.8858113669445872,-0.31378087963814716,-0.11564467321802399,-0.1458051020233567,-0.17453775587990636,-0.1266879888590119,-0.12054568367572605,-0.14065746898533213,0.27461751819054514,-0.6326637852115481,-1.2142303859791832,-2.2839793469869325,-0.23855760955043356,1.2295033083654707,0.0,0.0,0.4492885214341559,-0.14049684092489373,0.21014974599229677,-0.882049480759334,0.9536919799837233,0.5493971881446129
-0.36724949927570366,0.06457316506698858,3.630514359234613,0.7328866390391229,0.6035888185280103,0.44928836241643216,0.5446931963578103,0.40464662223901005,-0.14065746898533213,0.27461751819054514,2.253455363235566,-1.2142303859791832,-0.09381162792827706,-0.23855760955043356,-1.7356865454020587,0.0,0.0,0.6148091770611206,-0.10134863794561004,0.25910696682602397,0.1289756607394565,0.9536919799837233,0.5493971881446129
-1.103499271807205,0.06457316506698858,0.34360166017397953,2.8326420897093505,5.387313920393503,4.994307224289755,3.4274425471898584,2.371095563055311,1.2176035025542955,0.27461751819054514,-0.31534178459694395,-1.2142303859791832,1.0935172147512633,-0.23855760955043356,0.30748001876779374,0.0,0.0,0.6202360838029882,0.1582003846945056,1.095105628498168,-0.03001926369489107,0.9536919799837233,0.5493971881446129
0.8425347991290201,-2.399141440565807,1.0009841999861062,0.10008362650836927,-0.044383368414901016,0.033404283552206475,0.010245160028437393,-0.03189429699958134,-0.14065746898533213,0.27461751819054514,1.0143885036928257,-1.2142303859791832,-0.6319725677966953,-0.23855760955043356,-0.7549570288407965,0.0,0.0,-0.5356950522148306,-0.03727638142968786,0.21014974599229677,-0.28082815857724064,0.9536919799837233,0.5493971881446129
1.551607132351044,0.8858113669445872,0.34360166017397953,0.07611381542765891,0.2542472916544407,-0.05571373334727045,-0.056177636073683535,-0.09368162710719735,-0.14065746898533213,0.27461751819054514,-0.7535483568742545,-1.2142303859791832,0.5383123004929298,-0.23855760955043356,1.5752620419646008,0.0,0.0,1.2877456130527145,-0.13169914108410014,-0.07111393835390431,-0.4798912183049177,0.9536919799837233,0.5493971881446129
1.2060654039876924,-0.75666503681061,-0.31378087963814716,-0.16358429537944472,-0.365552191508344,-0.17453775587990636,-0.16449788817868072,-0.12726169781785823,-0.14065746898533213,0.27461751819054514,-0.19445721293423762,-1.2142303859791832,-0.6094670895603561,-0.23855760955043356,-0.08103382705058168,0.0,0.0,-0.6957888010999276,-0.14545674358382163,-0.8865596275407771,0.30254736941736005,-1.0485565790508873,-1.8201767711573702
-1.2255389159445236,-0.75666503681061,-0.31378087963814716,-0.16358429537944472,-0.33174494697219215,-0.17453775587990636,-0.16449788817868072,-0.12726169781785823,-0.14065746898533213,0.27461751819054514,0.7877299318252514,-1.2142303859791832,-1.1374487309198331,-0.23855760955043356,-1.030179753739073,0.0,0.0,-0.527554692102029,-0.14088213931412397,0.08020828975698321,-0.4285278849045593,-1.0485565790508873,-1.8201767711573702
-1.5970933362183748,0.06457316506698858,-0.31378087963814716,-0.16358429537944472,-0.34301402848424273,-0.17453775587990636,-0.16347599900787887,-0.12726169781785823,-0.14065746898533213,2.544789001899049,-0.677995499585063,-1.2142303859791832,0.3262548679637051,-0.23855760955043356,0.4342582210874752,0.0,0.0,-0.6903618943580598,-0.11407255060723778,-1.68924287342001,-0.3424303432851876,-1.0485565790508873,0.5493971881446129
-0.3270010058221447,0.8858113669445872,-0.31378087963814716,-0.16358429537944472,-0.3599176507523187,-0.17453775587990636,-0.16449788817868072,-0.12726169781785823,-0.14065746898533213,-1.995553965517959,-0.2700100702234291,-1.2142303859791832,-0.21834717466816744,-0.23855760955043356,-0.026146829441891527,0.0,0.0,-0.6767946275033906,-0.14169222548688293,-0.40108592467725723,1.0551981706713995,-1.0485565790508873,-1.8201767711573702
-0.8878915866186865,0.06457316506698858,-0.31378087963814716,-0.15399637094716057,-0.2528613763878377,-0.14483175024674738,-0.155300885641464,-0.12591849498943178,-0.14065746898533213,0.27461751819054514,-0.5571109279223566,-1.2142303859791832,0.25032335687253554,-0.23855760955043356,0.07394122502101456,0.0,0.0,-0.34575331624946126,-0.13239953834896023,0.15759187832582447,0.31527719269438326,0.9536919799837233,0.5493971881446129
0.5301236634476976,-2.399141440565807,-0.31378087963814716,-0.16358429537944472,-0.365552191508344,-0.17453775587990636,-0.16449788817868072,-0.12726169781785823,-0.14065746898533213,-1.995553965517959,0.7121770745360599,-1.2142303859791832,-0.34238555326480724,-0.23855760955043356,-1.698109575305842,0.0,0.0,-0.6740811741324568,-0.14834789348227057,0.48190937141612833,-0.5831405193629559,-1.0485565790508873,-1.8201767711573702
0.37935358346893167,-0.75666503681061,-0.31378087963814716,-0.16358429537944472,-0.29793770243604023,-0.17453775587990636,-0.16143222066627516,-0.12726169781785823,-0.14065746898533213,0.27461751819054514,2.072128505741506,-1.2142303859791832,-0.26922940947382884,-0.23855760955043356,-1.4387103150693172,0.0,0.0,-0.6740811741324568,-0.07462357107182266,0.22490829069474474,0.26176089554510196,-1.0485565790508873,0.5493971881446129
-1.7799586778578564,0.8858113669445872,0.34360166017397953,-0.0101775044628984,0.07394198746163062,-0.14483175024674738,-0.06537463861090027,-0.09502482993562378,-0.14065746898533213,2.544789001899049,0.4099656453792941,-1.2142303859791832,-0.29666384009089275,-0.23855760955043356,-0.6620003519121161,0.0,0.0,-0.671367720761523,0.3121928256778671,-1.6917206589063898,0.09862059260699506,0.9536919799837233,0.5493971881446129
1.5421597367815594,0.8858113669445872,-0.31378087963814716,-0.16358429537944472,-0.33737948772821746,-0.17453775587990636,-0.16347599900787887,-0.12726169781785823,-0.14065746898533213,0.27461751819054514,-0.4060052133439737,-1.2142303859791832,1.4306059126938229,-0.23855760955043356,0.1490072658681935,0.0,0.0,0.6582244309960621,-0.15270562959374087,-0.7390669220744036,-0.22527618843882663,-1.0485565790508873,0.5493971881446129
0.049471236802945295,0.8858113669445872,-0.31378087963814716,-0.16358429537944472,-0.34301402848424273,-0.17453775587990636,-0.16449788817868072,-0.12726169781785823,-0.14065746898533213,0.27461751819054514,-0.7384377854164161,-1.2142303859791832,0.13733097352857748,-0.23855760955043356,0.6975667951360444,0.0,0.0,0.32718311974213277,-0.15254244566679057,0.7937221444573845,-0.31839872177824186,-1.0485565790508873,-1.8201767711573702
-1.2276095779871503,0.06457316506698858,-0.31378087963814716,-0.16358429537944472,-0.33174494697219215,-0.17453775587990636,-0.16143222066627516,-0.12726169781785823,-0.14065746898533213,0.27461751819054514,-0.16423607001856105,-1.2142303859791832,-0.1672606113770359,-0.23855760955043356,1.040416500928448,0.0,0.0,-0.652373547164986,-0.12191139403205944,0.08020828975698321,0.790059820229636,-1.0485565790508873,0.5493971881446129
1.4412149622035015,0.06457316506698858,-0.31378087963814716,-0.15399637094716057,-0.2866686209239896,-0.17453775587990636,-0.14814766144585095,-0.12726169781785823,-0.14065746898533213,2.544789001899049,-0.4966686420910035,-1.2142303859791832,-0.8400610109470305,-0.23855760955043356,0.7602593127666541,0.0,0.0,-0.7337771482930014,0.6134701047590244,-1.455640001332804,-1.3242937362832605,0.9536919799837233,0.5493971881446129
-0.14245325127302874,0.06457316506698858,-0.31378087963814716,-0.16358429537944472,-0.3599176507523187,-0.14483175024674738,-0.16449788817868072,-0.12726169781785823,-0.14065746898533213,0.27461751819054514,-0.421115784801812,-1.2142303859791832,-0.3384588077920109,-0.23855760955043356,0.11866141956827037,0.0,0.0,-0.7337771482930014,-0.05209669477974136,-0.35445850688810554,0.5682147184992926,-1.0485565790508873,-1.8201767711573702
-1.4342875331168405,0.8858113669445872,-0.31378087963814716,-0.16358429537944472,-0.34301402848424273,-0.17453775587990636,-0.16143222066627516,-0.12726169781785823,-0.14065746898533213,0.27461751819054514,-0.421115784801812,-1.2142303859791832,-0.12010378372368423,-0.23855760955043356,-0.12410535083111847,0.0,0.0,-0.7256367881801998,-0.02649797172055805,-0.5668106997522169,-0.10978379465411611,-1.0485565790508873,0.5493971881446129
-0.34615462971644284,0.8858113669445872,-0.31378087963814716,-0.15399637094716057,-0.35428310999629337,-0.17453775587990636,-0.16347599900787887,-0.12726169781785823,-0.14065746898533213,0.27461751819054514,-0.8593223570791225,-1.2142303859791832,0.3069769195519573,-0.23855760955043356,1.5752620419646008,0.0,0.0,-0.7229233348092661,-0.08866629915000322,0.25910696682602397,0.28239181589540546,0.9536919799837233,0.5493971881446129
-1.1610895598677635,0.8858113669445872,-0.31378087963814716,-0.16358429537944472,-0.365552191508344,-0.17453775587990636,-0.16449788817868072,-0.12726169781785823,-0.14065746898533213,0.27461751819054514,-0.36067349897045886,-1.2142303859791832,1.1744845980806033,-0.23855760955043356,0.2329046056385701,0.0,0.0,-0.7229233348092661,-0.13254982439431745,-0.8250350993391762,0.9255910974048378,-1.0485565790508873,-1.8201767711573702
-0.3770851439781811,0.06457316506698858,0.34360166017397953,0.15281721088593206,0.2429782101423901,-0.05571373334727045,-0.019389625924816557,-0.03323749982800777,-0.14065746898533213,0.27461751819054514,0.6819559316203834,-1.2142303859791832,-0.5446349067775283,-0.23855760955043356,-0.5165782963101301,0.0,0.0,0.10739339669649116,-0.10100415928258998,0.25910696682602397,0.2667712619158899,0.9536919799837233,0.5493971881446129
1.4786162953484485,0.8858113669445872,-0.31378087963814716,-0.16358429537944472,-0.30920678394809087,-0.14483175024674738,-0.16347599900787887,-0.12726169781785823,-0.14065746898533213,0.27461751819054514,-1.0708703574888587,-1.2142303859791832,1.0009830623748743,-0.23855760955043356,1.5752620419646008,0.0,0.0,-0.7202098814383322,0.05669787822178768,-1.3456603565416556,-1.904485741236667,-1.0485565790508873,0.5493971881446129
1.2756914151710195,0.06457316506698858,-0.31378087963814716,-0.16358429537944472,-0.3599176507523187,-0.17453775587990636,-0.16449788817868072,-0.12726169781785823,-0.14065746898533213,-1.995553965517959,-0.9499857858261522,-1.2142303859791832,1.0009830623748743,-0.23855760955043356,1.5752620419646008,0.0,0.0,-0.7174964280673983,-0.12035995627089684,-1.2083802365953147,-0.03001926369489107,-1.0485565790508873,-1.8201767711573702
0.5271470867614215,0.06457316506698858,-0.31378087963814716,-0.16358429537944472,-0.29793770243604023,-0.17453775587990636,-0.16347599900787887,-0.12726169781785823,-0.14065746898533213,-1.995553965517959,-0.783769499789931,-1.2142303859791832,0.8843973743609714,-0.23855760955043356,0.5830848064192746,0.0,0.0,-0.7120695213255306,0.02702663103955253,0.48190937141612833,1.5184530438396198,-1.0485565790508873,0.5493971881446129
-1.4345463658721689,0.8858113669445872,-0.31378087963814716,-0.11564467321802399,-0.2923031616800149,-0.17453775587990636,-0.1604103314954733,-0.12457529216100535,-0.14065746898533213,0.27461751819054514,0.48551850266848556,-1.2142303859791832,0.24574108342052284,3.503483039726857,-0.13091189579558757,0.0,0.0,-0.6985022544708615,-0.02009829095576223,-0.5668106997522169,0.39042181537989984,0.9536919799837233,0.5493971881446129
0.9021957492322056,-1.5779032386882086,1.0009841999861062,0.04735004213080647,0.6937414706244154,0.12252230045168341,0.05520828354371925,-0.061444759224962904,-0.14065746898533213,-1.995553965517959,0.7877299318252514,-1.2142303859791832,-1.0956702194926415,3.2921866136650064,-1.9286079591541323,0.0,0.0,0.3814521871608097,-0.08437334559349423,1.4322266993301151,-1.077949341690687,0.9536919799837233,0.5493971881446129
-1.1814079311610393,0.8858113669445872,-0.31378087963814716,-0.14440844651487644,-0.33737948772821746,-0.17453775587990636,-0.16347599900787887,-0.12591849498943178,-0.14065746898533213,0.27461751819054514,0.09264364476468993,-1.2142303859791832,1.0939303136458005,-0.23855760955043356,-0.11511398896447443,0.0,0.0,-0.3593205831041305,-0.14795574283115118,-0.8250350993391762,0.10883010501190776,0.9536919799837233,0.5493971881446129
-0.253233670553564,0.8858113669445872,-0.31378087963814716,-0.11564467321802399,-0.2923031616800149,-0.17453775587990636,-0.1604103314954733,-0.12457529216100535,-0.14065746898533213,0.27461751819054514,-0.16423607001856105,-1.2142303859791832,1.313285826645187,3.503483039726857,-0.742401969192061,0.0,0.0,-0.687648440987126,-0.0469769501679047,-0.8603242518026359,-0.14717341854125207,0.9536919799837233,0.5493971881446129
0.7595789010462828,-2.399141440565807,1.6583667397982327,-0.038941277759750835,0.5923197370159596,0.09281629481852444,0.018420273394852273,-0.046669528112272124,-0.14065746898533213,0.27461751819054514,0.7575087889095748,-1.2142303859791832,-1.2502957531490217,3.3727386687201353,-0.6154652941194803,0.0,0.0,-0.08797524601074581,-0.045511131171154774,1.2907930945589743,0.7647545227828226,0.9536919799837233,0.5493971881446129
-0.28959967267719766,-0.75666503681061,-0.31378087963814716,1.2698104072470349,3.375782870492466,0.5681123849490681,1.0801631218579852,0.1843613583770747,0.4608581041250744,-1.995553965517959,-0.6175532137537099,-1.2142303859791832,0.5151787623988325,-0.15997089871849204,0.2329046056385701,0.0,0.0,0.9132890478638437,0.01294924086244572,1.0092000616362544,-0.5262015665735964,0.9536919799837233,0.5493971881446129
0.8792890503856463,0.06457316506698858,0.34360166017397953,1.1355794651950568,1.2571955462269468,1.5187045652101554,0.4455699467900299,0.05138427836285764,-0.14065746898533213,0.27461751819054514,-0.2700100702234291,-1.2142303859791832,0.7101614406205089,-0.23855760955043356,-0.8268512651451377,0.0,0.0,-0.7337771482930014,14.641570341191471,0.12066573775241146,-0.5232999156795697,0.9536919799837233,0.5493971881446129
1.1104267008938657,0.8858113669445872,-0.31378087963814716,-0.16358429537944472,-0.33737948772821746,-0.17453775587990636,-0.162454109837077,-0.12726169781785823,-0.14065746898533213,0.27461751819054514,-0.10379378418720787,-1.2142303859791832,-0.42237212869249713,-0.23855760955043356,0.7362886442608323,0.0,0.0,-0.7310636949220676,0.07589692051617515,2.3081001784106907,0.8520826080894743,-1.0485565790508873,0.5493971881446129
0.9207022912381828,-0.75666503681061,-0.31378087963814716,-0.12523259765030814,-0.2923031616800149,-0.1151257446135884,-0.1522352181290584,-0.12457529216100535,-0.14065746898533213,-1.995553965517959,-1.0859809289466968,-1.2142303859791832,-1.312370747034849,-0.23855760955043356,1.5752620419646008,0.0,0.0,-0.7229233348092661,0.15269308969372505,1.4322266993301151,4.968558009749843,0.9536919799837233,0.5493971881446129
-1.4152633256002065,0.06457316506698858,0.34360166017397953,0.478806641583593,1.9784167629981875,1.0731144807127706,0.8768071768684149,0.29316078747961594,-0.14065746898533213,0.27461751819054514,0.6215136457890302,-1.2142303859791832,-0.41691004330916875,1.0921785523283563,-0.7854355184708316,0.0,0.0,0.18879699782450657,0.0322372908088217,-0.5269982379698451,-0.7087054021151887,0.9536919799837233,0.5493971881446129
0.6829644054690902,-0.75666503681061,-0.31378087963814716,-0.1492024087310185,-0.33174494697219215,-0.17453775587990636,-0.16347599900787887,-0.12726169781785823,-0.14065746898533213,0.27461751819054514,-0.7535483568742545,-1.2142303859791832,-2.083488683504756,2.189212046677672,1.1188605136137502,0.0,0.0,-0.6985022544708615,-0.0872949389861184,0.4406937495547577,2.069383191151898,0.9536919799837233,0.5493971881446129
-1.0490149768105865,-1.5779032386882086,-0.31378087963814716,-0.1492024087310185,-0.33174494697219215,-0.17453775587990636,-0.16347599900787887,-0.12726169781785823,-0.14065746898533213,0.27461751819054514,-0.572221499380195,-1.2142303859791832,-1.3908845732936028,2.189212046677672,0.9585032198688583,0.0,0.0,-0.6985022544708615,-0.0872949389861184,-1.3024883843945956,0.07130324860466503,0.9536919799837233,0.5493971881446129
1.4494976103740087,0.8858113669445872,-0.31378087963814716,-0.16358429537944472,-0.30357224319206555,-0.14483175024674738,-0.12362232134660632,-0.12726169781785823,-0.14065746898533213,2.544789001899049,-0.783769499789931,-1.2142303859791832,-0.07858204868299677,-0.23855760955043356,1.0791734241919377,0.0,0.0,-0.6903618943580598,-0.05748589963430627,-1.455640001332804,0.2959749063123741,-1.0485565790508873,0.5493971881446129
0.5298648306923692,0.06457316506698858,-0.31378087963814716,-0.16358429537944472,-0.3599176507523187,-0.17453775587990636,-0.15938844232467142,-0.12726169781785823,-0.14065746898533213,-1.995553965517959,-0.9499857858261522,-1.2142303859791832,2.6974425226086716,-0.23855760955043356,0.6244255245669955,0.0,0.0,-0.44072418423214593,-0.15172415749656284,0.48190937141612833,1.3758305944614408,-1.0485565790508873,0.5493971881446129
0.452085587716199,0.06457316506698858,-0.31378087963814716,-0.15399637094716057,-0.34301402848424273,-0.17453775587990636,-0.15836655315386958,-0.12323208933257893,-0.14065746898533213,0.27461751819054514,-0.30023121313910567,-1.2142303859791832,-0.0062897421389429276,-0.23855760955043356,0.12307536084825833,0.0,0.0,-0.6849349876161922,-0.11792198264621272,0.16008876236159203,1.0264982054650205,0.9536919799837233,0.5493971881446129
1.569854841601693,0.06457316506698858,-0.31378087963814716,-0.1348205220825923,-0.24159229487578707,-0.1151257446135884,-0.1501914397874547,-0.12323208933257893,-0.14065746898533213,0.27461751819054514,-0.13401492710288446,-1.2142303859791832,0.33811822083247267,-0.23855760955043356,-1.1908078268284317,0.0,0.0,0.3136158528874635,-0.14541029194663577,-0.07111393835390431,0.4243968520728118,0.9536919799837233,0.5493971881446129
0.3603293759522977,0.06457316506698858,-0.31378087963814716,-0.15879033316330265,-0.09509423521912885,0.06311028918536546,-0.13486310222542677,-0.11785927801887318,-0.14065746898533213,0.27461751819054514,0.3797445024636175,-1.2142303859791832,0.3804167230252815,-0.23855760955043356,-0.13624368935108822,0.0,0.0,0.48184996188536205,-0.1378041710976278,0.22490829069474474,-0.011274598919473708,0.9536919799837233,0.5493971881446129
1.6465987535565498,-2.399141440565807,-0.31378087963814716,-0.16358429537944472,-0.365552191508344,-0.17453775587990636,-0.16449788817868072,-0.12726169781785823,-0.14065746898533213,0.27461751819054514,0.36463393100577923,-1.2142303859791832,-1.3115233646870799,-0.23855760955043356,-1.1908078268284317,0.0,0.0,-0.6740811741324568,-0.14834789348227057,1.5074031198841442,-1.147125548290495,-1.0485565790508873,-1.8201767711573702
-0.3836853792390541,0.06457316506698858,-0.31378087963814716,0.22952060634420524,2.198163852483175,4.964601218656596,0.3270308029770141,0.031236235936461115,-0.12125374082048031,0.27461751819054514,0.5006290741263238,-1.2142303859791832,-0.4373030887368901,-0.23855760955043356,0.30748001876779374,0.0,0.0,1.9661089557861764,-0.08431312380011634,0.25910696682602397,0.10883010501190776,0.9536919799837233,0.5493971881446129
0.8717829004811241,0.8858113669445872,-0.31378087963814716,-0.15879033316330265,-0.34864856924026805,-0.17453775587990636,-0.16143222066627516,-0.12591849498943178,-0.14065746898533213,0.27461751819054514,-0.8442117856212842,-1.2142303859791832,0.821055543865229,-0.23855760955043356,-1.427379591922573,0.0,0.0,-0.6659408140196552,-0.13254982439431745,-0.4594159100683915,-1.1152366980611816,0.9536919799837233,0.5493971881446129
0.529735414314705,-0.75666503681061,-0.31378087963814716,0.23910853077648936,-0.2866686209239896,-0.17453775587990636,-0.15427899647066212,-0.10980006104831457,-0.14065746898533213,-1.995553965517959,-0.9046540714526374,-1.2142303859791832,0.5256940069870585,-0.23855760955043356,0.8145928280465158,0.0,0.0,-0.6632273606487213,-0.07504727407418155,0.48190937141612833,1.0946606228301738,0.9536919799837233,0.5493971881446129
-1.389250633689707,-0.75666503681061,4.287896899046739,1.3417198404891661,0.8402395302810736,0.44928836241643216,1.0035214340478456,0.9983422724034944,-0.14065746898533213,0.27461751819054514,3.054315650500995,-1.2142303859791832,-0.6820418568869999,-0.23855760955043356,-0.5255031156070022,0.0,0.0,0.4140136276120159,-0.07697432704852514,-0.5269982379698451,0.2609628970787428,0.9536919799837233,0.5493971881446129
-0.501583699291119,0.8858113669445872,-0.31378087963814716,-0.16358429537944472,-0.3599176507523187,-0.17453775587990636,-0.16449788817868072,-0.12726169781785823,-0.14065746898533213,-1.995553965517959,0.7575087889095748,-1.2142303859791832,0.9554170024925615,-0.23855760955043356,-2.2585107961825415,0.0,0.0,-0.7392040550348691,0.15269308969372505,-0.5782055760576401,-0.9597546365556128,-1.0485565790508873,-1.8201767711573702
1.0985203941487616,-2.399141440565807,-0.31378087963814716,-0.16358429537944472,-0.34301402848424273,-0.17453775587990636,-0.16347599900787887,-0.12726169781785823,-0.14065746898533213,0.27461751819054514,0.9539462178614726,-1.2142303859791832,-0.029698679496065042,-0.23855760955043356,-1.5666325372622676,0.0,0.0,-0.7392040550348691,0.6134701047590244,1.887783148630462,-0.45109506662094156,-1.0485565790508873,0.5493971881446129
-0.19279622218439346,0.8858113669445872,0.34360166017397953,0.061731928779232684,0.2429782101423901,0.2710523286174783,2.6268320418788453e-05,-0.045326325283845684,-0.14065746898533213,0.27461751819054514,0.923725074945796,-1.2142303859791832,0.9014459001672784,-0.23855760955043356,-1.0255554909170828,0.0,0.0,1.82772283386855,-0.13681306021530681,-0.3264081370708519,-0.6502471422932731,0.9536919799837233,0.5493971881446129
0.5296059979370409,-2.399141440565807,-0.31378087963814716,-0.16358429537944472,-0.365552191508344,-0.17453775587990636,-0.16347599900787887,-0.12726169781785823,-0.14065746898533213,-1.995553965517959,1.286378789933915,-1.2142303859791832,-1.4740567659720871,-0.23855760955043356,-1.348560249033034,0.0,0.0,-0.7364906016639352,-0.07769541783892465,0.48190937141612833,0.09885030663610536,-1.0485565790508873,0.5493971881446129
-1.7912179027146398,0.8858113669445872,1.0009841999861062,-0.16358429537944472,0.4289180550912255,0.033404283552206475,-0.05004630104887237,-0.10577045256303527,-0.14065746898533213,2.544789001899049,1.4525950759701363,-1.2142303859791832,-0.5525536768752759,-0.23855760955043356,-0.1595975687257659,0.0,0.0,0.42215398772481744,-0.1036521649968378,-1.6917206589063898,-0.42464378528263125,-1.0485565790508873,0.5493971881446129
1.0261766390344869,0.8858113669445872,0.34360166017397953,-0.15879033316330265,-0.33737948772821746,-0.17453775587990636,-0.1573446639830677,-0.12457529216100535,-0.14065746898533213,2.544789001899049,-0.4815580706331652,-1.2142303859791832,-1.312370747034849,-0.23855760955043356,-1.07823521588918,0.0,0.0,-0.4732856246833521,-0.14518296044949883,-0.8936620082071127,0.49308766027025497,0.9536919799837233,0.5493971881446129
-1.181149098405711,0.06457316506698858,-0.31378087963814716,-0.10126278656959778,-0.30357224319206555,-0.17453775587990636,-0.15632277481226584,-0.12726169781785823,-0.14065746898533213,0.27461751819054514,-0.4664474991753269,-1.2142303859791832,1.463653824256819,-0.23855760955043356,-0.23997130943082634,0.0,0.0,-0.7229233348092661,0.10880956444941081,-0.8250350993391762,-1.776681208677,0.9536919799837233,0.5493971881446129
-1.4621120543146384,0.06457316506698858,-0.31378087963814716,-0.15399637094716057,-0.2810340801679643,-0.1151257446135884,-0.15938844232467142,-0.12726169781785823,-0.14065746898533213,0.27461751819054514,-0.4815580706331652,-1.2142303859791832,0.027571849064808907,-0.23855760955043356,0.5138631388230865,0.0,0.0,-0.058127258930473505,-0.14473969251773808,-0.5668106997522169,-0.814679649642611,0.9536919799837233,0.5493971881446129
1.416755266824972,0.06457316506698858,-0.31378087963814716,-0.16358429537944472,-0.34864856924026805,-0.17453775587990636,-0.16449788817868072,-0.12726169781785823,-0.14065746898533213,0.27461751819054514,0.22863878788523456,-1.2142303859791832,-0.29339347384247094,-0.23855760955043356,0.5610364234071566,0.0,0.0,-0.3756013033297336,-0.1499407029170642,-0.3695037486790324,-0.09250147961295005,-1.0485565790508873,-1.8201767711573702
-0.5991636480499083,0.06457316506698858,4.945279438858866,0.07611381542765891,0.3274963214827698,0.06311028918536546,0.7470272521765786,-0.03726710831328708,-0.08244628449077665,0.27461751819054514,1.029499075150664,-1.2142303859791832,-0.6417010680787849,-0.23855760955043356,-1.4567760834431462,0.0,0.0,1.8548573675778885,-0.13459038539052642,-0.28057963301922584,-0.3970476648918822,0.9536919799837233,0.5493971881446129
0.4255552302950428,-0.75666503681061,-0.31378087963814716,-0.16358429537944472,-0.2810340801679643,-0.17453775587990636,-0.1604103314954733,-0.12726169781785823,-0.14065746898533213,0.27461751819054514,-0.421115784801812,-1.2142303859791832,-0.46414101691795057,-0.23855760955043356,0.11866141956827037,0.0,0.0,-0.45971835782868287,-0.1308619965003054,-0.7007813668592946,0.00986300178472062,-1.0485565790508873,0.5493971881446129
1.4783574625931202,0.06457316506698858,-0.31378087963814716,-0.16358429537944472,-0.3148413247041162,-0.14483175024674738,-0.155300885641464,-0.12726169781785823,-0.14065746898533213,0.27461751819054514,-0.9650963572839906,-1.2142303859791832,0.692535887786911,-0.23855760955043356,1.5752620419646008,0.0,0.0,-0.7039291612127291,-0.04478277390568898,-1.3456603565416556,-1.2228615675851127,-1.0485565790508873,0.5493971881446129
-0.5627976459262747,0.8858113669445872,-0.31378087963814716,-0.16358429537944472,-0.30357224319206555,-0.17453775587990636,-0.15836655315386958,-0.12591849498943178,-0.14065746898533213,-1.995553965517959,-0.8442117856212842,-1.2142303859791832,1.0009830623748743,4.224919924040687,1.5752620419646008,0.0,0.0,0.29190822591999277,-0.1496540330525344,-0.0044208516090499346,-0.5232999156795697,-1.0485565790508873,0.5493971881446129
0.8188516020164758,0.06457316506698858,-0.31378087963814716,-0.12523259765030814,-0.12326693899925543,-0.14483175024674738,-0.1266879888590119,-0.111143263876741,-0.14065746898533213,0.27461751819054514,1.0748307895241789,-1.2142303859791832,0.272705011264406,-0.23855760955043356,-2.097832449900119,0.0,0.0,-0.6143851999719121,-0.010703014939359828,0.21014974599229677,-0.6847986496855112,0.9536919799837233,0.5493971881446129
0.6729993443889486,-2.399141440565807,-0.31378087963814716,-0.16358429537944472,-0.365552191508344,-0.17453775587990636,-0.16347599900787887,-0.12726169781785823,-0.14065746898533213,0.27461751819054514,2.253455363235566,-1.2142303859791832,-0.6452593644087409,-0.23855760955043356,-1.4809981925277012,0.0,0.0,-0.6985022544708615,-0.14489206586928083,1.6646001096915513,0.7147464349712614,-1.0485565790508873,0.5493971881446129
-0.12329962737873058,0.8858113669445872,-0.31378087963814716,-0.15879033316330265,-0.3599176507523187,-0.17453775587990636,-0.162454109837077,-0.12726169781785823,-0.14065746898533213,0.27461751819054514,1.120162503897694,-1.2142303859791832,0.48176365181847025,-0.23855760955043356,-0.9517934002464834,0.0,0.0,-0.6985022544708615,-0.1352925447220871,-0.8463320514089613,0.14610510332245633,0.9536919799837233,0.5493971881446129
1.3497175831949286,0.8858113669445872,-0.31378087963814716,-0.16358429537944472,-0.33174494697219215,-0.17453775587990636,-0.1604103314954733,-0.12591849498943178,-0.14065746898533213,-1.995553965517959,-0.6326637852115481,-1.2142303859791832,1.223750466243959,-0.23855760955043356,0.8837445747663433,0.0,0.0,-0.3593205831041305,-0.1468664354669306,1.384564273264258,-1.3932676109980013,-1.0485565790508873,0.5493971881446129
0.32642228500428344,0.8858113669445872,0.34360166017397953,0.013792306617811962,-0.12890147975528074,-0.14483175024674738,-0.1287317672006156,-0.11785927801887318,-0.14065746898533213,0.27461751819054514,-0.6628849281272247,-1.2142303859791832,1.5297496473828107,-0.23855760955043356,-1.0011981987256837,0.0,0.0,-0.2724900752342474,-0.11631545667387751,0.22490829069474474,-0.3323525665242095,0.9536919799837233,0.5493971881446129
1.604926679948685,0.06457316506698858,-0.31378087963814716,-0.1492024087310185,-0.16270872429143265,-0.14483175024674738,-0.1287317672006156,-0.11920248084729962,-0.14065746898533213,0.27461751819054514,0.01709078747549847,-1.2142303859791832,-0.46964900217844985,-0.23855760955043356,-0.37645502006206155,0.0,0.0,-0.6008179331172429,-0.045204730879192,-0.9530319324858647,-0.1533394266910607,0.9536919799837233,0.5493971881446129
-0.6979083442076751,0.8858113669445872,1.0009841999861062,0.15281721088593206,-0.3204758654601415,-0.17453775587990636,-0.14814766144585095,-0.12457529216100535,0.3056282788062598,0.27461751819054514,0.07753307330685164,-1.2142303859791832,1.328708185374585,-0.23855760955043356,0.1490072658681935,0.0,0.0,-0.6849349876161922,-0.08866629915000322,-0.32224024759188413,0.13399655309001499,0.9536919799837233,0.5493971881446129
0.5222292644101828,-0.75666503681061,0.34360166017397953,0.4836006037997351,0.8853158563292761,-0.026007727714111476,0.43126349839880385,0.2998768016217481,-0.14065746898533213,-1.995553965517959,4.323603652959412,-1.2142303859791832,-0.9529956915882595,-0.23855760955043356,-1.2377390676770665,0.0,0.0,0.22949879838851428,-0.05881814720310234,0.48190937141612833,0.011520159630134042,0.9536919799837233,0.5493971881446129
-0.3015059794223019,0.8858113669445872,-0.31378087963814716,-0.16358429537944472,-0.365552191508344,-0.17453775587990636,-0.16449788817868072,-0.12726169781785823,-0.14065746898533213,-1.995553965517959,-0.829101214163446,-1.2142303859791832,1.2785855195040408,-0.23855760955043356,1.0047601315260373,0.0,0.0,-0.6767946275033906,-0.14809190625167876,1.3461489899198527,-1.6233157696054,-1.0485565790508873,-1.8201767711573702
1.5479834737764473,-0.75666503681061,-0.31378087963814716,-0.11564467321802399,-0.16834326504745797,-0.17453775587990636,-0.16143222066627516,-0.12457529216100535,-0.14065746898533213,0.27461751819054514,-1.040649214573182,-1.2142303859791832,0.9238712687278833,0.06552791166234659,1.5752620419646008,0.0,0.0,-0.511273971876426,-0.08944071430137346,-0.07111393835390431,-0.03001926369489107,0.9536919799837233,0.5493971881446129
-0.30163539579996607,0.06457316506698858,-0.31378087963814716,-0.16358429537944472,-0.33737948772821746,-0.17453775587990636,-0.16347599900787887,-0.12726169781785823,-0.14065746898533213,-1.995553965517959,-0.5117792135488418,-1.2142303859791832,0.9431492171396312,-0.23855760955043356,0.7403811974203629,0.0,0.0,-0.5085605185054921,-0.14377584248007225,1.3461489899198527,-0.30433143114002925,-1.0485565790508873,0.5493971881446129
-0.8564434068462916,-2.399141440565807,-0.31378087963814716,-0.16358429537944472,-0.365552191508344,-0.17453775587990636,-0.16449788817868072,-0.12726169781785823,-0.14065746898533213,0.27461751819054514,-0.9953175001996671,-1.2142303859791832,-3.1630537945626265,-0.23855760955043356,1.5752620419646008,0.0,0.0,-0.671367720761523,-0.14858418938743226,0.15759187832582447,-1.6962116881764704,-1.0485565790508873,-1.8201767711573702
-0.12342904375639477,0.8858113669445872,-0.31378087963814716,-0.12043863543416607,-0.29793770243604023,-0.17453775587990636,-0.1573446639830677,-0.12726169781785823,-0.14065746898533213,0.27461751819054514,-1.1010915004045352,-1.2142303859791832,-1.312370747034849,4.356512488776046,1.5752620419646008,0.0,0.0,-0.671367720761523,-0.07769541783892465,-0.8463320514089613,10.279546362784878,0.9536919799837233,0.5493971881446129
1.5794316535488422,0.8858113669445872,-0.31378087963814716,-0.16358429537944472,-0.3204758654601415,-0.17453775587990636,-0.162454109837077,-0.12591849498943178,-0.14065746898533213,0.27461751819054514,-0.6628849281272247,-1.2142303859791832,1.1992705317528505,-0.23855760955043356,-0.2650667013856018,0.0,0.0,0.6555109776251282,-0.15180744906463786,-0.07111393835390431,-0.03001926369489107,-1.0485565790508873,0.5493971881446129
-0.8579964033782617,0.8858113669445872,-0.31378087963814716,-0.16358429537944472,-0.3261104062161668,-0.17453775587990636,-0.1573446639830677,-0.12591849498943178,-0.14065746898533213,0.27461751819054514,-0.3304523560547823,-1.2142303859791832,0.4857360775517995,-0.23855760955043356,0.92941082260019,0.0,0.0,-0.6686542673905891,-0.10898274602237092,0.15759187832582447,0.2882863645669203,-1.0485565790508873,0.5493971881446129
-0.7456629875657563,0.8858113669445872,-0.31378087963814716,-0.16358429537944472,-0.3599176507523187,-0.17453775587990636,-0.16449788817868072,-0.12726169781785823,-0.14065746898533213,0.27461751819054514,-0.6326637852115481,-1.2142303859791832,0.9025002859171455,-0.23855760955043356,0.5379858411672146,0.0,0.0,-0.5791103061497721,-0.1493718424046379,0.9627557498998675,-0.42763336499163107,-1.0485565790508873,-1.8201767711573702
-0.6805665496006754,0.8858113669445872,-0.31378087963814716,-0.16358429537944472,-0.34301402848424273,-0.14483175024674738,-0.16347599900787887,-0.12726169781785823,-0.14065746898533213,0.27461751819054514,-0.19445721293423762,-1.2142303859791832,-0.2062984569108249,-0.23855760955043356,0.2870319216194586,0.0,0.0,-0.6605139072777876,-0.12889286395729127,-0.32224024759188413,0.8165139842272006,-1.0485565790508873,0.5493971881446129
1.267408767000512,0.06457316506698858,1.0009841999861062,-0.12043863543416607,-0.2134195910956605,-0.17453775587990636,-0.1287317672006156,-0.11651607519044675,-0.14065746898533213,-1.995553965517959,-0.6931060710429013,-1.2142303859791832,0.3895966984594476,-0.23855760955043356,1.1818124485586958,0.0,0.0,-0.40816274378093975,-0.11952747747222421,-1.2083802365953147,1.5859001134962947,0.9536919799837233,0.5493971881446129
0.07017785722921357,0.8858113669445872,0.34360166017397953,0.2918421151540522,0.4852634626514787,-0.14483175024674738,-0.000995620850383072,-0.12591849498943178,0.053379812663186116,0.27461751819054514,-0.31534178459694395,-1.2142303859791832,0.4794269307988637,-0.23855760955043356,1.15266803423233,0.0,0.0,-0.31319187579825514,-0.0067318691052393,1.7862885274902995,0.9072139750759969,0.9536919799837233,0.5493971881446129
-0.16548936649725218,0.06457316506698858,-0.31378087963814716,-0.14440844651487644,-0.30920678394809087,-0.17453775587990636,-0.162454109837077,-0.12591849498943178,-0.14065746898533213,0.27461751819054514,-0.829101214163446,-1.2142303859791832,0.9238712687278833,-0.23855760955043356,1.0047601315260373,0.0,0.0,-0.7202098814383322,0.05669787822178768,-0.3264081370708519,0.71976732732182,0.9536919799837233,0.5493971881446129
-0.8581258197559258,-1.5779032386882086,-0.31378087963814716,-0.16358429537944472,-0.365552191508344,-0.17453775587990636,-0.16449788817868072,-0.12726169781785823,-0.14065746898533213,0.27461751819054514,-0.6628849281272247,-1.2142303859791832,-0.44486306850620266,-0.23855760955043356,0.4710647959544775,0.0,0.0,-0.2996246089435859,-0.15354930273208744,0.15759187832582447,-0.9974858327487117,-1.0485565790508873,-1.8201767711573702
1.103179383744672,0.8858113669445872,-0.31378087963814716,-0.04852920219203498,0.16972918031406098,-0.17453775587990636,-0.015302069241609116,-0.05875835356811004,-0.14065746898533213,0.27461751819054514,-0.19445721293423762,-1.2142303859791832,-0.4050866522215741,-0.23855760955043356,0.10299904728443846,0.0,0.0,-0.7120695213255306,1.1859506386280327,2.3081001784106907,0.21184737856856367,0.9536919799837233,0.5493971881446129
0.8715240677257956,0.8858113669445872,-0.31378087963814716,-0.16358429537944472,-0.26976499865591363,-0.14483175024674738,-0.162454109837077,-0.12591849498943178,-0.14065746898533213,0.27461751819054514,-0.2548994987655908,-1.2142303859791832,-1.1686624043290936,-0.23855760955043356,-0.19526112836197354,0.0,0.0,-0.6279524668265813,-0.08866629915000322,-0.4594159100683915,-0.54711346439607,-1.0485565790508873,0.5493971881446129
0.6890469752193065,0.8858113669445872,-0.31378087963814716,-0.16358429537944472,-0.30920678394809087,-0.17453775587990636,-0.16347599900787887,-0.12726169781785823,-0.14065746898533213,0.27461751819054514,-0.6326637852115481,-1.2142303859791832,-1.8907091993872795,-0.23855760955043356,0.5379858411672146,0.0,0.0,-0.37288784995879976,-0.1420686772965768,0.4406937495547577,-1.2796635820560756,-1.0485565790508873,0.5493971881446129
1.188853025758357,0.06457316506698858,-0.31378087963814716,-0.10126278656959778,-0.20778505033963518,-0.14483175024674738,-0.15121332895825654,-0.12457529216100535,-0.02423509999622118,0.27461751819054514,-0.2397889273077525,-1.2142303859791832,-0.16358027577115694,-0.23855760955043356,0.22152869516123097,0.0,0.0,-0.6930753477289937,0.09296273588896403,-0.8865596275407771,0.19237506414904787,0.9536919799837233,0.5493971881446129
-1.4350640313828256,0.06457316506698858,-0.31378087963814716,-0.16358429537944472,-0.3599176507523187,-0.14483175024674738,-0.16449788817868072,-0.12726169781785823,-0.14065746898533213,0.27461751819054514,-0.19445721293423762,-1.2142303859791832,0.9596731729211289,-0.23855760955043356,-0.6331324500556433,0.0,0.0,-0.6930753477289937,-0.1374257716436857,-0.5668106997522169,0.18161404828563266,-1.0485565790508873,-1.8201767711573702
0.8733358970130941,0.8858113669445872,-0.31378087963814716,-0.16358429537944472,-0.35428310999629337,-0.17453775587990636,-0.16449788817868072,-0.12726169781785823,-0.14065746898533213,0.27461751819054514,-0.9953175001996671,-1.2142303859791832,1.0009830623748743,-0.23855760955043356,1.5752620419646008,0.0,0.0,-0.6903618943580598,-0.1302401651709325,-0.4594159100683915,-2.3210338473570618,-1.0485565790508873,-1.8201767711573702
0.8732064806354299,-2.399141440565807,-0.31378087963814716,-0.16358429537944472,-0.33174494697219215,-0.14483175024674738,-0.1573446639830677,-0.12591849498943178,-0.14065746898533213,0.27461751819054514,0.24374935934307287,-1.2142303859791832,-1.4680376031938809,3.9392305450797163,-0.8070536279986293,0.0,0.0,1.1276518641676176,-0.15293114235974642,-0.4594159100683915,-1.5337121522723594,-1.0485565790508873,0.5493971881446129
0.051153649712579595,0.06457316506698858,-0.31378087963814716,-0.16358429537944472,-0.34864856924026805,-0.17453775587990636,-0.16449788817868072,-0.12726169781785823,-0.14065746898533213,0.27461751819054514,-0.8895434999947991,-1.2142303859791832,-0.734032294682418,-0.23855760955043356,0.8621346539163971,0.0,0.0,-0.6849349876161922,-0.1252359035202651,0.7937221444573845,-1.08440665731214,-1.0485565790508873,-1.8201767711573702
1.6387043545190352,-2.399141440565807,0.34360166017397953,-0.14440844651487644,-0.033114286902850384,-0.05571373334727045,-0.07968108700212632,-0.12054568367572605,-0.14065746898533213,0.27461751819054514,0.9690567893193109,-1.2142303859791832,-1.8917801965212657,-0.23855760955043356,-0.23064328604236115,0.0,0.0,0.7287742186403421,-0.13748874513214618,1.5074031198841442,0.34757110588186885,0.9536919799837233,0.5493971881446129
0.2372544007936657,0.06457316506698858,-0.31378087963814716,-0.0964688243534557,-0.3204758654601415,-0.14483175024674738,-0.162454109837077,-0.12726169781785823,0.7131065702681482,0.27461751819054514,-0.572221499380195,-1.2142303859791832,-0.0014702550360057643,-0.23855760955043356,0.34174439777311333,0.0,0.0,-0.6767946275033906,-0.09689446013331214,-0.5572324372941792,0.07130324860466503,0.9536919799837233,0.5493971881446129
0.7533669149184024,0.06457316506698858,-0.31378087963814716,-0.16358429537944472,-0.3599176507523187,-0.14483175024674738,-0.16449788817868072,-0.12726169781785823,-0.14065746898533213,0.27461751819054514,-0.8442117856212842,-1.2142303859791832,0.6044081236189219,-0.23855760955043356,-1.427379591922573,0.0,0.0,0.4031598141282805,-0.15376366124227978,-0.7418753830924125,-2.4964225236182807,-1.0485565790508873,-1.8201767711573702
0.8663474126192285,0.8858113669445872,-0.31378087963814716,-0.12043863543416607,-0.29793770243604023,-0.17453775587990636,-0.1573446639830677,-0.12726169781785823,-0.14065746898533213,0.27461751819054514,-0.6175532137537099,-1.2142303859791832,-0.0014702550360055076,4.356512488776046,0.2329046056385701,0.0,0.0,-0.5872506662625737,-0.11946175546180268,-0.4594159100683915,-1.1326466034253468,0.9536919799837233,0.5493971881446129
1.2621026955162808,-0.75666503681061,0.34360166017397953,0.05214400434694854,0.18099826182611162,-0.14483175024674738,0.012288938370041113,-0.034580702656434203,-0.14065746898533213,-1.995553965517959,0.7726193603674131,-1.2142303859791832,-1.2109078606572294,-0.23855760955043356,-1.231969580828328,0.0,0.0,0.32989657311306664,-0.11638513344989285,-1.2083802365953147,-1.0862662470716056,0.9536919799837233,0.5493971881446129
0.4339672948432143,0.8858113669445872,1.0009841999861062,0.04735004213080647,0.6937414706244154,0.12252230045168341,0.05520828354371925,-0.061444759224962904,-0.14065746898533213,0.27461751819054514,-0.6175532137537099,-1.2142303859791832,-0.8175700711333249,3.2921866136650064,-1.445042189768967,0.0,0.0,0.6636513377379298,-0.09845113923826249,0.16008876236159203,-2.0698798421962348,0.9536919799837233,0.5493971881446129
1.50747614756756,0.8858113669445872,-0.31378087963814716,-0.16358429537944472,-0.3148413247041162,-0.17453775587990636,-0.1604103314954733,-0.12591849498943178,-0.14065746898533213,0.27461751819054514,0.6215136457890302,-0.46140754667204165,0.1821851317586439,-0.23855760955043356,-0.2936235267134507,0.0,0.0,0.750481845607813,-0.15169899904638184,-0.45137039484202884,-0.4986358830803351,-1.0485565790508873,0.5493971881446129
-0.7495454788956816,0.8858113669445872,-0.31378087963814716,-0.15879033316330265,-0.29793770243604023,-0.17453775587990636,-0.1604103314954733,-0.12726169781785823,-0.14065746898533213,0.27461751819054514,-0.7082166425007396,-0.46140754667204165,1.0009830623748743,-0.23855760955043356,1.1677606773656288,0.0,0.0,-0.23450172804117356,-0.14381404477788476,0.9627557498998675,-0.29780018905800265,0.9536919799837233,0.5493971881446129
-1.4782891015226607,0.06457316506698858,-0.31378087963814716,-0.16358429537944472,-0.34864856924026805,-0.17453775587990636,-0.1604103314954733,-0.12726169781785823,-0.14065746898533213,0.27461751819054514,-0.20956778439207593,-0.46140754667204165,-1.3058613099088041,-0.23855760955043356,1.014112621861097,0.0,0.0,-0.40002238366813825,-0.14961563976710632,-0.6297126490264175,1.2298680408823675,-1.0485565790508873,0.5493971881446129
0.6433629939038521,-0.75666503681061,-0.31378087963814716,-0.16358429537944472,-0.258495917143863,-0.17453775587990636,-0.1604103314954733,-0.12726169781785823,-0.14065746898533213,0.27461751819054514,-0.783769499789931,-0.46140754667204165,1.1552066496688558,-0.23855760955043356,1.5752620419646008,0.0,0.0,1.0082599158465284,-0.14972903388918465,-1.4612372771973,-0.6005090612076047,-1.0485565790508873,0.5493971881446129
0.19778240560609178,-0.75666503681061,0.34360166017397953,0.08570173985994305,-0.1852468873155339,-0.17453775587990636,-0.1164690971509933,-0.11651607519044675,-0.14065746898533213,0.27461751819054514,1.8908016482474468,-0.46140754667204165,-0.5192807389279492,-0.23855760955043356,-1.0490467460527884,0.0,0.0,0.017849435455674214,-0.13638963285319497,-0.5572324372941792,0.2605230403240847,0.9536919799837233,0.5493971881446129
-1.247927949280426,0.06457316506698858,1.6583667397982327,0.02817419326623818,0.15846009880201034,0.686936407481704,0.06440528608093599,-0.06413116488181578,-0.12125374082048031,0.27461751819054514,-0.572221499380195,-0.46140754667204165,0.89816733751222,-0.23855760955043356,0.6501238088209859,0.0,0.0,0.5958150034645836,-0.1252062324416685,0.08020828975698321,-0.48597056904289015,0.9536919799837233,0.5493971881446129
-1.3808385691415355,0.8858113669445872,1.0009841999861062,-0.16358429537944472,-0.23595775411976175,-0.17453775587990636,-0.1287317672006156,-0.12188888650415249,-0.14065746898533213,0.27461751819054514,-0.4966686420910035,-0.46140754667204165,-0.2559391740710754,-0.23855760955043356,0.7602593127666541,0.0,0.0,-0.7283502415511337,0.5827516370880045,-0.5269982379698451,1.2196250546662935,-1.0485565790508873,0.5493971881446129
-0.48074766248718664,-2.399141440565807,-0.31378087963814716,-0.06770505105660327,0.10211469124175719,0.06311028918536546,-0.08479053285613562,-0.12054568367572605,0.15039845348744524,-1.995553965517959,-0.11890435564504617,-0.46140754667204165,-0.7648770121412146,-0.23855760955043356,0.3831684977646189,0.0,0.0,0.2647736922106543,-0.11971596323796141,0.22152724227200443,-0.0579963752999927,0.9536919799837233,0.5493971881446129
0.05102423333491542,0.8858113669445872,-0.31378087963814716,-0.16358429537944472,-0.3599176507523187,-0.17453775587990636,-0.16347599900787887,-0.12726169781785823,-0.14065746898533213,0.27461751819054514,0.22863878788523456,-0.46140754667204165,-0.18323376863248414,-0.23855760955043356,-1.4674148137077354,0.0,0.0,-0.7147829746964645,-0.12377311934545461,0.7937221444573845,-1.446282824504233,-1.0485565790508873,0.5493971881446129
0.7057416879379853,0.8858113669445872,-0.31378087963814716,-0.16358429537944472,-0.3599176507523187,-0.17453775587990636,-0.16449788817868072,-0.12726169781785823,-0.14065746898533213,0.27461751819054514,-0.9499857858261522,-0.46140754667204165,0.22435714064446743,-0.23855760955043356,1.5752620419646008,0.0,0.0,-0.7147829746964645,-0.12377311934545461,2.6855336471000912,0.28239181589540546,-1.0485565790508873,-1.8201767711573702
1.349199917684272,-0.75666503681061,-0.31378087963814716,-0.16358429537944472,-0.33174494697219215,-0.17453775587990636,-0.1604103314954733,-0.12726169781785823,-0.14065746898533213,-1.995553965517959,-0.8442117856212842,-0.46140754667204165,-0.5412528105649415,-0.23855760955043356,-0.2263229383677037,0.0,0.0,-0.45971835782868287,-0.14415364116565055,1.384564273264258,-2.4964225236182807,-1.0485565790508873,0.5493971881446129
-1.6897554626259252,0.06457316506698858,-0.31378087963814716,-0.1492024087310185,-0.15143964277938202,-0.14483175024674738,-0.12566609968821005,-0.12323208933257893,-0.12125374082048031,0.27461751819054514,-0.013130355440178116,-0.46140754667204165,-0.40805971244741146,-0.23855760955043356,-0.8917732464183742,0.0,0.0,0.04227051579407883,-0.13376459325921197,-2.5432043536965194,-0.6886155936420023,0.9536919799837233,0.5493971881446129
0.9225141205254813,-0.75666503681061,-0.31378087963814716,-0.16358429537944472,-0.34864856924026805,-0.17453775587990636,-0.16347599900787887,-0.12726169781785823,-0.14065746898533213,-1.995553965517959,0.24374935934307287,-0.46140754667204165,-1.081035366093877,-0.23855760955043356,0.1960266540911518,0.0,0.0,-0.37288784995879976,-0.14997416530014812,1.4322266993301151,0.011177801745587378,-1.0485565790508873,0.5493971881446129
0.08182533121898947,-1.5779032386882086,-0.31378087963814716,-0.16358429537944472,-0.35428310999629337,-0.17453775587990636,-0.16347599900787887,-0.12726169781785823,-0.14065746898533213,0.27461751819054514,-0.19445721293423762,-0.46140754667204165,-1.0164417207662029,-0.23855760955043356,1.023163418959539,0.0,0.0,-0.6957888010999276,-0.12738705671851577,1.7862885274902995,0.6351140025296095,-1.0485565790508873,0.5493971881446129
-0.7457924039434205,0.8858113669445872,-0.31378087963814716,-0.16358429537944472,-0.34864856924026805,-0.17453775587990636,-0.16347599900787887,-0.12726169781785823,-0.14065746898533213,0.27461751819054514,-0.10379378418720787,-0.46140754667204165,0.5102716482576605,-0.23855760955043356,-0.10268475344293758,0.0,0.0,-0.6930753477289937,-0.12035995627089684,0.9627557498998675,-0.6364643005466416,-1.0485565790508873,0.5493971881446129
-0.7786641638701214,0.06457316506698858,1.0009841999861062,0.013792306617811962,0.6430306038201875,0.09281629481852444,0.08790873700937878,-0.06681757053866864,-0.08244628449077665,0.27461751819054514,0.1379753591382048,-0.46140754667204165,0.7336621777319727,-0.23855760955043356,-1.0055799338288978,0.0,0.0,0.30276203940372814,-0.08268218207123311,0.9627557498998675,-0.3647454203987801,0.9536919799837233,0.5493971881446129
-1.042673574305042,0.8858113669445872,-0.31378087963814716,-0.16358429537944472,-0.27539953941193895,-0.14483175024674738,-0.15938844232467142,-0.12726169781785823,-0.14065746898533213,0.27461751819054514,-0.5420003564645184,-0.46140754667204165,-0.33133737230368865,-0.23855760955043356,0.4050017128598567,0.0,0.0,-0.6903618943580598,-0.017066863225069468,-1.3024883843945956,0.8351191105551596,-1.0485565790508873,0.5493971881446129
-1.4901954082677649,0.06457316506698858,-0.31378087963814716,-0.0964688243534557,-0.3148413247041162,-0.17453775587990636,-0.162454109837077,-0.12726169781785823,0.3056282788062598,0.27461751819054514,-0.5420003564645184,-0.46140754667204165,-1.7064976923416906,-0.23855760955043356,0.4050017128598567,0.0,0.0,-0.6903618943580598,-0.07365351419800098,-0.6297126490264175,0.9312455965829427,0.9536919799837233,0.5493971881446129
0.6196797967913078,0.8858113669445872,-0.31378087963814716,0.04735004213080647,0.6937414706244154,0.12252230045168341,0.05520828354371925,-0.061444759224962904,-0.14065746898533213,0.27461751819054514,-0.11890435564504617,-0.46140754667204165,0.4409079295704148,3.2921866136650064,0.5534675755074727,0.0,0.0,0.7206338585275406,-0.10063453330754346,-1.4612372771973,0.5575000800122332,0.9536919799837233,0.5493971881446129
1.1232389222826193,0.8858113669445872,0.34360166017397953,-0.053323164408177054,0.9416612638895292,0.033404283552206475,0.3995849341039462,0.09033716038722425,-0.14065746898533213,0.27461751819054514,-0.4060052133439737,-0.46140754667204165,-0.6772499739059975,-0.23855760955043356,-0.5641201221800102,0.0,0.0,-0.014712004995531951,-0.020957949565958683,-0.8039532679973672,0.009032121253895376,0.9536919799837233,0.5493971881446129
-1.7813822580121623,0.8858113669445872,0.34360166017397953,0.12405343758907963,0.7669905004527444,0.003698277919047501,0.20440410248079086,-0.06413116488181578,-0.14065746898533213,2.544789001899049,-0.05846206981369299,-0.46140754667204165,0.1271392749276815,0.8880000945230252,-0.8353094105927079,0.0,0.0,-0.09611560612354736,-0.02413170320248229,-1.6917206589063898,-0.742844543886834,0.9536919799837233,0.5493971881446129
1.1856176163167524,0.8858113669445872,-0.31378087963814716,-0.08208693770502949,-0.15143964277938202,-0.05571373334727045,-0.12770987802981376,-0.11517287236202031,-0.14065746898533213,0.27461751819054514,0.44018678829497065,-0.46140754667204165,-0.14192387917873922,-0.23855760955043356,0.36843107757533355,0.0,0.0,0.8183181798811591,-0.14407401971934605,-0.8865596275407771,0.024051884695737727,0.9536919799837233,0.5493971881446129
0.7056122715603211,-1.5779032386882086,-0.31378087963814716,-0.16358429537944472,-0.3261104062161668,-0.14483175024674738,-0.16347599900787887,-0.12726169781785823,-0.14065746898533213,0.27461751819054514,-0.6024426422958715,-0.46140754667204165,1.2323184433158467,-0.23855760955043356,0.5972587669270653,0.0,0.0,-0.6740811741324568,-0.10534203874284262,2.6855336471000912,0.34487403181346443,-1.0485565790508873,0.5493971881446129
-0.8187832409460162,0.8858113669445872,-0.31378087963814716,-0.07729297548888742,-0.29793770243604023,-0.1151257446135884,-0.14303821559184166,-0.12591849498943178,-0.14065746898533213,-1.995553965517959,-0.36067349897045886,-0.46140754667204165,0.2298651259049665,-0.23855760955043356,0.6803570844139145,0.0,0.0,-0.09340215275261352,-0.14613719204318462,-0.6862124609088535,-0.434315954929392,0.9536919799837233,0.5493971881446129
1.4484622793526953,0.06457316506698858,-0.31378087963814716,-0.16358429537944472,-0.33174494697219215,-0.17453775587990636,-0.16347599900787887,-0.12726169781785823,-0.14065746898533213,2.544789001899049,-0.4966686420910035,-0.46140754667204165,1.1590622393512053,-0.23855760955043356,0.21692415996802217,0.0,0.0,-0.671367720761523,-0.11313980361317848,-1.455640001332804,0.3270219701225905,-1.0485565790508873,0.5493971881446129
0.5340061547776228,0.8858113669445872,-0.31378087963814716,-0.16358429537944472,-0.33174494697219215,-0.17453775587990636,-0.16347599900787887,-0.12726169781785823,-0.14065746898533213,-1.995553965517959,-0.05846206981369299,-0.46140754667204165,0.4689116862106375,-0.23855760955043356,-0.35319512008124565,0.0,0.0,-0.6659408140196552,-0.11609350242769961,0.48190937141612833,-1.3764670151685618,-1.0485565790508873,0.5493971881446129
0.45182675496087066,0.8858113669445872,-0.31378087963814716,-0.16358429537944472,-0.34864856924026805,-0.17453775587990636,-0.16143222066627516,-0.12726169781785823,-0.14065746898533213,0.27461751819054514,-0.7988800712477694,-0.46140754667204165,0.36481076478720037,-0.23855760955043356,0.019347740768520215,0.0,0.0,-0.08254833926887813,-0.15196331807235772,0.16008876236159203,-0.7968464590528904,-1.0485565790508873,0.5493971881446129
-1.411251417892617,0.8858113669445872,0.34360166017397953,-0.14440844651487644,-0.21905413185168582,-0.17453775587990636,-0.13384121305462493,-0.12323208933257893,-0.14065746898533213,0.27461751819054514,-0.3455629275126206,-0.46140754667204165,-0.7571658327765153,-0.23855760955043356,0.9169906068431831,0.0,0.0,-0.6605139072777876,-0.016258482496884732,-0.5269982379698451,0.7630242460343224,0.9536919799837233,0.5493971881446129
-1.478547934277989,0.06457316506698858,-0.31378087963814716,-0.16358429537944472,-0.34864856924026805,-0.17453775587990636,-0.16347599900787887,-0.12726169781785823,-0.14065746898533213,0.27461751819054514,-0.4966686420910035,-0.46140754667204165,-0.48917731355658384,-0.23855760955043356,-0.05474341643129381,0.0,0.0,-0.6578004539068537,-0.13467322077710686,-0.6297126490264175,-0.4763208059667426,-1.0485565790508873,0.5493971881446129
0.8726888151247733,0.06457316506698858,-0.31378087963814716,-0.16358429537944472,-0.35428310999629337,-0.17453775587990636,-0.16449788817868072,-0.12726169781785823,-0.14065746898533213,0.27461751819054514,-0.9650963572839906,-0.46140754667204165,1.7721009988447818,-0.23855760955043356,1.5752620419646008,0.0,0.0,-0.6550870005359198,-0.14009230529568395,-0.4594159100683915,0.1403867797179975,-1.0485565790508873,-1.8201767711573702
-0.8727498704319778,0.06457316506698858,2.3157492796103596,-0.09167486213731363,-0.33737948772821746,-0.17453775587990636,-0.15632277481226584,-0.10577045256303527,-0.14065746898533213,0.27461751819054514,1.2410470755604002,-0.46140754667204165,0.40420483328077184,-0.23855760955043356,-0.7503508413518335,0.0,0.0,-0.5628295859241691,-0.14052864716601093,0.15759187832582447,-0.10165492525699797,0.9536919799837233,0.5493971881446129
-0.24870409733531781,0.8858113669445872,-0.31378087963814716,-0.1348205220825923,-0.19088142807155922,-0.08541973898042943,-0.12464421051740818,-0.12591849498943178,-0.14065746898533213,0.27461751819054514,-1.0557597860310204,-0.46140754667204165,2.3889953480207087,-0.23855760955043356,1.5752620419646008,0.0,0.0,-0.7283502415511337,0.8284993784561643,-0.8603242518026359,2.2193405093552405,0.9536919799837233,0.5493971881446129
-0.4459346568955231,0.06457316506698858,-0.31378087963814716,-0.05811712662431912,-0.258495917143863,-0.14483175024674738,-0.14814766144585095,-0.12726169781785823,-0.12125374082048031,-1.995553965517959,-0.8744329285369609,-0.46140754667204165,-1.5437061279758206,-0.23855760955043356,0.9040833238015842,0.0,0.0,0.34889074670960357,-0.14685017714806164,0.22152724227200443,-1.353172071371439,0.9536919799837233,0.5493971881446129
1.4629569136510832,0.8858113669445872,1.0009841999861062,0.3589575861800412,1.9220713554379343,2.231648700405971,1.0883382352244,0.28913117899433666,-0.08244628449077665,0.27461751819054514,-0.2548994987655908,-0.46140754667204165,0.9045933203161359,-0.23855760955043356,-0.19526112836197354,0.0,0.0,1.5916523905973055,-0.08180311991121221,-1.3456603565416556,0.6809852622692311,0.9536919799837233,0.5493971881446129
-0.8108888419085014,-1.5779032386882086,0.34360166017397953,-0.08208693770502949,-0.3148413247041162,-0.17453775587990636,-0.155300885641464,-0.12054568367572605,-0.14065746898533213,-1.995553965517959,-0.7686589283320927,-0.46140754667204165,0.43916856580394176,-0.23855760955043356,1.0998437832657988,0.0,0.0,-0.6415197336812506,-0.11298014421779894,-0.6862124609088535,-0.4986358830803351,0.9536919799837233,0.5493971881446129
-0.9941424326809756,0.8858113669445872,0.34360166017397953,0.48839456601587716,0.8064322857449217,0.3007583342506373,0.22075432921362062,0.1494380848379874,-0.14065746898533213,0.27461751819054514,-0.6326637852115481,-0.46140754667204165,0.769647681433902,-0.23855760955043356,1.2295033083654707,0.0,0.0,0.18879699782450657,-0.060903252566865636,0.03136051873977767,-0.2572273215787425,0.9536919799837233,0.5493971881446129
0.9262671954777424,-2.399141440565807,-0.31378087963814716,-0.16358429537944472,-0.34864856924026805,-0.17453775587990636,-0.15325710729986028,-0.12591849498943178,-0.14065746898533213,-1.995553965517959,-0.10379378418720787,-0.46140754667204165,-1.3702045922700914,-0.23855760955043356,0.2329046056385701,0.0,0.0,-0.7256367881801998,-0.05209669477974136,1.4322266993301151,0.49372872267707557,-1.0485565790508873,0.5493971881446129
-1.30072983136741,0.06457316506698858,0.34360166017397953,-0.09167486213731363,-0.17961234655950858,-0.17453775587990636,-0.12770987802981376,-0.11382966953359387,-0.14065746898533213,0.27461751819054514,0.666845360162545,-0.46140754667204165,-0.05276684503782818,-0.23855760955043356,-1.3012181787340358,0.0,0.0,0.27020059895252196,-0.14049121301091588,-1.5576287384669998,-0.32930382733601554,0.9536919799837233,0.5493971881446129
1.4721454764652397,0.8858113669445872,0.34360166017397953,0.3110179640186205,-0.24722683563181239,-0.17453775587990636,-0.11953476466339888,-0.11651607519044675,-0.14065746898533213,0.27461751819054514,0.03220135893333676,-0.46140754667204165,0.012550071081629012,-0.23855760955043356,-0.6474726740297997,0.0,0.0,1.5970792973391732,-0.15057159694244648,-1.3456603565416556,-0.39517507100822397,0.9536919799837233,0.5493971881446129
-0.268634219495601,-0.75666503681061,-0.31378087963814716,-0.16358429537944472,-0.3599176507523187,-0.17453775587990636,-0.16449788817868072,-0.12726169781785823,-0.14065746898533213,-1.995553965517959,-0.028240926898016407,-0.46140754667204165,-0.8384837242587965,-0.23855760955043356,0.012243109256209316,0.0,0.0,-0.7202098814383322,-0.11609350242769961,1.0092000616362544,-0.5435717232953781,-1.0485565790508873,-1.8201767711573702
0.3508819803828128,0.8858113669445872,-0.31378087963814716,0.08570173985994305,0.4570907588713521,0.716642413114863,-0.014280180070807256,-0.09099522145034449,0.48026183228992625,0.27461751819054514,-0.30023121313910567,-0.46140754667204165,0.9084489099984858,-0.23855760955043356,0.33053060100773585,0.0,0.0,-0.386455116813469,0.017860120908713806,0.22490829069474474,-0.6093998112987136,0.9536919799837233,0.5493971881446129
0.05076540057958706,-1.5779032386882086,-0.31378087963814716,-0.16358429537944472,-0.35428310999629337,-0.17453775587990636,-0.16449788817868072,-0.12726169781785823,-0.14065746898533213,0.27461751819054514,-0.5571109279223566,-0.46140754667204165,-0.5018401160342569,-0.23855760955043356,0.07394122502101456,0.0,0.0,-0.7174964280673983,-0.10329414089810797,0.7937221444573845,-0.868596372068844,-1.0485565790508873,-1.8201767711573702
-1.5229377518168015,0.8858113669445872,-0.31378087963814716,-0.15879033316330265,-0.34864856924026805,-0.14483175024674738,-0.16143222066627516,-0.12726169781785823,-0.14065746898533213,0.27461751819054514,-0.8895434999947991,-0.46140754667204165,2.3889953480207087,-0.23855760955043356,0.8621346539163971,0.0,0.0,0.7749029259462176,-0.15339253629479227,0.1997550234776168,0.555751510536914,0.9536919799837233,0.5493971881446129
0.9575859588724731,0.8858113669445872,-0.31378087963814716,-0.16358429537944472,-0.3599176507523187,-0.17453775587990636,-0.16449788817868072,-0.12726169781785823,-0.14065746898533213,0.27461751819054514,-0.17934664147639934,-0.46140754667204165,0.19840880748542614,-0.23855760955043356,-0.5980785692299245,0.0,0.0,-0.7147829746964645,-0.12377311934545461,0.8753350659853014,0.2972685339711338,-1.0485565790508873,-1.8201767711573702
-0.38937969985627785,-0.75666503681061,-0.31378087963814716,-0.16358429537944472,-0.34864856924026805,-0.17453775587990636,-0.16347599900787887,-0.12726169781785823,-0.14065746898533213,0.27461751819054514,-0.3304523560547823,-0.46140754667204165,0.8026955929968982,-0.23855760955043356,-1.008142835493042,0.0,0.0,-0.7120695213255306,-0.0986398276146201,0.10425151138888096,-0.7019978122476026,-1.0485565790508873,0.5493971881446129
1.0252707243908377,0.8858113669445872,0.34360166017397953,0.056937966563090615,-0.16834326504745797,-0.14483175024674738,-0.13997254807943607,-0.12457529216100535,2.187789910796887,2.544789001899049,-0.9046540714526374,-0.46140754667204165,0.7118138361986589,-0.23855760955043356,-1.4674148137077354,0.0,0.0,0.8753007006707698,-0.14521419745140143,-0.8936620082071127,-2.4043434685811405,0.9536919799837233,0.5493971881446129
-0.7460512366987488,0.06457316506698858,-0.31378087963814716,-0.16358429537944472,-0.34864856924026805,-0.17453775587990636,-0.16449788817868072,-0.12726169781785823,-0.14065746898533213,0.27461751819054514,-0.8593223570791225,-0.46140754667204165,1.1552066496688558,-0.23855760955043356,0.9413710303661973,0.0,0.0,-0.7012157078417952,-0.11353363012178129,0.9627557498998675,0.9072139750759969,-1.0485565790508873,-1.8201767711573702
-0.25621024723984004,0.8858113669445872,-0.31378087963814716,-0.16358429537944472,-0.2923031616800149,-0.17453775587990636,-0.1604103314954733,-0.12591849498943178,-0.14065746898533213,0.27461751819054514,-0.2851206416812674,-0.46140754667204165,0.7233806052457076,-0.23855760955043356,-0.6659954633297532,0.0,0.0,-0.6930753477289937,-0.035030879406952486,-0.8603242518026359,-1.101142965147334,-1.0485565790508873,0.5493971881446129
1.1416160479109325,0.8858113669445872,-0.31378087963814716,0.38292739726075153,1.009275752961833,0.003698277919047501,0.10936840959621785,-0.006373443259479069,-0.10185001265562847,-1.995553965517959,-0.4966686420910035,-0.46140754667204165,0.7162625935244465,-0.23855760955043356,0.21692415996802217,0.0,0.0,1.6296407377903794,-0.11143652649359188,1.410140971257745,1.7998170596196998,0.9536919799837233,0.5493971881446129
-0.7490278133850249,0.06457316506698858,-0.31378087963814716,-0.15879033316330265,-0.3599176507523187,-0.17453775587990636,-0.15632277481226584,-0.12591849498943178,-0.14065746898533213,0.27461751819054514,1.1352730753555322,-0.46140754667204165,-0.6754273315107053,-0.23855760955043356,-1.543481735099543,0.0,0.0,-0.687648440987126,-0.1391323531809646,0.9627557498998675,0.0074700658559436525,0.9536919799837233,0.5493971881446129
1.238678331159065,-1.5779032386882086,-0.31378087963814716,-0.16358429537944472,0.07394198746163062,0.033404283552206475,-0.10216264875976724,-0.12323208933257893,-0.14065746898533213,0.27461751819054514,0.6970665030782216,-0.46140754667204165,-1.6229599158907837,-0.23855760955043356,-0.12209901388566846,0.0,0.0,-0.6035313864881767,0.0834259567100526,0.9494396672975342,-0.014527805202810742,-1.0485565790508873,0.5493971881446129
-1.5954109233087406,0.06457316506698858,-0.31378087963814716,-0.16358429537944472,-0.34864856924026805,-0.17453775587990636,-0.16449788817868072,-0.12726169781785823,-0.14065746898533213,2.544789001899049,0.1681965020538814,-0.46140754667204165,0.015053700745491685,-0.23855760955043356,-0.016836312747668118,0.0,0.0,-0.351180222991329,-0.15022513317327738,-1.68924287342001,-0.2915727256774649,-1.0485565790508873,-1.8201767711573702
0.8311461578945726,0.06457316506698858,0.34360166017397953,-0.1492024087310185,-0.2528613763878377,-0.17453775587990636,-0.1522352181290584,-0.12591849498943178,-0.14065746898533213,0.27461751819054514,-0.6931060710429013,-0.46140754667204165,0.15632332270459595,-0.23855760955043356,1.1818124485586958,0.0,0.0,-0.2697766218633136,-0.13595458066327287,0.21014974599229677,0.4224381619186407,0.9536919799837233,0.5493971881446129
0.4536385842481691,0.8858113669445872,-0.31378087963814716,-0.16358429537944472,-0.33174494697219215,-0.17453775587990636,-0.16449788817868072,-0.12726169781785823,-0.14065746898533213,0.27461751819054514,-0.17934664147639934,-0.46140754667204165,0.168175690987374,-0.23855760955043356,-0.23585513403083694,0.0,0.0,-0.6795080808743245,-0.10774609273448767,0.16008876236159203,-0.17878644445217434,-1.0485565790508873,-1.8201767711573702
-1.5756102175261215,0.06457316506698858,-0.31378087963814716,-0.16358429537944472,-0.365552191508344,-0.17453775587990636,-0.16449788817868072,-0.12726169781785823,-0.14065746898533213,0.27461751819054514,-1.0104280716575054,-0.46140754667204165,-5.013736842090406,-0.23855760955043356,1.5752620419646008,0.0,0.0,-0.6767946275033906,-0.14809190625167876,0.88008349752086,0.20428904599783093,-1.0485565790508873,-1.8201767711573702
1.512652802674127,0.8858113669445872,-0.31378087963814716,-0.16358429537944472,-0.365552191508344,-0.17453775587990636,-0.16449788817868072,-0.12726169781785823,-0.14065746898533213,0.27461751819054514,-1.1162020718623735,-0.46140754667204165,2.8516661099026526,-0.23855760955043356,1.5752620419646008,0.0,0.0,-0.006571644882730411,-0.1539248256203303,-0.45137039484202884,7.467846646472212,-1.0485565790508873,-1.8201767711573702
-0.3075885491725182,-2.399141440565807,-0.31378087963814716,-0.1348205220825923,-0.1852468873155339,-0.17453775587990636,-0.11442531880938957,-0.12054568367572605,-0.14065746898533213,-1.995553965517959,0.25885993080091113,-0.46140754667204165,-1.8789684939635838,-0.23855760955043356,0.0869961886466103,0.0,0.0,-0.3348995027657259,-0.12070127257835261,1.3461489899198527,0.2144763638105574,0.9536919799837233,0.5493971881446129
1.00210519278895,0.8858113669445872,-0.31378087963814716,-0.16358429537944472,-0.3204758654601415,-0.17453775587990636,-0.162454109837077,-0.12726169781785823,-0.14065746898533213,-1.995553965517959,-0.8139906427056076,-0.46140754667204165,0.8274815266691447,-0.23855760955043356,-0.05474341643129381,0.0,0.0,-0.6686542673905891,-0.10329414089810797,0.2566349450779528,-0.03001926369489107,-1.0485565790508873,0.5493971881446129
-0.3020236449329586,0.8858113669445872,-0.31378087963814716,-0.16358429537944472,-0.3599176507523187,-0.17453775587990636,-0.16143222066627516,-0.12726169781785823,-0.14065746898533213,-1.995553965517959,0.18330707351171968,-0.46140754667204165,-0.033938378676844086,-0.23855760955043356,-1.047735247408103,0.0,0.0,-0.33218604939479207,-0.15245725140912225,1.3461489899198527,-0.8702973398343075,-1.0485565790508873,0.5493971881446129
0.45350916787050494,-2.399141440565807,-0.31378087963814716,-0.15879033316330265,-0.35428310999629337,-0.17453775587990636,-0.16347599900787887,-0.12726169781785823,-0.14065746898533213,0.27461751819054514,-0.16423607001856105,-0.46140754667204165,-0.05159292090654964,-0.23855760955043356,1.040416500928448,0.0,0.0,-0.7392040550348691,0.30628542804882486,0.16008876236159203,0.3507317395557822,0.9536919799837233,0.5493971881446129
-1.561374415983062,0.06457316506698858,-0.31378087963814716,0.545922112609582,1.1106974865702888,0.24134632298431935,0.09199629369258622,-0.01443266023003768,0.7519140265978518,0.27461751819054514,0.22863878788523456,-0.46140754667204165,-0.22308566198786195,0.8556442847926206,0.4342582210874752,0.0,0.0,0.004282168601004977,-0.007601459789597282,0.1997550234776168,0.5114932742616217,0.9536919799837233,0.5493971881446129
-1.5633156616480246,0.8858113669445872,-0.31378087963814716,-0.04852920219203498,0.4627252996273774,-0.14483175024674738,-0.03778363099925004,-0.10442724973460883,-0.14065746898533213,0.27461751819054514,-0.4060052133439737,-0.46140754667204165,0.012550071081629012,-0.23855760955043356,-0.8018292515294118,0.0,0.0,-0.7364906016639352,11.211341451260912,0.1997550234776168,-0.26432757338761304,0.9536919799837233,0.5493971881446129
1.2135715538922147,-0.75666503681061,-0.31378087963814716,-0.07729297548888742,0.32186178072674454,-0.14483175024674738,-0.10420642710137097,-0.11651607519044675,-0.14065746898533213,-1.995553965517959,0.3495233595479409,-0.46140754667204165,-0.08715002575488452,1.6441447224027743,-0.9861751069432331,0.0,0.0,0.33261002648400045,-0.10678487586072387,1.2098853973525376,0.06561678107764841,0.9536919799837233,0.5493971881446129
1.1079677897182465,0.8858113669445872,0.34360166017397953,-0.02455939111132462,-0.30357224319206555,-0.14483175024674738,-0.15325710729986028,-0.12591849498943178,-0.08244628449077665,0.27461751819054514,-0.37578407042829715,-0.46140754667204165,0.7118138361986583,-0.23855760955043356,1.1188605136137502,0.0,0.0,-0.4108761971518736,-0.1393841438995795,2.3081001784106907,0.6447886682201489,0.9536919799837233,0.5493971881446129
-0.3895091162339421,0.8858113669445872,-0.31378087963814716,-0.16358429537944472,-0.365552191508344,-0.17453775587990636,-0.16449788817868072,-0.12726169781785823,-0.14065746898533213,0.27461751819054514,-1.040649214573182,-0.46140754667204165,3.314336871784598,-0.23855760955043356,1.5752620419646008,0.0,0.0,-0.6578004539068537,-0.14953699545663263,0.10425151138888096,3.406502611798364,-1.0485565790508873,-1.8201767711573702
0.3239633738286641,0.8858113669445872,1.0009841999861062,-0.16358429537944472,-0.30920678394809087,-0.17453775587990636,-0.1522352181290584,-0.12726169781785823,-0.14065746898533213,0.27461751819054514,-0.14912549856072274,-0.46140754667204165,-0.664589311282738,-0.23855760955043356,-0.8822846491553626,0.0,0.0,-0.7310636949220676,0.26788734346004994,0.22490829069474474,-0.7798058547116021,-1.0485565790508873,0.5493971881446129
-1.2899882720212834,0.06457316506698858,-0.31378087963814716,-0.16358429537944472,-0.365552191508344,-0.17453775587990636,-0.16449788817868072,-0.12726169781785823,-0.14065746898533213,0.27461751819054514,0.7121770745360599,-0.46140754667204165,-0.79068585736184,-0.23855760955043356,-1.4175348652540896,0.0,0.0,-0.7310636949220676,-0.11609350242769961,-1.5576287384669998,0.40018615738027025,-1.0485565790508873,-1.8201767711573702
0.05050656782425871,0.8858113669445872,-0.31378087963814716,-0.16358429537944472,-0.365552191508344,-0.17453775587990636,-0.16449788817868072,-0.12726169781785823,-0.14065746898533213,0.27461751819054514,-0.9499857858261522,-0.46140754667204165,-0.05159292090654964,-0.23855760955043356,1.5752620419646008,0.0,0.0,-0.7283502415511337,-0.12377311934545461,0.7937221444573845,-0.9672525024657791,-1.0485565790508873,-1.8201767711573702
-0.8521726663833737,0.06457316506698858,-0.31378087963814716,-0.13961448429873435,0.5303397886996812,0.1522283060848424,-0.0827467545145319,-0.10577045256303527,-0.14065746898533213,-1.995553965517959,-0.39089464188613543,-0.46140754667204165,-0.04633529861243679,-0.23855760955043356,0.1781145061966913,0.0,0.0,0.5089844955947005,-0.10118405092793666,-0.6862124609088535,-0.03001926369489107,0.9536919799837233,0.5493971881446129
-1.2792467126751568,0.06457316506698858,-0.31378087963814716,0.02817419326623818,0.4852634626514787,-0.026007727714111476,-0.010192623387599815,-0.06547436771024222,-0.14065746898533213,0.27461751819054514,-0.028240926898016407,-0.46140754667204165,-0.3964104708937887,-0.028049174205136695,0.6374506823395659,0.0,0.0,1.0978038770873453,-0.12005790644128995,0.08020828975698321,0.714631802725815,0.9536919799837233,0.5493971881446129
-1.4260048849463332,0.06457316506698858,-0.31378087963814716,-0.16358429537944472,-0.26976499865591363,-0.17453775587990636,-0.1573446639830677,-0.12591849498943178,-0.14065746898533213,0.27461751819054514,-1.0557597860310204,-0.46140754667204165,1.0009830623748743,-0.23855760955043356,1.5752620419646008,0.0,0.0,-0.7174964280673983,0.15269308969372505,-0.5668106997522169,-1.154699150219956,-1.0485565790508873,0.5493971881446129
1.448203446597367,0.8858113669445872,-0.31378087963814716,-0.15879033316330265,-0.3204758654601415,-0.1151257446135884,-0.16143222066627516,-0.12726169781785823,-0.14065746898533213,2.544789001899049,-0.17934664147639934,-0.46140754667204165,0.1697574713698765,-0.23855760955043356,-0.23585513403083694,0.0,0.0,-0.6415197336812506,-0.1171312884976665,-1.455640001332804,0.2377616616682205,0.9536919799837233,0.5493971881446129
0.6669167746387323,0.8858113669445872,-0.31378087963814716,-0.16358429537944472,-0.3599176507523187,-0.17453775587990636,-0.16449788817868072,-0.12726169781785823,-0.14065746898533213,0.27461751819054514,2.5556667923923317,-0.46140754667204165,-0.08925906626488746,-0.23855760955043356,-1.6513471236305506,0.0,0.0,-0.7174964280673983,-0.12035995627089684,1.6646001096915513,0.24654136413914135,-1.0485565790508873,-1.8201767711573702
0.7172597455500971,0.8858113669445872,1.0009841999861062,-0.09167486213731363,-0.27539953941193895,-0.14483175024674738,-0.13895065890863423,-0.09368162710719735,-0.14065746898533213,0.27461751819054514,-0.2548994987655908,-0.46140754667204165,0.7864720727750635,-0.23855760955043356,0.001463668340978332,0.0,0.0,2.500659269860144,-0.15230659140807565,-0.7418753830924125,-1.1288444401848978,0.9536919799837233,0.5493971881446129
1.2054183220993715,0.06457316506698858,-0.31378087963814716,-0.16358429537944472,-0.33174494697219215,-0.1151257446135884,-0.16347599900787887,-0.12726169781785823,-0.14065746898533213,0.27461751819054514,-0.5571109279223566,-0.46140754667204165,0.3923506910896972,-0.23855760955043356,-0.2263229383677037,0.0,0.0,0.5198383090784359,-0.15217944428854835,-0.8865596275407771,0.4632613882897875,-1.0485565790508873,0.5493971881446129
-0.3897679489892704,0.8858113669445872,-0.31378087963814716,-0.16358429537944472,-0.365552191508344,-0.17453775587990636,-0.16449788817868072,-0.12726169781785823,-0.14065746898533213,0.27461751819054514,0.8935039320301195,-0.46140754667204165,1.2338206211141647,-0.23855760955043356,-1.319822279663927,0.0,0.0,-0.7147829746964645,-0.1391323531809646,0.10425151138888096,0.2077861849484678,-1.0485565790508873,-1.8201767711573702
-0.7951000438334718,-0.75666503681061,-0.31378087963814716,-0.16358429537944472,-0.34864856924026805,-0.17453775587990636,-0.16449788817868072,-0.12726169781785823,-0.14065746898533213,-1.995553965517959,0.06242250184901335,-0.46140754667204165,-1.3648754376998684,-0.23855760955043356,-0.15790831886141352,0.0,0.0,0.2810544124362574,-0.15286196008432498,-0.6862124609088535,0.1360727026695693,-1.0485565790508873,-1.8201767711573702
1.0486950887480535,0.06457316506698858,1.0009841999861062,-0.0005895800306142556,0.2880545361905926,0.06311028918536546,-0.03778363099925004,-0.04935593376912499,-0.14065746898533213,0.27461751819054514,2.827657078633421,-0.46140754667204165,-0.6864361177031033,-0.23855760955043356,-2.4313162603520246,0.0,0.0,1.0245406360721314,-0.12688743404021238,1.887783148630462,0.12022423259662464,0.9536919799837233,0.5493971881446129
-1.414875076467214,0.06457316506698858,-0.31378087963814716,0.349369661747757,1.8431877848535798,0.5978183905822271,0.4660077302060671,0.14809488200956097,-0.10185001265562847,0.27461751819054514,1.2259365041025618,-0.46140754667204165,-0.4639142175248712,-0.23855760955043356,0.03929536001462409,0.0,0.0,1.032680996184933,-0.06219527360125404,-0.5269982379698451,0.28239181589540546,0.9536919799837233,0.5493971881446129
-1.1313237930050029,-1.5779032386882086,0.34360166017397953,-0.14440844651487644,-0.30357224319206555,-0.17453775587990636,-0.15427899647066212,-0.12323208933257893,-0.14065746898533213,0.27461751819054514,0.45529735975280894,-0.46140754667204165,-1.0708667779206469,-0.23855760955043356,-0.4894115386701986,0.0,0.0,-0.04184653870487042,-0.1473477573255397,-1.2549162280750763,0.3270219701225905,0.9536919799837233,0.5493971881446129
1.3198223999545038,-1.5779032386882086,-0.31378087963814716,-0.16358429537944472,-0.34864856924026805,-0.17453775587990636,-0.16449788817868072,-0.12726169781785823,-0.14065746898533213,0.27461751819054514,-0.9953175001996671,-0.46140754667204165,1.0009830623748743,-0.23855760955043356,1.5752620419646008,0.0,0.0,-0.6957888010999276,-0.11835221328586286,-0.2977270072934111,1.2196250546662935,-1.0485565790508873,-1.8201767711573702
1.039506525933897,0.8858113669445872,-0.31378087963814716,-0.15879033316330265,-0.3261104062161668,-0.17453775587990636,-0.1501914397874547,-0.12591849498943178,-0.14065746898533213,2.544789001899049,-0.8139906427056076,-0.46140754667204165,0.7310917846104062,-0.23855760955043356,1.03192688916597,0.0,0.0,-0.5329815988438967,-0.13853394147308756,-0.8936620082071127,0.14850135321384886,0.9536919799837233,0.5493971881446129
-0.24909234646831033,0.06457316506698858,-0.31378087963814716,-0.16358429537944472,-0.3261104062161668,-0.14483175024674738,-0.162454109837077,-0.12726169781785823,-0.14065746898533213,0.27461751819054514,-0.6477743566693864,-0.46140754667204165,0.9633910629719663,-0.23855760955043356,0.5055709598922953,0.0,0.0,-0.6930753477289937,-0.0862283255253191,-0.8603242518026359,0.8486368976528164,-1.0485565790508873,0.5493971881446129
-1.0455207346136537,0.8858113669445872,-0.31378087963814716,-0.16358429537944472,-0.365552191508344,-0.17453775587990636,-0.16449788817868072,-0.12726169781785823,-0.14065746898533213,0.27461751819054514,-0.9046540714526374,-0.46140754667204165,1.579321514727305,-0.23855760955043356,1.5752620419646008,0.0,0.0,-0.6903618943580598,-0.1464077797346272,-1.3024883843945956,0.34487403181346443,-1.0485565790508873,-1.8201767711573702
-0.6370826467055121,0.8858113669445872,-0.31378087963814716,-0.16358429537944472,-0.3261104062161668,-0.17453775587990636,-0.16347599900787887,-0.12726169781785823,-0.14065746898533213,-1.995553965517959,0.42507621683713237,-0.46140754667204165,0.8274815266691447,-0.23855760955043356,0.3567142720958262,0.0,0.0,0.13724138377676348,-0.15069918360029927,1.5183936778193632,0.4613457352723712,-1.0485565790508873,0.5493971881446129
-0.26889305225092935,-2.399141440565807,-0.31378087963814716,-0.16358429537944472,-0.365552191508344,-0.17453775587990636,-0.16449788817868072,-0.12726169781785823,-0.14065746898533213,-1.995553965517959,-0.17934664147639934,-0.46140754667204165,-0.3659987340945078,-0.23855760955043356,0.30748001876779374,0.0,0.0,-0.687648440987126,-0.14681197009871957,1.0092000616362544,-0.5655811144211126,-1.0485565790508873,-1.8201767711573702
-1.7670170400914387,0.8858113669445872,-0.31378087963814716,-0.15399637094716057,-0.34864856924026805,-0.17453775587990636,-0.16347599900787887,-0.12726169781785823,-0.14065746898533213,2.544789001899049,0.5912925028733536,-0.46140754667204165,-0.38903212700205053,-0.23855760955043356,-0.9269393196080438,0.0,0.0,-0.6822215342452583,-0.12656570731554734,-1.6917206589063898,-0.06290464049386886,0.9536919799837233,0.5493971881446129
0.45337975149284077,-1.5779032386882086,-0.31378087963814716,-0.16358429537944472,-0.3599176507523187,-0.14483175024674738,-0.16449788817868072,-0.12726169781785823,-0.14065746898533213,0.27461751819054514,0.3495233595479409,-0.46140754667204165,0.1789162622453478,-0.23855760955043356,-0.1711723777452851,0.0,0.0,-0.6795080808743245,-0.14113573150733547,0.16008876236159203,0.8689595571669815,-1.0485565790508873,-1.8201767711573702
0.8394288060650799,0.06457316506698858,-0.31378087963814716,-0.15879033316330265,-0.2923031616800149,-0.17453775587990636,-0.1573446639830677,-0.12188888650415249,-0.14065746898533213,0.27461751819054514,0.3797445024636175,-0.46140754667204165,-0.31859250640925557,-0.23855760955043356,0.7765593673506133,0.0,0.0,-0.6035313864881767,-0.1123289843307609,0.21014974599229677,1.3383412649106061,0.9536919799837233,0.5493971881446129
0.7998273944998417,-0.75666503681061,0.34360166017397953,1.1499613518434832,5.336603053589276,4.756659179224483,1.0331562200010995,0.06481630664712199,-0.14065746898533213,0.27461751819054514,-0.6326637852115481,-0.46140754667204165,-0.5605307589766894,-0.23855760955043356,0.1922271075680846,0.0,0.0,0.5578266562715097,0.17032895317917493,0.21014974599229677,-0.37083135052066823,0.9536919799837233,0.5493971881446129
-1.491101322911414,0.06457316506698858,-0.31378087963814716,-0.05811712662431912,0.006327498389326827,-0.1151257446135884,-0.12770987802981376,-0.11382966953359387,-0.14065746898533213,0.27461751819054514,-0.6326637852115481,-0.46140754667204165,1.2118602123482778,-0.23855760955043356,0.8837445747663433,0.0,0.0,-0.6767946275033906,0.27428702422484574,-0.6297126490264175,2.185259300672662,0.9536919799837233,0.5493971881446129
1.00365818932092,-1.5779032386882086,-0.31378087963814716,-0.13961448429873435,-0.27539953941193895,-0.17453775587990636,-0.15938844232467142,-0.12591849498943178,-0.14065746898533213,-1.995553965517959,0.7272876459938983,-0.46140754667204165,-0.8317748752261918,-0.23855760955043356,-2.0425549510604317,0.0,0.0,-0.6767946275033906,-0.045697014014945525,0.2566349450779528,-0.913914025462558,0.9536919799837233,0.5493971881446129
1.611656331587222,0.06457316506698858,-0.31378087963814716,0.03776211769852232,-0.050017909170926335,-0.17453775587990636,-0.13077554554221935,-0.10577045256303527,0.15039845348744524,0.27461751819054514,-0.4513369277174886,-0.46140754667204165,-1.003923572446886,-0.23855760955043356,0.5610364234071566,0.0,0.0,-0.17751920725156278,-0.11240137890954818,-0.9530319324858647,-1.8628309306246278,0.9536919799837233,0.5493971881446129
-0.9740828941430282,0.8858113669445872,-0.31378087963814716,-0.16358429537944472,-0.365552191508344,-0.17453775587990636,-0.16449788817868072,-0.12726169781785823,-0.14065746898533213,0.27461751819054514,-0.028240926898016407,-0.46140754667204165,0.040978304447554036,-0.23855760955043356,0.6374506823395659,0.0,0.0,-0.6686542673905891,-0.1488029818922116,0.03136051873977767,0.663276556765766,-1.0485565790508873,-1.8201767711573702
-1.4262637177016615,0.8858113669445872,-0.31378087963814716,-0.16358429537944472,-0.34864856924026805,-0.17453775587990636,-0.16449788817868072,-0.12726169781785823,-0.14065746898533213,0.27461751819054514,-0.6931060710429013,-0.46140754667204165,0.11419743543448024,-0.23855760955043356,1.1818124485586958,0.0,0.0,-0.6632273606487213,-0.13330643689852978,-0.5668106997522169,-0.8056605647466604,-1.0485565790508873,-1.8201767711573702
0.7049651896720003,-1.5779032386882086,-0.31378087963814716,-0.16358429537944472,-0.365552191508344,-0.17453775587990636,-0.16449788817868072,-0.12726169781785823,-0.14065746898533213,0.27461751819054514,-0.43622635625965034,-0.46140754667204165,-1.5437061279758206,-0.23855760955043356,1.3272177330782693,0.0,0.0,-0.7392040550348691,-0.0008992486613747532,2.6855336471000912,1.0702110600796304,-1.0485565790508873,-1.8201767711573702
-1.794194479400916,0.8858113669445872,1.6583667397982327,0.36375154839618323,0.3162272399707192,-0.17453775587990636,-0.05719952524448539,-0.10039764124932953,1.4698519686973692,2.544789001899049,1.9059122197052851,-0.46140754667204165,-0.4474968869125871,-0.23855760955043356,-0.5250932501972733,0.0,0.0,0.5822477366099144,-0.11609350242769961,-1.6917206589063898,0.5015458568020316,0.9536919799837233,0.5493971881446129
1.2259955261479756,0.8858113669445872,-0.31378087963814716,-0.16358429537944472,-0.365552191508344,-0.17453775587990636,-0.16449788817868072,-0.12726169781785823,-0.14065746898533213,-1.995553965517959,1.029499075150664,-0.46140754667204165,0.8880693645346383,-0.23855760955043356,-1.0578236985210738,0.0,0.0,-0.7392040550348691,-0.0008992486613747532,1.2098853973525376,0.4287662378013483,-1.0485565790508873,-1.8201767711573702
0.7048357732943361,-2.399141440565807,-0.31378087963814716,-0.16358429537944472,-0.365552191508344,-0.17453775587990636,-0.16449788817868072,-0.12726169781785823,-0.14065746898533213,0.27461751819054514,1.0748307895241789,-0.46140754667204165,-1.2368654490888373,-0.23855760955043356,-0.5348135171917274,0.0,0.0,-0.6496600937940521,-0.14997416530014812,2.6855336471000912,0.7659870486858638,-1.0485565790508873,-1.8201767711573702
0.5636425052627193,0.06457316506698858,-0.31378087963814716,-0.12043863543416607,-0.15707418353540734,-0.14483175024674738,-0.11442531880938957,-0.12323208933257893,-0.14065746898533213,0.27461751819054514,0.01709078747549847,-0.46140754667204165,0.3720399954416054,-0.23855760955043356,-0.5265871017564207,0.0,0.0,1.0055464624755945,-0.14542868506384446,-0.8053730648020195,-1.1645647632596507,0.9536919799837233,0.5493971881446129
1.54125382213791,0.06457316506698858,-0.31378087963814716,-0.16358429537944472,-0.30357224319206555,-0.17453775587990636,-0.16449788817868072,-0.12726169781785823,-0.14065746898533213,0.27461751819054514,-0.6931060710429013,-0.46140754667204165,0.3069769195519573,-0.23855760955043356,0.39491326174688457,0.0,0.0,-0.7310636949220676,0.30628542804882486,-0.7390669220744036,-0.8702973398343075,-1.0485565790508873,-1.8201767711573702
-0.9009626407627683,-2.399141440565807,-0.31378087963814716,-0.16358429537944472,-0.3599176507523187,-0.17453775587990636,-0.16143222066627516,-0.12726169781785823,-0.14065746898533213,0.27461751819054514,1.9361333626209616,-0.46140754667204165,-0.4742807170565973,-0.23855760955043356,-0.8416426032431038,0.0,0.0,-0.5709699460369706,-0.14961563976710632,0.525188694702774,-0.1777604638952279,-1.0485565790508873,0.5493971881446129
1.2017946635247745,0.8858113669445872,-0.31378087963814716,-0.16358429537944472,-0.365552191508344,-0.17453775587990636,-0.16449788817868072,-0.12726169781785823,-0.14065746898533213,0.27461751819054514,-0.52688978500668,-0.46140754667204165,0.48795357811122153,-0.23855760955043356,0.7195091763067569,0.0,0.0,-0.7283502415511337,-0.12377311934545461,-0.8865596275407771,-0.12374258757197953,-1.0485565790508873,-1.8201767711573702
1.2749149169050344,0.06457316506698858,-0.31378087963814716,-0.15879033316330265,-0.34301402848424273,-0.17453775587990636,-0.16143222066627516,-0.12726169781785823,-0.14065746898533213,-1.995553965517959,-0.8744329285369609,-0.46140754667204165,-0.2842134984083053,-0.23855760955043356,1.5752620419646008,0.0,0.0,-0.7283502415511337,-0.0008992486613747532,-1.2083802365953147,0.6315571401433822,0.9536919799837233,0.5493971881446129
1.1224624240166343,0.06457316506698858,6.26004451848312,1.6485334223222587,3.640606286025656,1.2216445088785657,2.0376732748993285,1.7572518704644302,0.22801336614685253,0.27461751819054514,1.0899413609820172,-0.46140754667204165,-0.6107911244787456,-0.23855760955043356,-0.4428399541446011,0.0,0.0,1.8331497406104178,-0.039256871622553514,-0.8039532679973672,-0.2467942985126481,0.9536919799837233,0.5493971881446129
-0.5259139782919843,-0.75666503681061,-0.31378087963814716,-0.06770505105660327,-0.23032321336373643,-0.17453775587990636,-0.155300885641464,-0.12188888650415249,-0.14065746898533213,-1.995553965517959,2.7521042213442293,-0.46140754667204165,-1.1216268226875568,-0.23855760955043356,-2.9532356128784674,0.0,0.0,0.8427392602195637,-0.1479165725320953,-0.5782055760576401,-0.9708993244065218,0.9536919799837233,0.5493971881446129
0.1699578844082938,0.8858113669445872,-0.31378087963814716,-0.15879033316330265,-0.3261104062161668,-0.14483175024674738,-0.1522352181290584,-0.12323208933257893,-0.14065746898533213,0.27461751819054514,-0.421115784801812,-0.46140754667204165,1.428953517115673,-0.23855760955043356,-1.5807059732274489,0.0,0.0,0.020562888826608058,-0.15011885140494147,-0.5572324372941792,-1.146722697124035,0.9536919799837233,0.5493971881446129
1.1130150284471494,-2.399141440565807,-0.31378087963814716,-0.15879033316330265,-0.365552191508344,-0.17453775587990636,-0.16449788817868072,-0.12726169781785823,-0.14065746898533213,0.27461751819054514,-0.19445721293423762,-0.46140754667204165,-1.2143934092245552,-0.23855760955043356,0.6550976702894988,0.0,0.0,-0.7202098814383322,-0.1352925447220871,2.3081001784106907,0.30254736941736005,0.9536919799837233,-1.8201767711573702
0.4296965543802964,0.8858113669445872,-0.31378087963814716,-0.16358429537944472,-0.365552191508344,-0.17453775587990636,-0.16449788817868072,-0.12726169781785823,-0.14065746898533213,0.27461751819054514,-0.6326637852115481,-0.46140754667204165,0.815914757622096,-0.23855760955043356,0.5379858411672146,0.0,0.0,-0.7174964280673983,-0.1374257716436857,-0.7007813668592946,0.5380008810147375,-1.0485565790508873,-1.8201767711573702
-1.080074907449989,0.8858113669445872,-0.31378087963814716,-0.16358429537944472,-0.33737948772821746,-0.17453775587990636,-0.16449788817868072,-0.12726169781785823,-0.14065746898533213,0.27461751819054514,-0.7384377854164161,-0.46140754667204165,0.5074675830341333,-0.23855760955043356,0.6975667951360444,0.0,0.0,-0.47057217131241824,-0.14527604671516856,1.095105628498168,-0.5346833153407538,-1.0485565790508873,-1.8201767711573702
0.6767524193412098,0.06457316506698858,1.0009841999861062,0.02817419326623818,2.062934874338567,0.24134632298431935,0.17579120569833878,-0.04263991962699282,-0.14065746898533213,0.27461751819054514,1.845469933873932,-0.46140754667204165,-0.44871865818855255,-0.23855760955043356,-1.1469298149503702,0.0,0.0,1.1086576905710808,-0.05720142547776032,0.4406937495547577,-0.1822601958810256,0.9536919799837233,0.5493971881446129
-0.17053660522615507,0.06457316506698858,-0.31378087963814716,-0.15879033316330265,-0.34864856924026805,-0.17453775587990636,-0.16449788817868072,-0.12726169781785823,-0.14065746898533213,0.27461751819054514,-0.829101214163446,-0.46140754667204165,1.2124896963780494,-0.23855760955043356,0.4342582210874752,0.0,0.0,-0.2996246089435859,-0.15072244987892613,-0.3264081370708519,0.15742738405928586,0.9536919799837233,-1.8201767711573702
-1.510772612316369,0.06457316506698858,-0.31378087963814716,-0.16358429537944472,-0.10636331673117949,0.033404283552206475,-0.12975365637141748,-0.12591849498943178,-0.14065746898533213,0.27461751819054514,-0.30023121313910567,-0.46140754667204165,0.6518615350939927,-0.23855760955043356,0.5379858411672146,0.0,0.0,-0.11782323309101814,-0.12310532656999766,-0.6297126490264175,0.3789552404960412,-1.0485565790508873,0.5493971881446129
-1.2901176883989476,0.06457316506698858,-0.31378087963814716,-0.16358429537944472,-0.3599176507523187,-0.17453775587990636,-0.16449788817868072,-0.12726169781785823,-0.14065746898533213,0.27461751819054514,-0.934875214368314,-0.46140754667204165,1.0318277798336704,-0.23855760955043356,1.5752620419646008,0.0,0.0,-0.6903618943580598,-0.13832397245277986,-1.5576287384669998,1.9886369428885595,-1.0485565790508873,-1.8201767711573702
1.3758596914830923,0.8858113669445872,-0.31378087963814716,-0.16358429537944472,-0.35428310999629337,-0.17453775587990636,-0.16449788817868072,-0.12726169781785823,-0.14065746898533213,0.27461751819054514,-0.2851206416812674,-0.46140754667204165,-0.33364413536150456,-0.23855760955043356,-0.25849409873077983,0.0,0.0,-0.687648440987126,-0.13145273626320958,0.18990449525929096,0.5724878183721078,-1.0485565790508873,-1.8201767711573702
1.4480740302197028,0.8858113669445872,-0.31378087963814716,-0.15879033316330265,-0.24159229487578707,-0.14483175024674738,-0.1604103314954733,-0.12726169781785823,-0.14065746898533213,2.544789001899049,-0.8744329285369609,-0.46140754667204165,1.463653824256819,-0.23855760955043356,0.9040833238015842,0.0,0.0,-0.687648440987126,0.022139602091890205,-1.455640001332804,-1.904485741236667,0.9536919799837233,0.5493971881446129
1.3489410849289434,-0.75666503681061,-0.31378087963814716,-0.16358429537944472,-0.35428310999629337,-0.14483175024674738,-0.16449788817868072,-0.12726169781785823,-0.14065746898533213,-1.995553965517959,-0.5117792135488418,-0.46140754667204165,0.26842102272846174,-0.23855760955043356,-0.09449964712387626,0.0,0.0,-0.6849349876161922,-0.13254982439431745,1.384564273264258,0.42716768204700756,-1.0485565790508873,-1.8201767711573702
-1.595799172441733,0.8858113669445872,-0.31378087963814716,-0.16358429537944472,-0.35428310999629337,-0.1151257446135884,-0.16449788817868072,-0.12726169781785823,-0.14065746898533213,2.544789001899049,-0.8593223570791225,-0.46140754667204165,1.3314621780048346,-0.23855760955043356,-0.960302004429012,0.0,0.0,-0.6822215342452583,-0.13354717724077916,-1.68924287342001,0.07411776283520723,-1.0485565790508873,-1.8201767711573702
1.1351452290277235,0.8858113669445872,-0.31378087963814716,-0.15399637094716057,-0.365552191508344,-0.17453775587990636,-0.16449788817868072,-0.12726169781785823,-0.14065746898533213,0.27461751819054514,-0.7082166425007396,-0.46140754667204165,1.463653824256819,-0.23855760955043356,1.1677606773656288,0.0,0.0,-0.2697766218633136,-0.15360887242822685,-0.8039532679973672,0.2377616616682205,0.9536919799837233,-1.8201767711573702
-1.5388559662694952,0.8858113669445872,-0.31378087963814716,-0.14440844651487644,-0.044383368414901016,-0.17453775587990636,-0.13384121305462493,-0.11920248084729962,-0.14065746898533213,0.27461751819054514,-0.0433514983558547,-0.46140754667204165,-0.8502507836789546,-0.23855760955043356,-0.16793823993100826,0.0,0.0,-0.011998551624598106,-0.12137502335626718,0.1997550234776168,-0.4465673698152859,0.9536919799837233,0.5493971881446129
1.3194341508215113,-2.399141440565807,-0.31378087963814716,-0.16358429537944472,-0.365552191508344,-0.17453775587990636,-0.16449788817868072,-0.12726169781785823,-0.14065746898533213,0.27461751819054514,-0.36067349897045886,-0.46140754667204165,-2.1806295144626535,-0.23855760955043356,-0.8857265912997884,0.0,0.0,-0.6659408140196552,-0.1490061463609353,-0.2977270072934111,-0.9121211354792564,-1.0485565790508873,-1.8201767711573702
1.4061431238565096,0.06457316506698858,-0.31378087963814716,-0.16358429537944472,-0.33174494697219215,-0.17453775587990636,-0.16449788817868072,-0.12726169781785823,-0.14065746898533213,0.27461751819054514,-0.30023121313910567,-0.46140754667204165,0.23579680233935038,-0.23855760955043356,-0.4992903596301729,0.0,0.0,-0.5004201583926906,-0.14241129074135436,-0.9421468236501976,-0.4730749765684017,-1.0485565790508873,-1.8201767711573702
0.6446571576804939,0.06457316506698858,-0.31378087963814716,-0.16358429537944472,-0.3204758654601415,-0.14483175024674738,-0.15938844232467142,-0.12591849498943178,-0.14065746898533213,0.27461751819054514,-0.43622635625965034,-0.46140754667204165,0.06682876219418603,-0.23855760955043356,0.5830848064192746,0.0,0.0,-0.49499325165082286,-0.1393011359703658,-1.4612372771973,1.4777037725887106,-1.0485565790508873,0.5493971881446129
-0.26915188500625775,-2.399141440565807,-0.31378087963814716,-0.16358429537944472,-0.365552191508344,-0.17453775587990636,-0.16449788817868072,-0.12726169781785823,-0.14065746898533213,-1.995553965517959,-0.5117792135488418,-0.46140754667204165,-3.163053794562628,-0.23855760955043356,-0.09449964712387626,0.0,0.0,-0.7337771482930014,-0.10329414089810797,1.0092000616362544,-0.35005012571421895,-1.0485565790508873,-1.8201767711573702
1.3757302751054281,0.8858113669445872,-0.31378087963814716,-0.16358429537944472,-0.3204758654601415,-0.17453775587990636,-0.15938844232467142,-0.12726169781785823,-0.14065746898533213,0.27461751819054514,-0.2851206416812674,-0.46140754667204165,1.0851050190806824,-0.23855760955043356,-0.05474341643129381,0.0,0.0,-0.6496600937940521,-0.11383479156953638,0.18990449525929096,0.17081643032744134,-1.0485565790508873,0.5493971881446129
1.0295414648537553,0.8858113669445872,-0.31378087963814716,-0.05811712662431912,-0.24722683563181239,-0.17453775587990636,-0.14610388310424724,-0.12188888650415249,0.033976084498334294,2.544789001899049,1.029499075150664,-0.46140754667204165,-0.4772500218379388,-0.23855760955043356,0.0592429792607267,0.0,0.0,-0.6496600937940521,-0.05510830925729233,-0.8936620082071127,0.6122804383998447,0.9536919799837233,0.5493971881446129
-0.5197019921641038,-0.75666503681061,1.0009841999861062,-0.07729297548888742,-0.1739778058034833,0.003698277919047501,-0.11442531880938957,-0.11382966953359387,-0.14065746898533213,-1.995553965517959,0.10775421622252823,-0.46140754667204165,-0.4718521962826498,-0.23855760955043356,-1.9034081436363932,0.0,0.0,-0.5601161325532352,-0.07425678339813885,-0.5782055760576401,-1.6758922683657185,0.9536919799837233,0.5493971881446129
1.0035287729432558,0.06457316506698858,-0.31378087963814716,-0.16358429537944472,-0.30920678394809087,-0.17453775587990636,-0.16347599900787887,-0.12591849498943178,-0.14065746898533213,-1.995553965517959,-0.6175532137537099,-0.46140754667204165,-0.1385578881862115,-0.23855760955043356,1.239672682883093,0.0,0.0,-0.7256367881801998,0.12709436663454174,0.2566349450779528,0.46616303918381424,-1.0485565790508873,0.5493971881446129
-1.2929648487075596,0.06457316506698858,-0.31378087963814716,-0.15399637094716057,-0.3148413247041162,-0.14483175024674738,-0.16449788817868072,-0.12726169781785823,-0.14065746898533213,0.27461751819054514,-0.11890435564504617,-0.46140754667204165,0.4017601659097169,-0.23855760955043356,-0.6386259686925091,0.0,0.0,-0.3810282100716013,-0.14294329089954977,-1.5576287384669998,0.05391207112041216,0.9536919799837233,-1.8201767711573702
1.0939908209305154,0.8858113669445872,-0.31378087963814716,-0.16358429537944472,-0.33737948772821746,-0.17453775587990636,-0.1522352181290584,-0.12726169781785823,-0.14065746898533213,0.27461751819054514,0.7726193603674131,-0.46140754667204165,-0.2928426753164207,-0.23855760955043356,-0.960302004429012,0.0,0.0,-0.5356950522148306,-0.14236587609370352,1.887783148630462,0.20800822551676384,-1.0485565790508873,0.5493971881446129
1.2463138974412513,-2.399141440565807,-0.31378087963814716,-0.15879033316330265,-0.33737948772821746,-0.17453775587990636,-0.1604103314954733,-0.12591849498943178,-0.14065746898533213,0.27461751819054514,1.1957153611868854,-0.46140754667204165,-1.853464727625808,-0.23855760955043356,-1.2402019316283068,0.0,0.0,-0.6957888010999276,-0.10028252642055699,0.9494396672975342,-0.7238152975902232,0.9536919799837233,0.5493971881446129
1.4648981593160457,0.8858113669445872,0.34360166017397953,-0.1300265598664502,-0.29793770243604023,-0.17453775587990636,-0.15836655315386958,-0.12591849498943178,-0.14065746898533213,0.27461751819054514,0.9992779322349875,-0.46140754667204165,-0.762894137447435,-0.23855760955043356,-1.0142501756288762,0.0,0.0,-0.4515779977158813,-0.13583083562753723,-1.3456603565416556,-0.7611941308211153,0.9536919799837233,0.5493971881446129
0.34997606573916357,-2.399141440565807,2.9731318194224863,-0.1300265598664502,-0.2923031616800149,-0.17453775587990636,-0.15836655315386958,-0.12591849498943178,-0.004831371831369356,0.27461751819054514,0.24374935934307287,-0.46140754667204165,-1.5008662426163817,-0.23855760955043356,0.1960266540911518,0.0,0.0,-0.6035313864881767,-0.1123289843307609,0.22490829069474474,0.15536753078726193,0.9536919799837233,0.5493971881446129
1.112756195691821,-1.5779032386882086,-0.31378087963814716,-0.16358429537944472,-0.33174494697219215,-0.17453775587990636,-0.16347599900787887,-0.12726169781785823,-0.14065746898533213,0.27461751819054514,0.666845360162545,-0.46140754667204165,-0.7665152846802351,-0.23855760955043356,-0.43827411252444526,0.0,0.0,-0.6849349876161922,-0.10329414089810797,2.3081001784106907,0.5685498635873563,-1.0485565790508873,0.5493971881446129
-0.6438122983440493,0.06457316506698858,-0.31378087963814716,-0.16358429537944472,-0.2641304578998883,-0.17453775587990636,-0.162454109837077,-0.12726169781785823,-0.14065746898533213,-1.995553965517959,-0.829101214163446,-0.46140754667204165,0.6291940572911686,-0.23855760955043356,0.4342582210874752,0.0,0.0,-0.3566071297331967,-0.133940499490088,1.5183936778193632,-0.5923592069574235,-1.0485565790508873,0.5493971881446129
0.23751323354899403,0.8858113669445872,-0.31378087963814716,0.22952060634420524,-0.2641304578998883,-0.17453775587990636,-0.13486310222542677,-0.12726169781785823,-0.12125374082048031,0.27461751819054514,-0.677995499585063,-0.46140754667204165,0.8250029333019203,-0.23855760955043356,0.05392361412843334,0.0,0.0,0.7206338585275406,-0.14907738584996827,-0.5572324372941792,1.3445894865024115,0.9536919799837233,0.5493971881446129
-1.1207116500365404,0.06457316506698858,-0.31378087963814716,-0.15879033316330265,-0.3204758654601415,-0.14483175024674738,-0.15938844232467142,-0.12726169781785823,-0.14065746898533213,0.27461751819054514,-0.16423607001856105,-0.46140754667204165,0.3740741945434947,-0.23855760955043356,0.5055709598922953,0.0,0.0,-0.5981044797463091,-0.1284098691825897,-1.2549162280750763,-1.08440665731214,0.9536919799837233,0.5493971881446129
1.2015358307694461,0.8858113669445872,-0.31378087963814716,-0.16358429537944472,-0.33737948772821746,-0.17453775587990636,-0.16347599900787887,-0.12726169781785823,-0.14065746898533213,0.27461751819054514,0.44018678829497065,-0.46140754667204165,0.12842806644387966,-0.23855760955043356,0.03929536001462409,0.0,0.0,-0.6795080808743245,-0.11442402048905721,-0.8865596275407771,0.9793088395968342,-1.0485565790508873,0.5493971881446129
0.08130766570833277,0.06457316506698858,-0.31378087963814716,-0.16358429537944472,-0.3599176507523187,-0.14483175024674738,-0.16449788817868072,-0.12726169781785823,-0.14065746898533213,0.27461751819054514,1.5130373618014894,-0.46140754667204165,-0.32788485740477,-0.23855760955043356,-0.7719458181254869,0.0,0.0,-0.6795080808743245,-0.14113573150733547,1.7862885274902995,0.5590987721039524,-1.0485565790508873,-1.8201767711573702
-1.4806185963206158,-1.5779032386882086,-0.31378087963814716,-0.16358429537944472,-0.3599176507523187,-0.17453775587990636,-0.16449788817868072,-0.12726169781785823,-0.14065746898533213,0.27461751819054514,-0.19445721293423762,-0.46140754667204165,-0.34686683074648544,-0.23855760955043356,-0.08103382705058168,0.0,0.0,-0.6795080808743245,-0.14113573150733547,-0.6297126490264175,1.5421139110175666,-1.0485565790508873,-1.8201767711573702
1.2278073554352742,0.8858113669445872,-0.31378087963814716,-0.16358429537944472,-0.365552191508344,-0.17453775587990636,-0.16449788817868072,-0.12726169781785823,-0.14065746898533213,-1.995553965517959,1.4223739330544598,-0.46140754667204165,-0.16248702415126998,-0.23855760955043356,-0.31515848966613974,0.0,0.0,-0.6767946275033906,-0.14809190625167876,1.2098853973525376,1.7224405200423905,-1.0485565790508873,-1.8201767711573702
-0.6373414794608404,0.06457316506698858,-0.31378087963814716,-0.16358429537944472,-0.17961234655950858,-0.05571373334727045,-0.14814766144585095,-0.12188888650415249,-0.14065746898533213,-1.995553965517959,-0.43622635625965034,-0.46140754667204165,0.05811613096394165,-0.23855760955043356,0.8311291153056062,0.0,0.0,-0.6767946275033906,0.06309755898658351,1.5183936778193632,-0.233765619949432,-1.0485565790508873,0.5493971881446129
1.5504423849520665,0.8858113669445872,0.34360166017397953,0.04735004213080647,0.34439994375084576,0.033404283552206475,-0.029608517632835164,-0.05472874508283073,-0.14065746898533213,0.27461751819054514,2.5556667923923317,-0.46140754667204165,-0.02396119484971107,-0.23855760955043356,-2.493071253785807,0.0,0.0,-0.34846676962039513,-0.01996588376752508,-0.07111393835390431,-0.42949572612182696,0.9536919799837233,0.5493971881446129
-1.0535445500288327,0.8858113669445872,-0.31378087963814716,-0.16358429537944472,-0.3261104062161668,-0.17453775587990636,-0.16347599900787887,-0.12726169781785823,-0.14065746898533213,0.27461751819054514,-0.30023121313910567,-0.46140754667204165,0.2568542536814131,-0.23855760955043356,0.5379858411672146,0.0,0.0,-0.6740811741324568,-0.10534203874284262,-1.3024883843945956,0.515280075226353,-1.0485565790508873,0.5493971881446129
1.3212459801088097,0.8858113669445872,-0.31378087963814716,-0.16358429537944472,-0.3261104062161668,-0.17453775587990636,-0.1573446639830677,-0.12726169781785823,-0.14065746898533213,0.27461751819054514,-0.2548994987655908,-0.46140754667204165,-0.09854849525230656,-0.23855760955043356,-1.5723347052826429,0.0,0.0,1.3121666933911191,-0.15286841831523176,-0.2977270072934111,0.4224381619186407,-1.0485565790508873,0.5493971881446129
0.7412017754179697,0.8858113669445872,-0.31378087963814716,-0.1348205220825923,-0.24722683563181239,-0.1151257446135884,-0.14610388310424724,-0.12591849498943178,-0.14065746898533213,0.27461751819054514,-1.0255386431153437,-0.46140754667204165,1.9263245861387635,-0.23855760955043356,1.5752620419646008,0.0,0.0,-0.5872506662625737,-0.09521033361626062,-0.7418753830924125,-0.8333620397842241,0.9536919799837233,0.5493971881446129
-1.1502185841439727,0.06457316506698858,-0.31378087963814716,-0.10605674878573985,0.9923721306937571,0.003698277919047501,0.203382213309989,-0.0883088157934916,0.7519140265978518,0.27461751819054514,0.8632827891144429,-0.46140754667204165,-0.8393195513927325,2.678039241911427,0.019347740768520215,0.0,0.0,-0.6659408140196552,1.1729850516240308,-1.2549162280750763,0.4243968520728118,0.9536919799837233,0.5493971881446129
0.1637458982804133,0.8858113669445872,15.463400075852894,6.063772623389108,4.711169029670466,1.3404685314112015,10.106510167550818,16.364582629601912,-0.14065746898533213,0.27461751819054514,3.039205079043157,-0.46140754667204165,0.10739757726742723,0.7822528770104777,-0.6984774561601065,0.0,0.0,1.3284474136167224,0.027081531196238448,-0.5572324372941792,0.2144763638105574,0.9536919799837233,0.5493971881446129
0.6887881424639781,0.8858113669445872,-0.31378087963814716,-0.16358429537944472,-0.35428310999629337,-0.14483175024674738,-0.16449788817868072,-0.12726169781785823,-0.14065746898533213,0.27461751819054514,-0.934875214368314,-0.46140754667204165,0.2298651259049665,-0.23855760955043356,0.6975667951360444,0.0,0.0,-0.7364906016639352,0.07589692051617515,0.4406937495547577,0.11417046534678349,-1.0485565790508873,-1.8201767711573702
1.4475563647090461,0.8858113669445872,-0.31378087963814716,-0.16358429537944472,-0.35428310999629337,-0.17453775587990636,-0.162454109837077,-0.12726169781785823,-0.14065746898533213,2.544789001899049,-0.6477743566693864,-0.46140754667204165,0.10868945017398092,-0.23855760955043356,1.5752620419646008,0.0,0.0,-0.7337771482930014,-0.0008992486613747532,-1.455640001332804,0.3214432008441919,-1.0485565790508873,0.5493971881446129
0.9978344523260321,0.06457316506698858,-0.31378087963814716,-0.16358429537944472,-0.34301402848424273,-0.17453775587990636,-0.16449788817868072,-0.12726169781785823,-0.14065746898533213,-1.995553965517959,-0.7535483568742545,-0.46140754667204165,0.5520822636441781,-0.23855760955043356,0.6624589852629006,0.0,0.0,-0.7310636949220676,0.0374988359274002,0.2566349450779528,-0.7798058547116021,-1.0485565790508873,-1.8201767711573702
1.4114491953407409,0.8858113669445872,-0.31378087963814716,-0.08688089992117157,0.3556690252628964,0.003698277919047501,-0.03778363099925004,-0.09771123559247666,-0.14065746898533213,0.27461751819054514,0.24374935934307287,-0.46140754667204165,-0.5605307589766894,-0.23855760955043356,-0.5562835574761837,0.0,0.0,-0.2372151814121074,-0.047967868479873076,-0.3695037486790324,-0.421391385379438,0.9536919799837233,0.5493971881446129
-1.5317380654979655,0.06457316506698858,-0.31378087963814716,-0.16358429537944472,-0.27539953941193895,-0.17453775587990636,-0.162454109837077,-0.12591849498943178,-0.14065746898533213,0.27461751819054514,-0.934875214368314,-0.46140754667204165,0.19130922908147074,-0.23855760955043356,-0.18012845169251598,0.0,0.0,0.012422528713806518,-0.1450992497789325,0.1997550234776168,-1.6161062831533162,-1.0485565790508873,0.5493971881446129
0.9261377791000782,0.8858113669445872,-0.31378087963814716,-0.16358429537944472,-0.2866686209239896,-0.17453775587990636,-0.16449788817868072,-0.12726169781785823,-0.14065746898533213,-1.995553965517959,0.4704079312106473,-0.46140754667204165,0.06886247982883172,-0.23855760955043356,-1.9769196645396594,0.0,0.0,-0.5601161325532352,-0.1201052426086164,1.4322266993301151,-1.1087216705821394,-1.0485565790508873,-1.8201767711573702
1.0938614045528512,-2.399141440565807,-0.31378087963814716,-0.16358429537944472,-0.35428310999629337,-0.17453775587990636,-0.16449788817868072,-0.12726169781785823,-0.14065746898533213,0.27461751819054514,0.07753307330685164,-0.46140754667204165,-1.306587362511325,-0.23855760955043356,-0.42149464457036995,0.0,0.0,-0.7202098814383322,-0.09689446013331214,1.887783148630462,-0.334620066295429,-1.0485565790508873,-1.8201767711573702
1.2012769980141178,-0.75666503681061,-0.31378087963814716,-0.15879033316330265,-0.365552191508344,-0.17453775587990636,-0.16449788817868072,-0.12726169781785823,-0.14065746898533213,0.27461751819054514,2.298787077609081,-0.46140754667204165,-0.1666950856176692,-0.23855760955043356,-0.9882267185963424,0.0,0.0,-0.7174964280673983,-0.1374257716436857,-0.8865596275407771,0.415889061359099,0.9536919799837233,-1.8201767711573702
0.8750183099227284,0.8858113669445872,-0.31378087963814716,-0.16358429537944472,-0.3599176507523187,-0.17453775587990636,-0.16347599900787887,-0.12726169781785823,-0.14065746898533213,0.27461751819054514,-0.829101214163446,-0.46140754667204165,-0.6476670857977886,-0.23855760955043356,1.5752620419646008,0.0,0.0,-0.7174964280673983,-0.12035995627089684,-0.4594159100683915,1.5632772422156178,-1.0485565790508873,0.5493971881446129
1.5909497111609538,0.8858113669445872,-0.31378087963814716,-0.16358429537944472,-0.3599176507523187,-0.17453775587990636,-0.16449788817868072,-0.12726169781785823,-0.14065746898533213,0.27461751819054514,-0.8744329285369609,-0.46140754667204165,1.1166507528453606,-0.23855760955043356,0.9040833238015842,0.0,0.0,-0.6306659201975152,-0.14699927782842093,0.9297763856836935,-0.3608074656140285,-1.0485565790508873,-1.8201767711573702
1.447426948331382,0.8858113669445872,-0.31378087963814716,-0.16358429537944472,-0.30920678394809087,-0.1151257446135884,-0.15836655315386958,-0.12726169781785823,-0.14065746898533213,2.544789001899049,-0.36067349897045886,-0.46140754667204165,0.06302324510511344,-0.23855760955043356,0.2329046056385701,0.0,0.0,-0.2209344611865043,-0.14569202596488032,-1.455640001332804,-0.728349912190846,-1.0485565790508873,0.5493971881446129
1.274656084149706,-0.75666503681061,-0.31378087963814716,-0.16358429537944472,-0.3599176507523187,-0.17453775587990636,-0.16347599900787887,-0.12726169781785823,-0.14065746898533213,-1.995553965517959,-0.6628849281272247,-0.46140754667204165,-0.23280563597697815,-0.23855760955043356,1.2071962932945606,0.0,0.0,-0.7147829746964645,-0.12377311934545461,-1.2083802365953147,-0.39281922709007316,-1.0485565790508873,0.5493971881446129
-0.6106817056620201,-1.5779032386882086,0.34360166017397953,0.43566098163831435,2.5306017570886685,1.4592925539438375,0.4874674027929062,0.0728755236176806,0.5966842012790372,0.27461751819054514,0.198417644969558,-0.46140754667204165,-0.8057891026594791,-0.23855760955043356,-0.6289498847298475,0.0,0.0,1.190061291699096,-0.043396005200636925,-0.28057963301922584,-0.5838389047867801,0.9536919799837233,0.5493971881446129
-0.39779176440444936,-1.5779032386882086,1.0009841999861062,-0.16358429537944472,-0.30357224319206555,-0.17453775587990636,-0.15121332895825654,-0.12591849498943178,-0.14065746898533213,0.27461751819054514,0.5308502170420004,-0.46140754667204165,-0.8308226174873751,-0.23855760955043356,-0.6030179797099122,0.0,0.0,-0.05270035218860581,-0.14723525607056434,0.10425151138888096,0.24263040576573097,-1.0485565790508873,0.5493971881446129
1.3014452743261906,0.8858113669445872,-0.31378087963814716,-0.16358429537944472,-0.29793770243604023,-0.14483175024674738,-0.15938844232467142,-0.12726169781785823,-0.14065746898533213,0.27461751819054514,-0.0433514983558547,-0.46140754667204165,0.47827526115348673,-0.23855760955043356,0.46595277166739524,0.0,0.0,-0.7039291612127291,-0.011870129972453305,-0.2977270072934111,0.048083506202683486,-1.0485565790508873,0.5493971881446129
0.04895357129228859,0.8858113669445872,-0.31378087963814716,-0.16358429537944472,-0.33737948772821746,-0.17453775587990636,-0.15836655315386958,-0.12726169781785823,-0.14065746898533213,0.27461751819054514,0.12286478768036652,-0.46140754667204165,-0.15556424267679947,-0.23855760955043356,-0.21185237627668008,0.0,0.0,-0.7039291612127291,-0.08866629915000322,0.7937221444573845,1.1895131433804815,-1.0485565790508873,0.5493971881446129
-1.2197151789496354,0.8858113669445872,1.0009841999861062,0.1624051353182162,0.7669905004527444,0.4195823567832732,0.08893062618018065,-0.0305510941711549,2.0907712699726275,0.27461751819054514,-0.13401492710288446,-0.46140754667204165,0.6809691187398624,-0.23855760955043356,-1.1908078268284317,0.0,0.0,-0.7012157078417952,1.9138852361655365,-0.8250350993391762,-0.08682127816585393,0.9536919799837233,0.5493971881446129
-0.35404902875395766,0.06457316506698858,-0.31378087963814716,-0.16358429537944472,-0.365552191508344,-0.17453775587990636,-0.16449788817868072,-0.12726169781785823,-0.14065746898533213,0.27461751819054514,0.6517347887047068,-0.46140754667204165,-0.5235692789391273,-0.23855760955043356,-0.7454236954126044,0.0,0.0,-0.6985022544708615,-0.14489206586928083,0.25910696682602397,-0.25241359153883,-1.0485565790508873,-1.8201767711573702
-1.0539327991618253,0.8858113669445872,-0.31378087963814716,-0.15879033316330265,-0.3599176507523187,-0.17453775587990636,-0.16347599900787887,-0.12726169781785823,-0.14065746898533213,0.27461751819054514,0.28908107371658776,-0.46140754667204165,0.4788260596795367,-0.23855760955043356,-0.9737890472289787,0.0,0.0,-0.6957888010999276,-0.1364219001511687,-1.3024883843945956,-0.24937172383275868,0.9536919799837233,0.5493971881446129
0.5337473220222945,0.8858113669445872,-0.31378087963814716,-0.16358429537944472,-0.365552191508344,-0.17453775587990636,-0.16449788817868072,-0.12726169781785823,-0.14065746898533213,-1.995553965517959,0.9992779322349875,-0.46140754667204165,0.14311435805210218,-0.23855760955043356,-0.5287166348300999,0.0,0.0,-0.6930753477289937,-0.14595867933008014,0.48190937141612833,-0.6947236883550959,-1.0485565790508873,-1.8201767711573702
0.5629954233743985,0.8858113669445872,0.34360166017397953,-0.12043863543416607,-0.07255607219502759,-0.17453775587990636,-0.1450819939334454,-0.12054568367572605,-0.14065746898533213,0.27461751819054514,0.42507621683713237,-0.46140754667204165,0.3154998020076774,-0.23855760955043356,-0.9726105677610202,0.0,0.0,0.3000485860327943,-0.1332926444830884,-0.8053730648020195,-0.1574101893530708,0.9536919799837233,0.5493971881446129
1.1627109174701933,-2.399141440565807,-0.31378087963814716,-0.16358429537944472,-0.365552191508344,-0.17453775587990636,-0.16449788817868072,-0.12726169781785823,-0.14065746898533213,-1.995553965517959,-0.19445721293423762,-0.46140754667204165,-1.1223174374402458,-0.23855760955043356,0.2870319216194586,0.0,0.0,-0.6849349876161922,-0.1471776661424222,1.410140971257745,-0.12071925454368743,-1.0485565790508873,-1.8201767711573702
1.3326346213432572,0.06457316506698858,-0.31378087963814716,-0.03414731554360876,0.5923197370159596,1.6969405990091093,0.18703198657715925,-0.03726710831328708,-0.14065746898533213,-1.995553965517959,-0.19445721293423762,-0.46140754667204165,-1.6506111146227858,7.382097605466336,-0.6331324500556433,0.0,0.0,2.291723360298238,-0.13099937784051566,1.384564273264258,-0.18118591510955112,0.9536919799837233,0.5493971881446129
-0.6786253039357127,0.8858113669445872,-0.31378087963814716,-0.16358429537944472,-0.34864856924026805,-0.17453775587990636,-0.16449788817868072,-0.12726169781785823,-0.14065746898533213,0.27461751819054514,-0.7082166425007396,-0.46140754667204165,-0.13256030423589002,-0.23855760955043356,0.7602593127666541,0.0,0.0,-0.6795080808743245,-0.12777987599819635,-0.32224024759188413,-0.63252634576189,-1.0485565790508873,-1.8201767711573702
-0.7112382311070853,0.8858113669445872,1.0009841999861062,-0.04852920219203498,0.15846009880201034,0.033404283552206475,0.018420273394852273,-0.08293600447978587,-0.10185001265562847,0.27461751819054514,0.8935039320301195,-0.46140754667204165,-0.435965553854627,-0.23855760955043356,-1.4049718185353546,0.0,0.0,1.0571020765233377,-0.13271529771725982,-0.32224024759188413,-0.7854012770326217,0.9536919799837233,0.5493971881446129
1.4333205631659867,0.06457316506698858,-0.31378087963814716,-0.15879033316330265,-0.33174494697219215,-0.17453775587990636,-0.1573446639830677,-0.12726169781785823,-0.14065746898533213,0.27461751819054514,0.9388356464036344,-0.46140754667204165,0.2790435657308536,-0.23855760955043356,-1.089856371762993,0.0,0.0,-0.671367720761523,-0.11313980361317848,1.5923482278547976,0.3257188999261767,0.9536919799837233,0.5493971881446129
0.8746300607897359,0.8858113669445872,-0.31378087963814716,-0.16358429537944472,-0.35428310999629337,-0.17453775587990636,-0.16449788817868072,-0.12726169781785823,-0.14065746898533213,0.27461751819054514,-0.9802069287418289,-0.46140754667204165,3.314336871784598,-0.23855760955043356,0.4342582210874752,0.0,0.0,-0.5736833994079045,-0.14705969967671167,-0.4594159100683915,-1.7170390934824902,-1.0485565790508873,-1.8201767711573702
-0.5832454335972146,-0.75666503681061,-0.31378087963814716,-0.16358429537944472,-0.33737948772821746,-0.17453775587990636,-0.15836655315386958,-0.12726169781785823,-0.14065746898533213,0.27461751819054514,-0.6628849281272247,-0.46140754667204165,-0.38702922327096007,-0.23855760955043356,0.8391305446245203,0.0,0.0,-0.7310636949220676,0.07589692051617515,-0.28057963301922584,-0.39281922709007316,-1.0485565790508873,0.5493971881446129
-1.4267813832123182,0.06457316506698858,-0.31378087963814716,-0.11085071100188193,-0.2641304578998883,-0.17453775587990636,-0.13384121305462493,-0.111143263876741,-0.14065746898533213,0.27461751819054514,-0.8895434999947991,-0.46140754667204165,0.885315371904388,-0.23855760955043356,0.1490072658681935,0.0,0.0,-0.3240456892819905,-0.1355418829337025,-0.5668106997522169,-0.14717341854125207,0.9536919799837233,0.5493971881446129
0.34725832180821586,0.8858113669445872,-0.31378087963814716,-0.0964688243534557,-0.3148413247041162,-0.17453775587990636,-0.15836655315386958,-0.12591849498943178,-0.14065746898533213,0.27461751819054514,-0.4664474991753269,-0.46140754667204165,0.8159147576220968,-0.23855760955043356,0.5379858411672146,0.0,0.0,-0.15309812691315816,-0.14741359907384324,0.22490829069474474,-0.07262077454811112,0.9536919799837233,0.5493971881446129
0.6566928808032624,0.06457316506698858,1.0009841999861062,-0.053323164408177054,0.07394198746163062,-0.14483175024674738,-0.08479053285613562,-0.09636803276405022,-0.14065746898533213,0.27461751819054514,-0.13401492710288446,-0.46140754667204165,0.5248483365228197,2.2338132066593066,-1.0179284600288672,0.0,0.0,0.18337009108263888,-0.11890861126851889,1.6646001096915513,-0.0016182564594088066,0.9536919799837233,0.5493971881446129
0.42956713800263224,0.8858113669445872,-0.31378087963814716,-0.16358429537944472,-0.3599176507523187,-0.17453775587990636,-0.16449788817868072,-0.12726169781785823,-0.14065746898533213,0.27461751819054514,-0.2548994987655908,-0.46140754667204165,-0.14513687058069666,-0.23855760955043356,0.39491326174688457,0.0,0.0,-0.7202098814383322,-0.11609350242769961,-0.7007813668592946,1.4243081757771758,-1.0485565790508873,-1.8201767711573702
-1.0439677380816836,0.8858113669445872,-0.31378087963814716,-0.16358429537944472,-0.365552191508344,-0.17453775587990636,-0.16449788817868072,-0.12726169781785823,-0.14065746898533213,0.27461751819054514,-0.37578407042829715,-0.46140754667204165,0.15976349531679312,-0.23855760955043356,-0.7067455997896503,0.0,0.0,-0.7202098814383322,-0.1352925447220871,-1.3024883843945956,-0.1424872523473969,-1.0485565790508873,-1.8201767711573702
-0.434157766528083,0.06457316506698858,-0.31378087963814716,-0.16358429537944472,-0.365552191508344,-0.17453775587990636,-0.16449788817868072,-0.12726169781785823,-0.14065746898533213,-1.995553965517959,-0.572221499380195,-0.46140754667204165,0.3840887131989478,-0.23855760955043356,1.2668826309167296,0.0,0.0,-0.7202098814383322,-0.1352925447220871,0.22152724227200443,0.7805608347015527,-1.0485565790508873,-1.8201767711573702
-1.037626335576139,0.8858113669445872,-0.31378087963814716,-0.14440844651487644,-0.3261104062161668,-0.17453775587990636,-0.14099443725023794,-0.12323208933257893,-0.14065746898533213,0.27461751819054514,1.482816218885813,-0.46140754667204165,0.16957772359913748,-0.23855760955043356,-0.7331271910238035,0.0,0.0,-0.386455116813469,-0.1451119022314303,-1.3024883843945956,-0.2358855242341619,0.9536919799837233,0.5493971881446129
-0.7975589550090911,0.06457316506698858,-0.31378087963814716,-0.16358429537944472,-0.3204758654601415,-0.17453775587990636,-0.16449788817868072,-0.12726169781785823,-0.14065746898533213,-1.995553965517959,-0.8593223570791225,-0.46140754667204165,-1.1003133145056243,-0.23855760955043356,0.9413710303661973,0.0,0.0,-0.7147829746964645,-0.016258482496884732,-0.6862124609088535,1.3237620811963917,-1.0485565790508873,-1.8201767711573702
-0.5497265917821927,-0.75666503681061,1.6583667397982327,0.023380231050096106,0.6768378483563394,0.12252230045168341,-0.0020175100211849324,-0.06278796205338934,-0.14065746898533213,-1.995553965517959,0.4704079312106473,-0.46140754667204165,-0.5574095673290729,-0.23855760955043356,-1.223426575281179,0.0,0.0,0.4438616146922882,-0.0891181889980568,-0.5782055760576401,-0.7373651042766931,0.9536919799837233,0.5493971881446129
-0.9184338517474322,-1.5779032386882086,-0.31378087963814716,-0.16358429537944472,-0.3599176507523187,-0.17453775587990636,-0.16449788817868072,-0.12726169781785823,-0.14065746898533213,0.27461751819054514,0.5308502170420004,-0.46140754667204165,-1.2410512217585767,-0.23855760955043356,-0.8104732198693898,0.0,0.0,-0.7039291612127291,-0.13254982439431745,0.525188694702774,0.2767116144483094,-1.0485565790508873,-1.8201767711573702
0.8743712280344076,0.8858113669445872,-0.31378087963814716,-0.16358429537944472,-0.3599176507523187,-0.17453775587990636,-0.16449788817868072,-0.12726169781785823,-0.14065746898533213,0.27461751819054514,-0.4513369277174886,-0.46140754667204165,0.6732579393751631,-0.23855760955043356,0.5610364234071566,0.0,0.0,-0.7039291612127291,-0.13254982439431745,-0.4594159100683915,0.1365999787532662,-1.0485565790508873,-1.8201767711573702
-1.2977532546811341,0.8858113669445872,-0.31378087963814716,-0.12043863543416607,-0.19651596882758454,-0.1151257446135884,-0.111359651296984,-0.12054568367572605,-0.14065746898533213,0.27461751819054514,-0.6175532137537099,-0.46140754667204165,0.6863669442951519,-0.23855760955043356,0.5684939647200765,0.0,0.0,1.7734537664498733,-0.14935527365184878,-1.5576287384669998,-0.19541336465445894,0.9536919799837233,0.5493971881446129
-0.17131310349214016,0.8858113669445872,-0.31378087963814716,-0.15879033316330265,-0.2866686209239896,-0.17453775587990636,-0.16143222066627516,-0.12591849498943178,-0.14065746898533213,0.27461751819054514,0.09264364476468993,-0.46140754667204165,-0.5948599398382504,-0.23855760955043356,-0.8194373351849231,0.0,0.0,-0.6985022544708615,-0.010498769808568491,-0.3264081370708519,-0.8631154759356807,0.9536919799837233,0.5493971881446129
0.44949726016291547,0.8858113669445872,-0.31378087963814716,-0.16358429537944472,-0.3148413247041162,-0.17453775587990636,-0.14099443725023794,-0.12726169781785823,-0.14065746898533213,0.27461751819054514,-1.1010915004045352,-0.46140754667204165,1.0009830623748743,-0.23855760955043356,1.5752620419646008,0.0,0.0,-0.6957888010999276,-0.06414315268994526,0.16008876236159203,-4.716185457549331,-1.0485565790508873,0.5493971881446129
1.428532157192412,0.8858113669445872,-0.31378087963814716,-0.16358429537944472,-0.3599176507523187,-0.17453775587990636,-0.16347599900787887,-0.12726169781785823,-0.14065746898533213,0.27461751819054514,-0.4664474991753269,-0.46140754667204165,1.6660722825801695,-0.23855760955043356,-0.4992903596301729,0.0,0.0,-0.6116717466009783,-0.14809190625167876,1.5923482278547976,0.012582247158330659,-1.0485565790508873,0.5493971881446129
-0.5204784904300889,0.06457316506698858,1.6583667397982327,-0.053323164408177054,0.7613559596967191,0.21164031735116035,0.023529719248861578,-0.09502482993562378,-0.12125374082048031,-1.995553965517959,-0.7233272139585779,-0.46140754667204165,1.6949892051977913,-0.23855760955043356,0.7300740265000645,0.0,0.0,-0.6903618943580598,1.4703536766348442,-0.5782055760576401,-0.03001926369489107,0.9536919799837233,0.5493971881446129
0.16672247496668938,0.8858113669445872,1.0009841999861062,-0.014971466679040472,0.051403824437529354,0.033404283552206475,-0.019389625924816557,-0.10174084407775597,0.014572356333482469,0.27461751819054514,0.6819559316203834,-0.46140754667204165,0.02711806618823365,-0.23855760955043356,-0.23132734109084838,0.0,0.0,-0.3566071297331967,-0.07336887309652748,-0.5572324372941792,0.485459017629098,0.9536919799837233,0.5493971881446129
1.0405418569552105,0.06457316506698858,-0.31378087963814716,-0.14440844651487644,-0.33737948772821746,-0.17453775587990636,-0.162454109837077,-0.12591849498943178,-0.14065746898533213,2.544789001899049,-0.783769499789931,-0.46140754667204165,0.5383123004929298,-0.23855760955043356,1.0791734241919377,0.0,0.0,-0.030992725221135033,-0.15097420522208296,-0.8936620082071127,-1.6599901137312185,0.9536919799837233,0.5493971881446129
0.6511279765637028,0.8858113669445872,-0.31378087963814716,-0.16358429537944472,-0.35428310999629337,-0.17453775587990636,-0.16347599900787887,-0.12726169781785823,-0.14065746898533213,0.27461751819054514,-1.0104280716575054,-0.46140754667204165,-1.312370747034849,-0.23855760955043356,1.5752620419646008,0.0,0.0,-0.6822215342452583,-0.13354717724077916,-1.4612372771973,-0.26432757338761304,-1.0485565790508873,0.5493971881446129
-0.6850961228189216,0.8858113669445872,-0.31378087963814716,-0.15399637094716057,-0.20215050958360986,-0.08541973898042943,-0.14303821559184166,-0.12457529216100535,-0.14065746898533213,0.27461751819054514,-0.14912549856072274,-0.46140754667204165,-0.04892366651107684,-0.23855760955043356,-0.004589402326803672,0.0,0.0,-0.5981044797463091,-0.06755252757019166,-0.32224024759188413,-0.5202643424365863,0.9536919799837233,0.5493971881446129
0.23699556803833732,0.06457316506698858,-0.31378087963814716,-0.09167486213731363,-0.05565244992695165,-0.026007727714111476,-0.10011887041816353,-0.1071136553914617,-0.14065746898533213,0.27461751819054514,-0.39089464188613543,-0.46140754667204165,0.6450824763118399,-0.23855760955043356,0.8766882740806454,0.0,0.0,0.5605401096424436,-0.13657248087504625,-0.5572324372941792,0.35252491539526687,0.9536919799837233,0.5493971881446129
-0.1005223449098355,-0.75666503681061,-0.31378087963814716,-0.16358429537944472,-0.35428310999629337,-0.17453775587990636,-0.162454109837077,-0.12591849498943178,-0.14065746898533213,0.27461751819054514,2.374339934898272,-0.46140754667204165,0.04083413175644032,-0.23855760955043356,-1.6706971036341187,0.0,0.0,-0.6686542673905891,-0.1374257716436857,0.25366429330206547,-0.4016807204488635,-1.0485565790508873,0.5493971881446129
-0.505983856131701,0.8858113669445872,-0.31378087963814716,-0.15399637094716057,0.37257264753097236,0.003698277919047501,-0.0725278628065133,-0.12726169781785823,-0.14065746898533213,-1.995553965517959,-1.0859809289466968,-0.46140754667204165,3.314336871784598,-0.23855760955043356,1.5752620419646008,0.0,0.0,-0.5845372128916398,0.19506338992961467,-0.5782055760576401,-1.904485741236667,0.9536919799837233,0.5493971881446129
1.0903671623559184,0.06457316506698858,-0.31378087963814716,-0.16358429537944472,-0.26976499865591363,-0.17453775587990636,-0.16143222066627516,-0.12591849498943178,-0.14065746898533213,0.27461751819054514,-0.20956778439207593,-0.46140754667204165,-0.07157188562417913,-0.23855760955043356,0.2659133950564234,0.0,0.0,1.2416169057468391,-0.15070955953303847,1.887783148630462,-1.0133459404381173,-1.0485565790508873,0.5493971881446129
1.5611839442981932,0.06457316506698858,1.0009841999861062,3.2353349158652844,6.638181968231124,0.7760544243811809,4.949035522513828,5.218685559319353,9.891069992243061,0.27461751819054514,-0.7988800712477694,-0.46140754667204165,-0.7312783020521684,-0.23855760955043356,1.0566239415659078,0.0,0.0,1.9064129816256317,0.04127569670662392,-0.07111393835390431,0.6516049099566632,0.9536919799837233,0.5493971881446129
-1.1213587319248612,-0.75666503681061,-0.31378087963814716,-0.15879033316330265,-0.3599176507523187,-0.14483175024674738,-0.16449788817868072,-0.12726169781785823,-0.14065746898533213,0.27461751819054514,-0.6175532137537099,-0.46140754667204165,-0.32276939523180054,-0.23855760955043356,1.5752620419646008,0.0,0.0,-0.7337771482930014,-0.05209669477974136,-1.2549162280750763,-0.581332933560119,0.9536919799837233,-1.8201767711573702
-1.1631602219103903,0.8858113669445872,-0.31378087963814716,-0.053323164408177054,-0.19651596882758454,-0.14483175024674738,-0.14303821559184166,-0.12323208933257893,-0.14065746898533213,0.27461751819054514,-0.4966686420910035,-0.46140754667204165,-2.2569902192104854,-0.23855760955043356,-0.05474341643129381,0.0,0.0,-0.6415197336812506,-0.025806114340580128,-0.8250350993391762,0.5055425870313304,0.9536919799837233,0.5493971881446129
0.3420816667016488,0.06457316506698858,0.34360166017397953,-0.019765428895182544,0.4120144328231496,0.033404283552206475,-0.03778363099925004,-0.07756319316608012,0.4608581041250744,0.27461751819054514,-0.0433514983558547,-0.46140754667204165,0.14724534699747616,-0.23855760955043356,0.30748001876779374,0.0,0.0,-0.5574026791823014,0.1594692222682148,0.22490829069474474,0.10015201946773264,0.9536919799837233,0.5493971881446129
-0.9296930766042155,0.06457316506698858,-0.31378087963814716,-0.16358429537944472,-0.30920678394809087,-0.1151257446135884,-0.15938844232467142,-0.12726169781785823,-0.14065746898533213,0.27461751819054514,0.7121770745360599,-0.46140754667204165,-0.681910434161767,-0.23855760955043356,-1.136960155202338,0.0,0.0,0.6853589647054006,-0.15127957994060745,0.525188694702774,-1.274542088948037,-1.0485565790508873,0.5493971881446129
-0.4342871829057472,0.06457316506698858,-0.31378087963814716,-0.16358429537944472,-0.3599176507523187,-0.17453775587990636,-0.16449788817868072,-0.12726169781785823,-0.14065746898533213,-1.995553965517959,-0.9197646429104757,-0.46140754667204165,3.314336871784598,-0.23855760955043356,1.5752620419646008,0.0,0.0,-0.7202098814383322,-0.11609350242769961,0.22152724227200443,-1.3689238905104455,-1.0485565790508873,-1.8201767711573702
1.3580002313654358,0.06457316506698858,1.6583667397982327,2.679235298792804,-0.12890147975528074,-0.026007727714111476,0.16557231399032016,0.20585260363189767,-0.14065746898533213,0.27461751819054514,0.7423982174517365,-0.46140754667204165,0.3613492246432501,-0.23855760955043356,-1.461280384563234,0.0,0.0,-0.7174964280673983,0.5793384740134467,0.18990449525929096,-0.4986358830803351,0.9536919799837233,0.5493971881446129
-0.68535495557425,-0.75666503681061,-0.31378087963814716,-0.15879033316330265,-0.33174494697219215,-0.17453775587990636,-0.16449788817868072,-0.12726169781785823,-0.14065746898533213,0.27461751819054514,-0.11890435564504617,-0.46140754667204165,-0.34693109057452426,-0.23855760955043356,-0.29802781320680016,0.0,0.0,-0.7120695213255306,-0.05675100806322923,-0.32224024759188413,1.396813428165267,0.9536919799837233,-1.8201767711573702
1.0890729985792766,-1.5779032386882086,-0.31378087963814716,-0.16358429537944472,-0.29793770243604023,-0.1151257446135884,-0.16347599900787887,-0.12726169781785823,-0.14065746898533213,0.27461751819054514,-0.6175532137537099,-0.46140754667204165,-1.2669298686357298,-0.23855760955043356,1.239672682883093,0.0,0.0,-0.6279524668265813,-0.10695110133513415,1.887783148630462,-0.25054473164098157,-1.0485565790508873,0.5493971881446129
-0.26384581352202646,0.06457316506698858,-0.31378087963814716,0.3158119262347625,-0.12890147975528074,-0.14483175024674738,-0.06333086026929656,-0.09636803276405022,-0.10185001265562847,0.27461751819054514,-0.22467835584991422,-0.46140754667204165,0.03708564178748974,-0.23855760955043356,0.24409091760795365,0.0,0.0,-0.6252390134556475,-0.0008992486613747532,-0.8603242518026359,0.7510084352808495,0.9536919799837233,0.5493971881446129
-0.4021919212450314,0.06457316506698858,-0.31378087963814716,-0.16358429537944472,-0.2528613763878377,-0.14483175024674738,-0.1573446639830677,-0.12591849498943178,-0.14065746898533213,0.27461751819054514,0.42507621683713237,-0.46140754667204165,-1.1597898921869811,-0.23855760955043356,0.13516013211968406,0.0,0.0,1.2768917995689792,-0.1501563194016129,0.10425151138888096,0.7707236975850905,-1.0485565790508873,0.5493971881446129
-1.0685568498378772,0.8858113669445872,2.3157492796103596,0.9629968254139423,1.082524782790162,0.3898763511501142,0.9370986379457247,1.6712868894451385,-0.08244628449077665,0.27461751819054514,4.066723938176161,-0.46140754667204165,-0.34042650423095366,-0.23855760955043356,-2.040127971861176,0.0,0.0,-0.3756013033297336,0.139040437395494,-1.3024883843945956,-0.09540762919053453,0.9536919799837233,0.5493971881446129
0.7078123499806122,-2.399141440565807,-0.31378087963814716,-0.15879033316330265,-0.34864856924026805,-0.17453775587990636,-0.16449788817868072,-0.12726169781785823,-0.14065746898533213,0.27461751819054514,-0.52688978500668,-0.46140754667204165,-2.160600477151747,-0.23855760955043356,1.5752620419646008,0.0,0.0,-0.4542914510868152,-0.14869564972005572,2.6855336471000912,2.1724788474166954,0.9536919799837233,-1.8201767711573702
1.5123939699187987,0.8858113669445872,-0.31378087963814716,-0.16358429537944472,-0.365552191508344,-0.17453775587990636,-0.16449788817868072,-0.12726169781785823,-0.14065746898533213,0.27461751819054514,-0.6175532137537099,-0.46140754667204165,0.3069769195519573,-0.23855760955043356,0.2329046056385701,0.0,0.0,-0.7012157078417952,-0.14425209779280124,-0.45137039484202884,0.02511210329163156,-1.0485565790508873,-1.8201767711573702
-1.0446148199700045,0.8858113669445872,-0.31378087963814716,-0.16358429537944472,-0.35428310999629337,-0.17453775587990636,-0.16347599900787887,-0.12726169781785823,-0.14065746898533213,0.27461751819054514,1.029499075150664,-0.46140754667204165,0.7411498446513183,-0.23855760955043356,-0.7386617905834169,0.0,0.0,-0.7012157078417952,-0.12377311934545461,-1.3024883843945956,0.2321438800172457,-1.0485565790508873,0.5493971881446129
-0.6756487272494367,-1.5779032386882086,2.3157492796103596,0.13364136202136379,1.4656735541998835,-0.1151257446135884,0.18907576491876296,0.009744990681638152,-0.12125374082048031,-1.995553965517959,-0.16423607001856105,-0.46140754667204165,-1.519521065422901,-0.23855760955043356,-1.277247510228214,0.0,0.0,2.272729186701701,-0.10942308809319597,1.5183936778193632,-0.26432757338761304,0.9536919799837233,0.5493971881446129
1.1505457779697605,0.8858113669445872,0.34360166017397953,-0.1492024087310185,-0.30920678394809087,-0.14483175024674738,-0.14916955061665282,-0.12591849498943178,-0.14065746898533213,-1.995553965517959,4.746699653778884,-0.46140754667204165,-0.1405153153591562,-0.23855760955043356,-2.736500468805,0.0,0.0,-0.6143851999719121,-0.11854444399719588,1.410140971257745,0.5434036433166034,0.9536919799837233,0.5493971881446129
-0.16070096052367766,-1.5779032386882086,-0.31378087963814716,-0.16358429537944472,-0.365552191508344,-0.17453775587990636,-0.16449788817868072,-0.12726169781785823,-0.14065746898533213,0.27461751819054514,-0.36067349897045886,-0.46140754667204165,-1.2609628846035217,-0.23855760955043356,0.45663084502624357,0.0,0.0,-0.6985022544708615,-0.14489206586928083,-0.3264081370708519,0.7050656294587473,-1.0485565790508873,-1.8201767711573702
0.400836702161185,0.06457316506698858,-0.31378087963814716,-0.15879033316330265,-0.33737948772821746,-0.14483175024674738,-0.1604103314954733,-0.12726169781785823,-0.14065746898533213,0.27461751819054514,0.7877299318252514,-0.46140754667204165,0.5401482955797624,-0.23855760955043356,-0.9403369331975671,0.0,0.0,-0.6985022544708615,-0.09689446013331214,-1.2076488261201908,-0.4432874634678786,0.9536919799837233,0.5493971881446129
0.23479548961804633,-1.5779032386882086,0.34360166017397953,-0.16358429537944472,-0.20778505033963518,-0.14483175024674738,-0.1420163264210398,-0.12726169781785823,-0.14065746898533213,0.27461751819054514,2.102349648657183,-0.46140754667204165,-0.8697694035874219,-0.23855760955043356,-1.037316800230687,0.0,0.0,-0.3647474898459982,-0.12244714232368396,-0.5572324372941792,0.15392370840033007,-1.0485565790508873,0.5493971881446129
-0.5248786472706709,-1.5779032386882086,-0.31378087963814716,-0.02455939111132462,-0.12890147975528074,-0.1151257446135884,-0.10216264875976724,-0.12457529216100535,-0.14065746898533213,-1.995553965517959,0.01709078747549847,-0.46140754667204165,-1.3474215623289352,-0.23855760955043356,-0.37645502006206155,0.0,0.0,1.7815941265626747,-0.14739000578070113,-0.5782055760576401,-0.6712841112749722,0.9536919799837233,0.5493971881446129
-1.2234682539018966,0.8858113669445872,-0.31378087963814716,-0.15879033316330265,-0.365552191508344,-0.17453775587990636,-0.16449788817868072,-0.12726169781785823,-0.14065746898533213,0.27461751819054514,-0.8593223570791225,-0.46140754667204165,-0.2713615328004739,-0.23855760955043356,-0.960302004429012,0.0,0.0,-0.687648440987126,-0.14681197009871957,0.08020828975698321,1.2196250546662935,0.9536919799837233,-1.8201767711573702
1.0749666134138813,-0.75666503681061,-0.31378087963814716,0.17678702196664242,1.9164368146819089,0.5384063793159091,0.14717830891588668,-0.041296716798566384,-0.14065746898533213,0.27461751819054514,-0.934875214368314,-0.46140754667204165,0.03708564178748923,-0.23855760955043356,1.5752620419646008,0.0,0.0,1.4614066287924807,-0.07769541783892465,1.887783148630462,-1.3277268250699654,0.9536919799837233,0.5493971881446129
0.7167420800394403,-1.5779032386882086,1.6583667397982327,-0.07729297548888742,-0.19088142807155922,-0.08541973898042943,-0.09500942456415422,-0.11517287236202031,-0.14065746898533213,0.27461751819054514,1.1957153611868854,-0.46140754667204165,0.012734549056861258,-0.23855760955043356,-1.9811135036264407,0.0,0.0,1.9606820490443087,-0.1495568934147043,-0.7418753830924125,-0.9063932012468897,0.9536919799837233,0.5493971881446129
1.3714595346425102,-1.5779032386882086,-0.31378087963814716,-0.15399637094716057,-0.33737948772821746,-0.17453775587990636,-0.15938844232467142,-0.12726169781785823,-0.14065746898533213,0.27461751819054514,-0.13401492710288446,-0.46140754667204165,-0.6269325812838199,-0.23855760955043356,-0.32641099283060854,0.0,0.0,-0.6795080808743245,-0.11442402048905721,0.18990449525929096,-0.6548414228754825,0.9536919799837233,0.5493971881446129
-0.715379555192339,0.06457316506698858,-0.31378087963814716,-0.1492024087310185,-0.2528613763878377,-0.17453775587990636,-0.162454109837077,-0.12457529216100535,-0.14065746898533213,0.27461751819054514,-0.52688978500668,-0.46140754667204165,-0.3870292232709595,-0.23855760955043356,-0.13624368935108822,0.0,0.0,-0.5953910263753752,-0.09476123321171354,-0.32224024759188413,-1.5764541076668566,0.9536919799837233,0.5493971881446129
0.533359072889302,0.06457316506698858,-0.31378087963814716,-0.15399637094716057,-0.35428310999629337,-0.17453775587990636,-0.16347599900787887,-0.12726169781785823,-0.14065746898533213,-1.995553965517959,-0.6931060710429013,-0.46140754667204165,-0.22509445661227903,-0.23855760955043356,0.39491326174688457,0.0,0.0,0.8915814208963729,-0.15372617669244584,0.48190937141612833,-1.258117990360192,0.9536919799837233,0.5493971881446129
-0.6197408520985124,0.06457316506698858,-0.31378087963814716,-0.16358429537944472,-0.33737948772821746,-0.17453775587990636,-0.162454109837077,-0.12726169781785823,-0.14065746898533213,-1.995553965517959,-0.8593223570791225,-0.46140754667204165,0.6539799909634157,-0.23855760955043356,0.30748001876779374,0.0,0.0,-0.6767946275033906,-0.11609350242769961,0.01712614564697976,-0.23829331675508766,-1.0485565790508873,0.5493971881446129
1.546948142755134,0.06457316506698858,-0.31378087963814716,-0.16358429537944472,-0.35428310999629337,-0.17453775587990636,-0.16449788817868072,-0.12726169781785823,-0.14065746898533213,0.27461751819054514,-0.6175532137537099,-0.46140754667204165,0.433890079929296,-0.23855760955043356,-0.10268475344293758,0.0,0.0,0.23221225175944812,-0.1532080855817523,-0.7390669220744036,-0.14028199766793464,-1.0485565790508873,-1.8201767711573702
1.2743972513943778,-1.5779032386882086,-0.31378087963814716,-0.07729297548888742,-0.30357224319206555,-0.17453775587990636,-0.15121332895825654,-0.12457529216100535,-0.14065746898533213,-1.995553965517959,-0.37578407042829715,-0.46140754667204165,-1.1388692113291201,-0.23855760955043356,0.6624589852629006,0.0,0.0,0.06669159613248346,-0.14830666063975914,-1.2083802365953147,-0.1424872523473969,0.9536919799837233,0.5493971881446129
0.36511778192587224,-1.5779032386882086,0.34360166017397953,-0.16358429537944472,-0.2866686209239896,-0.17453775587990636,-0.15427899647066212,-0.12726169781785823,-0.12125374082048031,0.27461751819054514,-0.14912549856072274,-0.46140754667204165,-1.287401213853919,-0.23855760955043356,1.2241839432331774,0.0,0.0,-0.671367720761523,-0.06588062258084007,0.22490829069474474,0.2583601943884597,-1.0485565790508873,0.5493971881446129
0.6507397274307102,0.06457316506698858,-0.31378087963814716,-0.16358429537944472,-0.3599176507523187,-0.17453775587990636,-0.16347599900787887,-0.12726169781785823,-0.14065746898533213,0.27461751819054514,-0.9046540714526374,-0.46140754667204165,1.579321514727305,-0.23855760955043356,-1.4674148137077354,0.0,0.0,-0.6686542673905891,-0.14311437676794866,-1.4612372771973,-0.15498369553100902,-1.0485565790508873,0.5493971881446129
0.08079000019767606,0.8858113669445872,-0.31378087963814716,-0.16358429537944472,-0.3599176507523187,-0.17453775587990636,-0.162454109837077,-0.12726169781785823,-0.14065746898533213,0.27461751819054514,1.9210227911631235,-0.46140754667204165,-0.6964987133050003,-0.23855760955043356,-0.9665781530586991,0.0,0.0,-0.6659408140196552,-0.14352070570539602,1.7862885274902995,0.47107573525192076,-1.0485565790508873,0.5493971881446129
0.58318437829001,-2.399141440565807,-0.31378087963814716,-0.16358429537944472,-0.34864856924026805,-0.17453775587990636,-0.16449788817868072,-0.12726169781785823,-0.14065746898533213,0.27461751819054514,-0.08868321272936958,-0.46140754667204165,-1.6247521968088825,-0.23855760955043356,-1.0705439194896045,0.0,0.0,-0.6659408140196552,-0.13254982439431745,-0.8053730648020195,-0.3560134337021562,-1.0485565790508873,-1.8201767711573702
0.5830549619123458,0.06457316506698858,-0.31378087963814716,-0.16358429537944472,-0.35428310999629337,-0.17453775587990636,-0.16449788817868072,-0.12726169781785823,-0.14065746898533213,0.27461751819054514,0.06242250184901335,-0.46140754667204165,-0.39602559919644204,-0.23855760955043356,-0.15790831886141352,0.0,0.0,0.4981306821109651,-0.15348332221326824,-0.8053730648020195,-1.0028436381153065,-1.0485565790508873,-1.8201767711573702
0.9487856451913091,0.06457316506698858,-0.31378087963814716,-0.1300265598664502,-0.2810340801679643,-0.17453775587990636,-0.14303821559184166,-0.12726169781785823,-0.14065746898533213,0.27461751819054514,0.5006290741263238,-0.46140754667204165,-0.3944083422802413,-0.23855760955043356,-0.8546535024959444,0.0,0.0,-0.7392040550348691,2.302985826665122,0.8753350659853014,-0.11680011913664076,0.9536919799837233,0.5493971881446129
-0.8077828488445611,0.06457316506698858,-0.31378087963814716,-0.15399637094716057,-0.0387488276588757,0.18193431171800137,-0.05106819021967423,-0.10442724973460883,-0.14065746898533213,-1.995553965517959,-0.20956778439207593,-0.46140754667204165,0.006791722854743217,-0.23855760955043356,-0.10818621834591334,0.0,0.0,0.9187159546057114,-0.13968448250184892,-0.6862124609088535,-0.18366405693602,0.9536919799837233,0.5493971881446129
-0.2719990453148696,0.8858113669445872,-0.31378087963814716,-0.16358429537944472,-0.365552191508344,-0.17453775587990636,-0.16449788817868072,-0.12726169781785823,-0.14065746898533213,-1.995553965517959,-0.16423607001856105,-0.46140754667204165,-0.3099174296239687,-0.23855760955043356,-1.277247510228214,0.0,0.0,-0.7337771482930014,-0.10329414089810797,1.0092000616362544,-0.7915212701962375,-1.0485565790508873,-1.8201767711573702
1.4058842911011813,0.8858113669445872,-0.31378087963814716,-0.16358429537944472,-0.3599176507523187,-0.17453775587990636,-0.16449788817868072,-0.12726169781785823,-0.14065746898533213,0.27461751819054514,-1.0859809289466968,-0.46140754667204165,-3.6257245564445717,-0.23855760955043356,1.5752620419646008,0.0,0.0,-0.7310636949220676,-0.07769541783892465,-0.9421468236501976,3.0940915322080693,-1.0485565790508873,-1.8201767711573702
-0.7135677259050405,0.06457316506698858,-0.31378087963814716,-0.1492024087310185,-0.3261104062161668,-0.17453775587990636,-0.1573446639830677,-0.12591849498943178,-0.14065746898533213,0.27461751819054514,-0.17934664147639934,-0.46140754667204165,0.6539799909634157,-0.23855760955043356,0.30748001876779374,0.0,0.0,-0.3973089302972044,-0.14481647908859427,-0.32224024759188413,0.17825478936530553,0.9536919799837233,0.5493971881446129
1.2509728870371617,0.8858113669445872,-0.31378087963814716,-0.15399637094716057,-0.3599176507523187,-0.17453775587990636,-0.16449788817868072,-0.12726169781785823,-0.14065746898533213,0.27461751819054514,0.561071359957677,-0.46140754667204165,-0.5974342602220345,-0.23855760955043356,-0.15661875758103683,0.0,0.0,-0.7283502415511337,-0.09305465167443464,0.9494396672975342,-0.24759126555241912,0.9536919799837233,-1.8201767711573702
-0.22463265108978095,0.06457316506698858,-0.31378087963814716,-0.16358429537944472,-0.365552191508344,-0.17453775587990636,-0.162454109837077,-0.12726169781785823,-0.14065746898533213,0.27461751819054514,1.1654942182712087,-0.46140754667204165,-0.23390007980146707,-0.23855760955043356,-0.15125689752052351,0.0,0.0,-0.7283502415511337,-0.12377311934545461,0.353181127794314,0.47559340458940313,-1.0485565790508873,0.5493971881446129
-0.5664213045008716,0.8858113669445872,-0.31378087963814716,-0.16358429537944472,-0.14017056126733138,-0.05571373334727045,-0.12770987802981376,-0.12591849498943178,-0.08244628449077665,-1.995553965517959,0.09264364476468993,-0.46140754667204165,-0.44871865818855255,-0.23855760955043356,0.448344688011884,0.0,0.0,0.9268563147185129,-0.14425209779280124,-0.0044208516090499346,0.9650678787038289,-1.0485565790508873,0.5493971881446129
-1.5725042244621812,0.8858113669445872,-0.31378087963814716,-0.16358429537944472,-0.365552191508344,-0.17453775587990636,-0.16449788817868072,-0.12726169781785823,-0.14065746898533213,0.27461751819054514,0.3948550739214558,-0.46140754667204165,0.5768681973164252,-0.23855760955043356,-0.006327412716563877,0.0,0.0,-0.7229233348092661,-0.13254982439431745,0.88008349752086,1.0464070303389994,-1.0485565790508873,-1.8201767711573702
-1.0891340538864813,0.06457316506698858,1.0009841999861062,-0.15879033316330265,-0.2134195910956605,-0.08541973898042943,-0.1450819939334454,-0.12054568367572605,-0.14065746898533213,0.27461751819054514,3.80984422339291,-0.46140754667204165,-0.22866963977227595,-0.23855760955043356,-1.9140462787605546,0.0,0.0,-0.5519757724404336,-0.09305465167443464,1.095105628498168,0.6291967758075684,0.9536919799837233,0.5493971881446129
1.1077089569629182,-0.75666503681061,-0.31378087963814716,-0.09167486213731363,0.11338377275380783,0.1522283060848424,-0.08376864368533377,-0.11651607519044675,-0.12125374082048031,0.27461751819054514,-0.028240926898016407,-0.46140754667204165,-0.1159330737307576,-0.23855760955043356,-1.0818701436396654,0.0,0.0,0.10467994332555731,-0.11215523734167143,2.3081001784106907,-0.9544136909757672,0.9536919799837233,0.5493971881446129
1.4762868005504934,-0.75666503681061,-0.31378087963814716,-0.16358429537944472,-0.35428310999629337,-0.17453775587990636,-0.1604103314954733,-0.12726169781785823,-0.14065746898533213,0.27461751819054514,0.03220135893333676,-0.46140754667204165,-0.7314619015608519,-0.23855760955043356,-0.4992903596301729,0.0,0.0,0.023276342197541905,-0.1528576259701437,-1.3456603565416556,-0.8577057602717798,-1.0485565790508873,0.5493971881446129
-0.2721284616925338,-1.5779032386882086,-0.31378087963814716,-0.16358429537944472,-0.34864856924026805,-0.17453775587990636,-0.16449788817868072,-0.12726169781785823,-0.14065746898533213,-1.995553965517959,-0.31534178459694395,-0.46140754667204165,-1.5154318036385908,-0.23855760955043356,-0.749005000562878,0.0,0.0,-0.7202098814383322,-0.07769541783892465,1.0092000616362544,-0.2730056589317882,-1.0485565790508873,-1.8201767711573702
1.2360900036057814,-1.5779032386882086,-0.31378087963814716,-0.15879033316330265,-0.004941583122723805,-0.14483175024674738,-0.12770987802981376,-0.12457529216100535,-0.14065746898533213,0.27461751819054514,1.1050519324398556,-0.46140754667204165,-0.1116299602459927,0.5686754380040207,-1.739816626800022,0.0,0.0,0.44114816132135437,-0.13159364666537024,0.9494396672975342,-0.06801520580722419,0.9536919799837233,0.5493971881446129
0.5673955802149804,0.8858113669445872,-0.31378087963814716,-0.15879033316330265,-0.30357224319206555,-0.14483175024674738,-0.15121332895825654,-0.12591849498943178,-0.14065746898533213,0.27461751819054514,0.001980216017660177,-0.46140754667204165,-0.2531545815227121,-0.23855760955043356,-0.2503440714388009,0.0,0.0,-0.7120695213255306,0.013063691189088853,-0.8053730648020195,-0.27994812736712865,0.9536919799837233,0.5493971881446129
-1.0242964486767288,0.8858113669445872,-0.31378087963814716,-0.16358429537944472,-0.30357224319206555,-0.17453775587990636,-0.15938844232467142,-0.12726169781785823,-0.14065746898533213,0.27461751819054514,-1.0557597860310204,-0.46140754667204165,-2.3800725052239513,-0.23855760955043356,1.5752620419646008,0.0,0.0,0.11282030343835886,-0.14864045031723266,0.03136051873977767,-0.7798058547116021,-1.0485565790508873,0.5493971881446129
-1.5190552604868763,-0.75666503681061,-0.31378087963814716,-0.16358429537944472,-0.34301402848424273,-0.17453775587990636,-0.16449788817868072,-0.12726169781785823,-0.14065746898533213,0.27461751819054514,0.7423982174517365,-0.46140754667204165,-0.1234721285560662,1.675733147798601,-0.541116012888132,0.0,0.0,-0.7093560679545968,-0.0904947793685163,0.1997550234776168,-1.0579524933145754,-1.0485565790508873,-1.8201767711573702
0.40070728578352083,0.8858113669445872,-0.31378087963814716,-0.16358429537944472,-0.3599176507523187,-0.17453775587990636,-0.16449788817868072,-0.12726169781785823,-0.14065746898533213,0.27461751819054514,-0.572221499380195,-0.46140754667204165,1.2323184433158467,-0.23855760955043356,-0.2750144243226304,0.0,0.0,-0.7093560679545968,-0.12889286395729127,-1.2076488261201908,-0.18200303214422353,-1.0485565790508873,-1.8201767711573702
-0.5888103378367742,0.8858113669445872,-0.31378087963814716,-0.16358429537944472,-0.34301402848424273,-0.17453775587990636,-0.16449788817868072,-0.12726169781785823,-0.14065746898533213,0.27461751819054514,-0.19445721293423762,-0.46140754667204165,0.4226446100224435,1.675733147798601,0.10299904728443846,0.0,0.0,-0.706642614583663,-0.09541761072605157,-0.28057963301922584,-0.36258589680714215,-1.0485565790508873,-1.8201767711573702
0.7022474457410526,0.8858113669445872,-0.31378087963814716,-0.16358429537944472,-0.34301402848424273,-0.17453775587990636,-0.16347599900787887,-0.12726169781785823,-0.14065746898533213,0.27461751819054514,-0.8744329285369609,-0.46140754667204165,1.0009830623748743,-0.23855760955043356,1.5752620419646008,0.0,0.0,-0.617098653342846,-0.1377967676300507,2.6855336471000912,0.5212944061703368,-1.0485565790508873,0.5493971881446129
1.2742678350167136,0.06457316506698858,-0.31378087963814716,-0.16358429537944472,-0.3599176507523187,-0.17453775587990636,-0.16449788817868072,-0.12726169781785823,-0.14065746898533213,-1.995553965517959,0.3948550739214558,-0.46140754667204165,0.2658506296068955,-0.23855760955043356,0.6714966392896501,0.0,0.0,-0.6957888010999276,-0.1364219001511687,-1.2083802365953147,-0.5682324107118372,-1.0485565790508873,-1.8201767711573702
-0.3046119724862421,0.8858113669445872,-0.31378087963814716,-0.16358429537944472,-0.3148413247041162,-0.17453775587990636,-0.162454109837077,-0.12726169781785823,-0.14065746898533213,-1.995553965517959,-0.39089464188613543,-0.46140754667204165,-0.09293619208914608,-0.23855760955043356,-0.753317184315248,0.0,0.0,-0.6930753477289937,-0.06916251015253022,1.3461489899198527,-1.215906218874382,-1.0485565790508873,0.5493971881446129
-1.3649203546888418,-1.5779032386882086,-0.31378087963814716,-0.16358429537944472,-0.34864856924026805,-0.17453775587990636,-0.16347599900787887,-0.12726169781785823,-0.14065746898533213,0.27461751819054514,-0.5117792135488418,-0.46140754667204165,-1.350926643858344,-0.23855760955043356,0.7403811974203629,0.0,0.0,-0.6903618943580598,-0.12215635788908515,-0.12446840774978787,-1.127267933475442,-1.0485565790508873,0.5493971881446129
0.9289849394086901,0.06457316506698858,-0.31378087963814716,-0.07249901327274534,-0.3261104062161668,-0.17453775587990636,-0.16449788817868072,-0.12591849498943178,-0.14065746898533213,-1.995553965517959,1.2712682184760769,-0.46140754667204165,-0.015240218187253811,-0.23855760955043356,-0.8646203423009508,0.0,0.0,-0.3538936763622628,-0.14589900864695848,1.4322266993301151,-0.13612113978216098,0.9536919799837233,-1.8201767711573702
1.0699193746849784,0.06457316506698858,1.0009841999861062,1.2458405961663246,4.733707192694567,2.7069447905365145,2.53839896859224,0.6880624190369878,-0.12125374082048031,0.27461751819054514,1.649032504922034,-0.46140754667204165,-0.5989817417952223,-0.23855760955043356,-0.9671921241202991,0.0,0.0,0.5551132029005759,0.1366269455143213,1.887783148630462,0.4589719913160075,0.9536919799837233,0.5493971881446129
0.8658297471085719,0.8858113669445872,-0.31378087963814716,-0.16358429537944472,-0.1458051020233567,-0.17453775587990636,-0.1287317672006156,-0.12591849498943178,-0.14065746898533213,0.27461751819054514,-0.6175532137537099,-0.46140754667204165,0.6796839221790796,-0.23855760955043356,0.9040833238015842,0.0,0.0,-0.6822215342452583,0.12476720999279778,-0.4594159100683915,-0.5262015665735964,-1.0485565790508873,0.5493971881446129
0.3397521719036936,0.8858113669445872,0.34360166017397953,0.5267462637450138,1.3360791168113013,0.18193431171800137,0.1676160923319239,0.2528647026268229,-0.14065746898533213,0.27461751819054514,1.5734796476328425,-0.46140754667204165,0.03387265038553155,-0.23855760955043356,-0.910723936482769,0.0,0.0,2.951092529435163,-0.12029726040251774,0.22490829069474474,-0.4698382137326268,0.9536919799837233,0.5493971881446129
0.22690109058053154,-0.75666503681061,-0.31378087963814716,-0.12043863543416607,-0.258495917143863,-0.17453775587990636,-0.12770987802981376,-0.12188888650415249,-0.14065746898533213,0.27461751819054514,1.6188113620063576,-0.46140754667204165,-0.35891554850382795,-0.23855760955043356,-0.9324386632598516,0.0,0.0,0.22949879838851428,-0.14591100945473715,-0.5572324372941792,-0.05061779641513029,0.9536919799837233,0.5493971881446129
-0.23848020349984786,0.06457316506698858,0.34360166017397953,-0.0005895800306142556,0.9416612638895292,0.3898763511501142,0.37710337234630525,-0.05875835356811004,-0.14065746898533213,0.27461751819054514,0.5006290741263238,-0.46140754667204165,0.9367232343357152,4.386466203211804,-1.277247510228214,0.0,0.0,0.3109023995165297,-0.062257012694984216,0.353181127794314,0.14354244718860665,0.9536919799837233,0.5493971881446129
-0.5071486035306787,0.06457316506698858,-0.31378087963814716,0.056937966563090615,0.057038365193554666,-0.14483175024674738,-0.04084929851165563,-0.01711906588689055,-0.14065746898533213,-1.995553965517959,0.5157396455841622,-0.46140754667204165,-0.46527501388334747,-0.23855760955043356,-1.460436197066284,0.0,0.0,-0.261636261750512,-0.08854233438942605,-0.5782055760576401,-0.23638254562609617,0.9536919799837233,0.5493971881446129
-1.3219541173043352,-0.75666503681061,-0.31378087963814716,-0.16358429537944472,-0.3599176507523187,-0.17453775587990636,-0.16347599900787887,-0.12726169781785823,-0.10185001265562847,0.27461751819054514,0.42507621683713237,-0.46140754667204165,-0.8903978762443716,-0.23855760955043356,-0.5295022878087384,0.0,0.0,-0.0174254583664658,-0.15334108260932028,-0.4616244828756293,0.49774314260327945,-1.0485565790508873,0.5493971881446129
1.1403218841342906,0.8858113669445872,-0.31378087963814716,-0.1300265598664502,-0.1458051020233567,-0.14483175024674738,-0.13486310222542677,-0.12323208933257893,-0.14065746898533213,-1.995553965517959,0.9992779322349875,-0.46140754667204165,-0.2625487563836746,-0.23855760955043356,-0.3668721212305073,0.0,0.0,-0.1748057538806289,-0.12509592417339327,1.410140971257745,0.8606846653497833,0.9536919799837233,0.5493971881446129
1.2355723380951247,-0.75666503681061,-0.31378087963814716,-0.005383542246756328,0.564147033235833,0.21164031735116035,0.11754352296263273,-0.057415150739683604,-0.14065746898533213,0.27461751819054514,0.5157396455841622,-0.46140754667204165,-0.564964687111391,-0.23855760955043356,-0.6230022000922466,0.0,0.0,2.9619463429188984,-0.13581295832274082,0.9494396672975342,-0.03001926369489107,0.9536919799837233,0.5493971881446129
1.0700487910626426,0.8858113669445872,1.0009841999861062,0.344575699531615,1.57836436932039,2.023706660973858,0.36279692395507923,0.039295452907019725,0.8683363955869627,0.27461751819054514,0.10775421622252823,-0.46140754667204165,1.412245961825492,-0.23855760955043356,-1.068527299092154,0.0,0.0,-0.33761295613665976,0.2021725007074485,1.887783148630462,-0.6243622931593571,0.9536919799837233,0.5493971881446129
-1.4597825595166833,-0.75666503681061,-0.31378087963814716,-0.12523259765030814,0.3894762697990483,0.09281629481852444,-0.08070297617292818,-0.11920248084729962,-0.14065746898533213,0.27461751819054514,-1.040649214573182,-0.46140754667204165,-1.2352589533878584,-0.23855760955043356,1.5752620419646008,0.0,0.0,1.6459214580159824,-0.1309291260188172,-0.5668106997522169,1.8444472138468848,0.9536919799837233,0.5493971881446129
1.0559424058972475,0.8858113669445872,-0.31378087963814716,0.20555079526349487,0.051403824437529354,-0.05571373334727045,-0.1164690971509933,-0.10308404690618239,-0.02423509999622118,0.27461751819054514,-0.4513369277174886,-0.46140754667204165,-0.17497179074173516,-0.23855760955043356,-0.19963279051092833,0.0,0.0,0.2376391585013158,-0.122581821430235,1.887783148630462,-0.07167407430693039,0.9536919799837233,0.5493971881446129
1.2140892194028714,0.8858113669445872,0.34360166017397953,-0.0101775044628984,2.0065894667783137,1.4592925539438375,0.0306829434444746,-0.0762199903376537,-0.14065746898533213,-1.995553965517959,-0.8593223570791225,-0.46140754667204165,1.579321514727305,-0.23855760955043356,0.30748001876779374,0.0,0.0,-0.6686542673905891,2.246099775422493,1.2098853973525376,-0.7589784494055825,0.9536919799837233,0.5493971881446129
0.052965478999878066,0.8858113669445872,-0.31378087963814716,-0.16358429537944472,-0.35428310999629337,-0.17453775587990636,-0.16347599900787887,-0.12726169781785823,-0.14065746898533213,0.27461751819054514,-0.39089464188613543,-0.46140754667204165,0.5190343520811819,-0.23855760955043356,0.1781145061966913,0.0,0.0,-0.6686542673905891,-0.1374257716436857,0.7937221444573845,0.4672881691223149,-1.0485565790508873,0.5493971881446129
0.4315083836675949,0.06457316506698858,-0.31378087963814716,-0.16358429537944472,-0.365552191508344,-0.17453775587990636,-0.16449788817868072,-0.12726169781785823,-0.14065746898533213,0.27461751819054514,0.27397050225874947,-0.46140754667204165,-0.27528597229857926,-0.23855760955043356,-0.019689535605574963,0.0,0.0,-0.6686542673905891,-0.1488029818922116,-0.7007813668592946,0.37309180674420017,-1.0485565790508873,-1.8201767711573702
-1.2102677833801507,0.06457316506698858,0.34360166017397953,-0.04373523997589291,-0.35428310999629337,-0.17453775587990636,-0.16143222066627516,-0.12457529216100535,-0.14065746898533213,0.27461751819054514,2.6009985067658468,-0.46140754667204165,-0.5162435801929445,0.09510011626591688,-1.9355189453496329,0.0,0.0,-0.6659408140196552,-0.13803526504985675,-0.8250350993391762,-0.47017738392737246,0.9536919799837233,0.5493971881446129
0.35424680620208143,0.06457316506698858,0.34360166017397953,-0.04373523997589291,-0.35428310999629337,-0.17453775587990636,-0.16143222066627516,-0.12457529216100535,-0.14065746898533213,0.27461751819054514,3.3414165081999228,-0.46140754667204165,-0.4210563322136002,0.09510011626591688,-2.009648611466909,0.0,0.0,-0.6605139072777876,-0.1391323531809646,0.22490829069474474,-0.327654143574836,0.9536919799837233,0.5493971881446129
-0.35883743472753216,0.06457316506698858,-0.31378087963814716,-0.13961448429873435,-0.27539953941193895,-0.1151257446135884,-0.1501914397874547,-0.12323208933257893,-0.14065746898533213,0.27461751819054514,2.7521042213442293,-0.46140754667204165,-0.1237560673311228,-0.23855760955043356,-1.4881334304292395,0.0,0.0,0.2539198787269189,-0.14737695553953534,0.25910696682602397,-0.044606551457862034,0.9536919799837233,0.5493971881446129
0.34001100465902195,0.8858113669445872,0.34360166017397953,0.27266626628948387,0.15282555804598505,0.21164031735116035,0.03477050012768204,-0.045326325283845684,-0.14065746898533213,0.27461751819054514,0.7121770745360599,-0.46140754667204165,-0.011326649712689194,-0.23855760955043356,-0.29523602504708046,0.0,0.0,0.08839922309995424,-0.10781156261443443,0.22490829069474474,0.415550636704383,0.9536919799837233,0.5493971881446129
-0.43596959581538147,0.8858113669445872,-0.31378087963814716,-0.16358429537944472,-0.23595775411976175,-0.17453775587990636,-0.16347599900787887,-0.12726169781785823,-0.14065746898533213,-1.995553965517959,-0.8442117856212842,-0.46140754667204165,-0.9268117787998951,-0.23855760955043356,-0.2263229383677037,0.0,0.0,-0.652373547164986,-0.04278806821276561,0.22152724227200443,-1.3125489588550534,-1.0485565790508873,0.5493971881446129
0.7021180293633884,0.8858113669445872,-0.31378087963814716,-0.16358429537944472,-0.3599176507523187,-0.17453775587990636,-0.16449788817868072,-0.12726169781785823,-0.14065746898533213,0.27461751819054514,-0.8139906427056076,-0.46140754667204165,2.2733276575502215,-0.23855760955043356,0.48859173636733816,0.0,0.0,0.17522973096983735,-0.15358275661200652,2.6855336471000912,-0.29780018905800265,-1.0485565790508873,-1.8201767711573702
0.9115137284240262,0.06457316506698858,0.34360166017397953,0.21993268191192109,0.4289180550912255,0.2710523286174783,0.19111954326036668,-0.03323749982800777,-0.06304255632592483,-1.995553965517959,-0.36067349897045886,-0.46140754667204165,0.34946709156152334,-0.23855760955043356,-0.43827411252444526,0.0,0.0,-0.1503846735422243,-0.05444520148241873,1.4322266993301151,-0.728349912190846,0.9536919799837233,0.5493971881446129
0.05853038323943766,0.8858113669445872,0.34360166017397953,-0.14440844651487644,-0.15707418353540734,-0.14483175024674738,-0.1266879888590119,-0.12054568367572605,-0.14065746898533213,0.27461751819054514,2.6614407925971997,-0.46140754667204165,0.013512042633244363,-0.23855760955043356,-1.9704868834702916,0.0,0.0,0.09653958321275577,-0.135603208836883,1.7862885274902995,0.41806037237087174,0.9536919799837233,0.5493971881446129
-0.38614429041467346,-0.75666503681061,-0.31378087963814716,0.5650979614741503,1.7530351327571747,0.5978183905822271,0.2585642285332895,0.03795225007859329,0.5578767449493335,0.27461751819054514,1.120162503897694,-0.46140754667204165,0.1557205970447765,-0.23855760955043356,-0.7986385249609634,0.0,0.0,1.5048218827274225,-0.0845588435866767,0.25910696682602397,0.46061290156772217,0.9536919799837233,0.5493971881446129
-0.22243257266948993,0.8858113669445872,-0.31378087963814716,-0.16358429537944472,-0.365552191508344,-0.17453775587990636,-0.16449788817868072,-0.12726169781785823,-0.14065746898533213,0.27461751819054514,-0.2397889273077525,-0.46140754667204165,0.8860497699391217,-0.23855760955043356,0.02813821704646438,0.0,0.0,-0.7283502415511337,-0.12377311934545461,0.353181127794314,1.9715296869005643,-1.0485565790508873,-1.8201767711573702
-1.0812396548489664,0.8858113669445872,-0.31378087963814716,-0.16358429537944472,-0.34864856924026805,-0.17453775587990636,-0.16449788817868072,-0.12726169781785823,-0.14065746898533213,0.27461751819054514,-0.31534178459694395,-0.46140754667204165,0.10718727237566336,-0.23855760955043356,0.30748001876779374,0.0,0.0,-0.7256367881801998,-0.05209669477974136,1.095105628498168,-1.1408142133492767,-1.0485565790508873,-1.8201767711573702
0.9588801226491149,-2.399141440565807,-0.31378087963814716,-0.16358429537944472,-0.34864856924026805,-0.17453775587990636,-0.15938844232467142,-0.12726169781785823,-0.14065746898533213,0.27461751819054514,-0.6628849281272247,-0.46140754667204165,-1.8135974057402886,-0.23855760955043356,0.10299904728443846,0.0,0.0,-0.7256367881801998,-0.05209669477974136,0.8753350659853014,-1.904485741236667,-1.0485565790508873,0.5493971881446129
-0.5576209908197076,-2.399141440565807,-0.31378087963814716,-0.16358429537944472,-0.30920678394809087,-0.17453775587990636,-0.15325710729986028,-0.12726169781785823,-0.14065746898533213,-1.995553965517959,0.01709078747549847,-0.46140754667204165,-1.396303968581381,-0.23855760955043356,0.5243374701040894,0.0,0.0,-0.22364791455743818,-0.14564595496461016,-0.0044208516090499346,-0.03001926369489107,-1.0485565790508873,0.5493971881446129
-1.575998466659114,0.06457316506698858,-0.31378087963814716,-0.11085071100188193,-0.3148413247041162,-0.17453775587990636,-0.1573446639830677,-0.11920248084729962,-0.14065746898533213,0.27461751819054514,0.09264364476468993,-0.46140754667204165,-0.5062019952708546,-0.23855760955043356,0.16661534952370477,0.0,0.0,-0.7147829746964645,-0.0008992486613747532,0.88008349752086,0.3402457195232375,0.9536919799837233,0.5493971881446129
1.2741384186390494,0.06457316506698858,-0.31378087963814716,-0.16358429537944472,-0.33737948772821746,-0.17453775587990636,-0.16449788817868072,-0.12726169781785823,-0.14065746898533213,-1.995553965517959,-0.8895434999947991,-0.46140754667204165,-0.17497179074173516,-0.23855760955043356,1.5752620419646008,0.0,0.0,-0.2996246089435859,-0.14883788131015188,-1.2083802365953147,-0.14717341854125207,-1.0485565790508873,-1.8201767711573702
-0.17170135262513267,0.8858113669445872,-0.31378087963814716,-0.16358429537944472,-0.35428310999629337,-0.17453775587990636,-0.16347599900787887,-0.12726169781785823,-0.14065746898533213,0.27461751819054514,-0.4815580706331652,-0.46140754667204165,1.119011317957003,-0.23855760955043356,0.24851341303771046,0.0,0.0,-0.21008064770276894,-0.1521406838783863,-0.3264081370708519,0.5802721475977796,-1.0485565790508873,0.5493971881446129
1.6160564884278041,0.06457316506698858,-0.31378087963814716,-0.16358429537944472,-0.34301402848424273,-0.17453775587990636,-0.16347599900787887,-0.12726169781785823,-0.14065746898533213,0.27461751819054514,-0.17934664147639934,-0.46140754667204165,0.41396953323715696,-0.23855760955043356,-0.23585513403083694,0.0,0.0,1.6947636186927917,-0.15363639582296065,-0.9530319324858647,-0.5953345505725692,-1.0485565790508873,0.5493971881446129
1.0382123621572552,0.8858113669445872,-0.31378087963814716,-0.1300265598664502,0.09084560972970657,0.12252230045168341,-0.09194375705174865,-0.11382966953359387,-0.14065746898533213,2.544789001899049,-0.4815580706331652,-0.46140754667204165,1.0780948560218653,6.209284068529074,0.24851341303771046,0.0,0.0,1.7001905254346594,-0.1404976184107877,-0.8936620082071127,-0.2915727256774649,0.9536919799837233,0.5493971881446129
0.3679649422344841,-0.75666503681061,0.34360166017397953,-0.053323164408177054,-0.2866686209239896,-0.08541973898042943,-0.12566609968821005,-0.12457529216100535,-0.12125374082048031,0.27461751819054514,1.2410470755604002,-0.46140754667204165,-0.6013546497309785,-0.23855760955043356,-2.785262114253715,0.0,0.0,1.2009151051828315,-0.15127387043082305,0.22490829069474474,-0.9254650332212165,0.9536919799837233,0.5493971881446129
0.0683660279419151,0.8858113669445872,1.6583667397982327,0.22472664412806315,2.5193326755766177,2.231648700405971,0.4435261684484262,-0.03189429699958134,0.3250320069711116,0.27461751819054514,-0.677995499585063,-0.46140754667204165,2.0805481734327453,-0.23855760955043356,0.4342582210874752,0.0,0.0,0.2946216792909266,0.051772469465635906,1.7862885274902995,-1.092216934301897,0.9536919799837233,0.5493971881446129
-1.5194435096198688,0.06457316506698858,-0.31378087963814716,-0.16358429537944472,-0.3599176507523187,-0.17453775587990636,-0.16449788817868072,-0.12591849498943178,-0.14065746898533213,0.27461751819054514,-0.8442117856212842,-0.46140754667204165,1.3975580011308264,-0.23855760955043356,0.9747337151871668,0.0,0.0,-0.687648440987126,-0.1391323531809646,0.1997550234776168,1.647134953053013,-1.0485565790508873,-1.8201767711573702
-0.9062687122469996,-2.399141440565807,-0.31378087963814716,-0.16358429537944472,-0.365552191508344,-0.17453775587990636,-0.16449788817868072,-0.12726169781785823,-0.14065746898533213,0.27461751819054514,0.1681965020538814,-0.46140754667204165,-1.081035366093877,-0.23855760955043356,0.11583855014502117,0.0,0.0,-0.6822215342452583,-0.14751011709124276,0.525188694702774,0.40590317294273204,-1.0485565790508873,-1.8201767711573702
0.6183856330146661,0.06457316506698858,-0.31378087963814716,-0.0629110888404612,0.19790188409418757,-0.17453775587990636,-0.09194375705174865,-0.09233842427877091,-0.08244628449077665,0.27461751819054514,0.9388356464036344,-0.46140754667204165,-0.343846618828645,-0.23855760955043356,-0.09043696661514546,0.0,0.0,-0.511273971876426,0.028012250323114624,-1.4612372771973,0.9140550936071716,0.9536919799837233,0.5493971881446129
-0.43998150352297094,0.06457316506698858,-0.31378087963814716,-0.15879033316330265,-0.33737948772821746,-0.17453775587990636,-0.162454109837077,-0.12457529216100535,-0.14065746898533213,-1.995553965517959,-0.5571109279223566,-0.46140754667204165,1.3769030564039546,-0.23855760955043356,-0.2263229383677037,0.0,0.0,-0.6767946275033906,-0.11609350242769961,0.22152724227200443,2.3377278658315617,0.9536919799837233,0.5493971881446129
1.4278850753040913,0.06457316506698858,-0.31378087963814716,-0.15879033316330265,-0.34301402848424273,-0.17453775587990636,-0.16347599900787887,-0.12726169781785823,-0.14065746898533213,0.27461751819054514,-0.934875214368314,-0.46140754667204165,1.463653824256819,-0.23855760955043356,1.5752620419646008,0.0,0.0,-0.6767946275033906,-0.12249318319249544,1.5923482278547976,-2.0486754702783414,0.9536919799837233,0.5493971881446129
1.3203400654651605,0.06457316506698858,-0.31378087963814716,-0.16358429537944472,-0.33737948772821746,-0.17453775587990636,-0.16449788817868072,-0.12726169781785823,-0.14065746898533213,0.27461751819054514,-0.829101214163446,-0.46140754667204165,-0.7629492173000401,-0.23855760955043356,1.0047601315260373,0.0,0.0,-0.6767946275033906,-0.11609350242769961,-0.2977270072934111,0.71976732732182,-1.0485565790508873,-1.8201767711573702
-0.10091059404282803,0.8858113669445872,-0.31378087963814716,-0.16358429537944472,-0.365552191508344,-0.17453775587990636,-0.16449788817868072,-0.12726169781785823,-0.14065746898533213,0.27461751819054514,-0.4966686420910035,-0.46140754667204165,-0.3402113485567153,-0.23855760955043356,0.48859173636733816,0.0,0.0,-0.6767946275033906,-0.14809190625167876,0.25366429330206547,-0.29780018905800265,-1.0485565790508873,-1.8201767711573702
-0.2536219196865565,0.06457316506698858,-0.31378087963814716,-0.14440844651487644,-0.24722683563181239,-0.17453775587990636,-0.16143222066627516,-0.12591849498943178,-0.14065746898533213,0.27461751819054514,-1.0104280716575054,-0.46140754667204165,1.463653824256819,-0.23855760955043356,1.5752620419646008,0.0,0.0,0.15352210400236657,-0.14425209779280124,-0.8603242518026359,0.4385973556905529,0.9536919799837233,0.5493971881446129
1.5958675335121926,0.8858113669445872,-0.31378087963814716,-0.16358429537944472,-0.2810340801679643,-0.17453775587990636,-0.1573446639830677,-0.12726169781785823,-0.12125374082048031,0.27461751819054514,-0.6628849281272247,-0.46140754667204165,-0.5875198867531359,-0.23855760955043356,0.8391305446245203,0.0,0.0,-0.5899641196335075,-0.11060806177216033,-0.9530319324858647,0.33278069970029106,-1.0485565790508873,0.5493971881446129
-0.7201679611659135,0.06457316506698858,-0.31378087963814716,-0.15879033316330265,-0.2641304578998883,-0.14483175024674738,-0.15121332895825654,-0.12726169781785823,-0.10185001265562847,0.27461751819054514,-0.9046540714526374,-0.46140754667204165,1.255451981409944,-0.23855760955043356,1.5752620419646008,0.0,0.0,0.6527975242541945,-0.1488140492173561,-0.32224024759188413,1.4695539183385293,0.9536919799837233,0.5493971881446129
-1.0412499941507358,0.8858113669445872,-0.31378087963814716,-0.16358429537944472,-0.34864856924026805,-0.17453775587990636,-0.162454109837077,-0.12726169781785823,-0.14065746898533213,0.27461751819054514,-0.22467835584991422,-0.46140754667204165,0.2950596423519678,-0.23855760955043356,-0.13624368935108822,0.0,0.0,-0.6659408140196552,-0.13254982439431745,-1.3024883843945956,-0.3736714512442171,-1.0485565790508873,0.5493971881446129
-1.0459089837466462,0.8858113669445872,-0.31378087963814716,-0.16358429537944472,-0.3599176507523187,-0.17453775587990636,-0.162454109837077,-0.12726169781785823,-0.14065746898533213,0.27461751819054514,-0.30023121313910567,-0.46140754667204165,0.7518526521307501,-0.23855760955043356,-0.2918351194706967,0.0,0.0,-0.16937884713876122,-0.15303573546808502,-1.3024883843945956,0.8901733707347086,-1.0485565790508873,0.5493971881446129
-0.8586434852665825,0.8858113669445872,-0.31378087963814716,-0.16358429537944472,-0.365552191508344,-0.17453775587990636,-0.16449788817868072,-0.12726169781785823,-0.14065746898533213,0.27461751819054514,-0.52688978500668,-0.46140754667204165,1.0009830623748743,-0.23855760955043356,-0.9919965550089321,0.0,0.0,-0.6632273606487213,-0.14919529948698837,0.15759187832582447,0.0637040601821974,-1.0485565790508873,-1.8201767711573702
0.881359712428273,-1.5779032386882086,5.6026619786709935,2.151899455017176,2.3615655344079087,0.9542904581801348,2.5639461978622866,3.3986457268015338,-0.14065746898533213,0.27461751819054514,2.223234220319889,-0.46140754667204165,-0.7636377154576024,-0.23855760955043356,-0.5833938353705016,0.0,0.0,0.9865522888790575,-0.03754922578849433,0.12066573775241146,0.29083535858703374,0.9536919799837233,0.5493971881446129
0.9288555230310259,-2.399141440565807,-0.31378087963814716,-0.16358429537944472,-0.365552191508344,-0.17453775587990636,-0.16449788817868072,-0.12726169781785823,-0.14065746898533213,-1.995553965517959,2.072128505741506,-0.46140754667204165,-0.8265664470588071,-0.23855760955043356,-2.6765918188511035,0.0,0.0,-0.7392040550348691,-0.0008992486613747532,1.4322266993301151,-0.8876760954003241,-1.0485565790508873,-1.8201767711573702
-0.8173596607917102,-0.75666503681061,-0.31378087963814716,-0.019765428895182544,-0.19088142807155922,-0.1151257446135884,-0.14099443725023794,-0.11920248084729962,-0.14065746898533213,-1.995553965517959,-0.05846206981369299,-0.46140754667204165,-0.7235504318230439,-0.23855760955043356,0.7717382244454979,0.0,0.0,1.1629267579897578,-0.14749022686353555,-0.6862124609088535,1.6596406597230473,0.9536919799837233,0.5493971881446129
1.1172857689100673,-1.5779032386882086,0.34360166017397953,5.1385379156736875,4.95908882293558,0.09281629481852444,1.6207424932121692,0.1494380848379874,-0.14065746898533213,0.27461751819054514,-0.7384377854164161,-0.46140754667204165,0.769647681433902,0.03174063152759478,1.136414418550322,0.0,0.0,-0.23992863478304124,0.6309049107344682,-0.8039532679973672,1.8444472138468848,0.9536919799837233,0.5493971881446129
0.7736852862116781,0.8858113669445872,0.34360166017397953,-0.15399637094716057,-0.30357224319206555,-0.17453775587990636,-0.15836655315386958,-0.12726169781785823,-0.14065746898533213,0.27461751819054514,-0.17934664147639934,-0.46140754667204165,0.5228899417635312,-0.23855760955043356,0.1263683011682506,0.0,0.0,0.3353234798549343,-0.14984899744402824,1.2907930945589743,0.2972685339711338,0.9536919799837233,0.5493971881446129
0.45273266960451986,0.06457316506698858,-0.31378087963814716,-0.15879033316330265,-0.35428310999629337,-0.17453775587990636,-0.16449788817868072,-0.12726169781785823,-0.14065746898533213,0.27461751819054514,-0.52688978500668,-0.46140754667204165,0.885315371904388,-0.23855760955043356,0.4342582210874752,0.0,0.0,-0.7364906016639352,0.07589692051617515,0.16008876236159203,0.954075637014542,0.9536919799837233,-1.8201767711573702
-1.0460384001243104,0.8858113669445872,-0.31378087963814716,-0.16358429537944472,-0.365552191508344,-0.17453775587990636,-0.16449788817868072,-0.12726169781785823,-0.14065746898533213,0.27461751819054514,0.6970665030782216,-0.46140754667204165,-0.05887378892277222,-0.23855760955043356,-0.31069468675792133,0.0,0.0,-0.4841394381670875,-0.1528748255601051,-1.3024883843945956,-0.03001926369489107,-1.0485565790508873,-1.8201767711573702
-1.0728275903007949,-0.75666503681061,1.0009841999861062,0.06652589099537476,0.47962892189545336,-0.08541973898042943,0.06031772939772855,-0.050699136597551424,-0.14065746898533213,0.27461751819054514,0.7575087889095748,-0.46140754667204165,-0.13155449823179854,1.564410005756267,-1.163147128140501,0.0,0.0,-0.6469466404231183,0.5081496441726703,-1.3024883843945956,-0.8547845138132733,0.9536919799837233,0.5493971881446129
1.4128727754950468,0.06457316506698858,1.0009841999861062,-0.13961448429873435,0.37257264753097236,0.9245844525469759,-0.021433404266420278,-0.11248646670516745,-0.12125374082048031,0.27461751819054514,-0.43622635625965034,-0.46140754667204165,0.4183606214864993,-0.23855760955043356,-0.16104812023972126,0.0,0.0,1.7517461394824025,-0.1324304459252089,-0.3695037486790324,-0.8450046887130548,0.9536919799837233,0.5493971881446129
0.03743551368017686,0.8858113669445872,-0.31378087963814716,-0.12523259765030814,0.7613559596967191,0.3898763511501142,-0.058221414415287255,-0.1071136553914617,-0.10185001265562847,0.27461751819054514,-0.4815580706331652,-0.46140754667204165,0.05636359019923711,-0.23855760955043356,0.7792128646084651,0.0,0.0,-0.6415197336812506,0.6798884132369054,0.7937221444573845,-0.5531261876600371,0.9536919799837233,0.5493971881446129
-1.428722628877281,0.8858113669445872,-0.31378087963814716,-0.16358429537944472,-0.34301402848424273,-0.17453775587990636,-0.15836655315386958,-0.12726169781785823,-0.14065746898533213,0.27461751819054514,0.45529735975280894,-0.46140754667204165,0.5913266586252353,-0.23855760955043356,-0.5980785692299245,0.0,0.0,0.18337009108263888,-0.15223949994381913,-0.5668106997522169,0.20205753828647086,-1.0485565790508873,0.5493971881446129
0.5430653012141152,-0.75666503681061,-0.31378087963814716,-0.03414731554360876,0.6148579000400609,0.1522283060848424,-0.05209007939047609,-0.08293600447978587,-0.14065746898533213,0.27461751819054514,0.8330616461987663,-0.46140754667204165,-0.9259643964521259,-0.23855760955043356,-1.1455932232039305,0.0,0.0,1.9254071552221688,-0.1271480883266043,-0.8053730648020195,-0.4914263966282513,0.9536919799837233,0.5493971881446129
-0.3918386110318972,0.06457316506698858,-0.31378087963814716,-0.1492024087310185,-0.2866686209239896,-0.14483175024674738,-0.1604103314954733,-0.12591849498943178,-0.14065746898533213,0.27461751819054514,-0.2851206416812674,-0.46140754667204165,0.9431492171396306,-0.23855760955043356,0.7602593127666541,0.0,0.0,-0.7229233348092661,0.17463485231588216,0.10425151138888096,0.003453351975498502,0.9536919799837233,0.5493971881446129
-0.7897939723492405,0.8858113669445872,-0.31378087963814716,-0.16358429537944472,-0.35428310999629337,-0.17453775587990636,-0.16449788817868072,-0.12726169781785823,-0.14065746898533213,-1.995553965517959,-0.2548994987655908,-0.46140754667204165,0.9731371368912389,-0.23855760955043356,-1.1788851118767378,0.0,0.0,-0.6388062803103167,-0.14236587609370352,-0.6862124609088535,-1.193481215272545,-1.0485565790508873,-1.8201767711573702
1.1124973629364927,0.8858113669445872,-0.31378087963814716,-0.16358429537944472,-0.3204758654601415,-0.17453775587990636,-0.162454109837077,-0.12726169781785823,-0.14065746898533213,0.27461751819054514,-0.30023121313910567,-0.46140754667204165,0.9936390820275419,-0.23855760955043356,0.9528963214861683,0.0,0.0,-0.38374166344253513,-0.14401938212862686,2.3081001784106907,0.24263040576573097,-1.0485565790508873,0.5493971881446129
-0.8587729016442467,0.8858113669445872,-0.31378087963814716,-0.16358429537944472,-0.33737948772821746,-0.17453775587990636,-0.16347599900787887,-0.12726169781785823,-0.14065746898533213,0.27461751819054514,0.48551850266848556,-0.46140754667204165,-0.1281539160274904,0.3133500544111954,0.4022674597544713,0.0,0.0,-0.6306659201975152,-0.13201465945231364,0.15759187832582447,0.6707158680964271,-1.0485565790508873,0.5493971881446129
1.3062336802997652,0.06457316506698858,-0.31378087963814716,-0.11564467321802399,-0.3261104062161668,-0.17453775587990636,-0.1573446639830677,-0.12726169781785823,-0.12125374082048031,0.27461751819054514,-0.6477743566693864,-0.46140754667204165,-1.2564646966407809,-0.23855760955043356,0.5055709598922953,0.0,0.0,-0.296911155572652,-0.14699927782842093,-0.2977270072934111,-0.850098347619418,0.9536919799837233,0.5493971881446129
0.436685038774162,0.06457316506698858,-0.31378087963814716,-0.0964688243534557,-0.09509423521912885,-0.08541973898042943,-0.13792876973783236,-0.12457529216100535,-0.14065746898533213,0.27461751819054514,0.001980216017660177,-0.46140754667204165,-0.590468278863168,-0.23855760955043356,0.20605745691204982,0.0,0.0,-0.296911155572652,-0.10860119323964597,0.16008876236159203,0.5698100091184778,0.9536919799837233,0.5493971881446129
1.1980415885725135,0.06457316506698858,-0.31378087963814716,-0.16358429537944472,-0.33737948772821746,-0.17453775587990636,-0.16347599900787887,-0.12726169781785823,-0.14065746898533213,0.27461751819054514,0.09264364476468993,-0.46140754667204165,0.029296571722137173,0.3133500544111954,0.5892093572559729,0.0,0.0,-0.6279524668265813,-0.13254982439431745,-0.8865596275407771,-0.2151517553039562,-1.0485565790508873,0.5493971881446129
0.7973684833242224,0.8858113669445872,-0.31378087963814716,0.09049570207608512,-0.0387488276588757,-0.026007727714111476,-0.155300885641464,-0.12457529216100535,-0.14065746898533213,0.27461751819054514,-0.8593223570791225,-0.46140754667204165,0.8660374234926407,-0.23855760955043356,0.9413710303661973,0.0,0.0,-0.04184653870487042,-0.11936775770271144,0.21014974599229677,-0.3424303432851876,0.9536919799837233,0.5493971881446129
-0.9890951939520727,0.06457316506698858,-0.31378087963814716,-0.11564467321802399,-0.26976499865591363,-0.14483175024674738,-0.11033776212618213,-0.12457529216100535,-0.14065746898533213,0.27461751819054514,-0.5117792135488418,-0.46140754667204165,-0.016892613765403762,-0.23855760955043356,-0.09449964712387626,0.0,0.0,-0.11239632634915045,-0.1425749400751306,0.03136051873977767,-0.44148751486259835,0.9536919799837233,0.5493971881446129
-0.09896934837786538,0.8858113669445872,-0.31378087963814716,-0.16358429537944472,-0.365552191508344,-0.17453775587990636,-0.16449788817868072,-0.12726169781785823,-0.14065746898533213,0.27461751819054514,-0.7535483568742545,-0.46140754667204165,0.15371722967856327,-0.23855760955043356,1.1188605136137502,0.0,0.0,-0.6930753477289937,-0.14595867933008014,0.25366429330206547,1.244617941033516,-1.0485565790508873,-1.8201767711573702
0.8024157220531253,-0.75666503681061,1.6583667397982327,-0.02935335332746669,-0.19651596882758454,-0.14483175024674738,-0.13384121305462493,-0.07890639599450656,-0.14065746898533213,0.27461751819054514,-0.43622635625965034,-0.46140754667204165,0.8467594750808928,-0.23855760955043356,0.5830848064192746,0.0,0.0,-0.6930753477289937,0.1100285512617529,0.21014974599229677,-1.9452350124875746,0.9536919799837233,0.5493971881446129
0.6319743526694046,0.06457316506698858,-0.31378087963814716,-0.15399637094716057,-0.27539953941193895,-0.17453775587990636,-0.15836655315386958,-0.12726169781785823,-0.14065746898533213,0.27461751819054514,-0.5571109279223566,-0.46140754667204165,0.4033666616106956,-0.23855760955043356,-0.8268512651451377,0.0,0.0,-0.6089582932300445,-0.10120444921980729,-1.4612372771973,1.4991507574576106,0.9536919799837233,0.5493971881446129
-0.7853938155086586,0.8858113669445872,6.26004451848312,18.74859664730103,11.252870847415858,10.13344619882626,12.772619014172871,9.205311554089013,11.598598070750022,0.27461751819054514,0.4704079312106473,-0.46140754667204165,-0.12167393336807995,0.639003768779409,-0.36229161612863137,0.0,0.0,3.1111862783202597,0.0686499580726599,0.9627557498998675,0.1645008424651043,0.9536919799837233,0.5493971881446129
-1.3654380201994984,-2.399141440565807,-0.31378087963814716,-0.1492024087310185,-0.3599176507523187,-0.17453775587990636,-0.16347599900787887,-0.12726169781785823,-0.12125374082048031,0.27461751819054514,-0.9499857858261522,-0.46140754667204165,-1.7188600592597005,-0.23855760955043356,1.5752620419646008,0.0,0.0,-0.6035313864881767,-0.14846835806137262,-0.12446840774978787,-0.8110469626706316,0.9536919799837233,0.5493971881446129
1.5752903294635885,0.8858113669445872,-0.31378087963814716,-0.15879033316330265,-0.021845205390799753,-0.17453775587990636,-0.1450819939334454,-0.12591849498943178,-0.14065746898533213,0.27461751819054514,-0.7988800712477694,-0.46140754667204165,-0.5798087073884367,-0.23855760955043356,1.5752620419646008,0.0,0.0,1.048961716410536,-0.14006321583766218,-0.07111393835390431,3.889319734801551,0.9536919799837233,0.5493971881446129
-1.1759724432991439,0.8858113669445872,1.0009841999861062,0.11925947537293756,0.4176489735791749,0.8354664356474989,0.03987994598169134,-0.04935593376912499,-0.14065746898533213,0.27461751819054514,1.86058050533177,-0.46140754667204165,-0.6706904641866761,-0.23855760955043356,-1.363687193627996,0.0,0.0,3.8628128620689353,-0.14182044537256533,-0.8250350993391762,0.12145277489434267,0.9536919799837233,0.5493971881446129
-1.3655674365771626,0.8858113669445872,-0.31378087963814716,-0.16358429537944472,-0.3599176507523187,-0.17453775587990636,-0.16347599900787887,-0.12726169781785823,-0.14065746898533213,0.27461751819054514,0.06242250184901335,-0.46140754667204165,0.5672292231105512,-0.23855760955043356,-0.30233918226358086,0.0,0.0,-0.6822215342452583,-0.14052864716601093,-0.12446840774978787,0.5868937542302504,-1.0485565790508873,0.5493971881446129
1.6361160269657515,0.8858113669445872,-0.31378087963814716,-0.16358429537944472,-0.34301402848424273,-0.14483175024674738,-0.162454109837077,-0.12726169781785823,-0.14065746898533213,0.27461751819054514,-0.8139906427056076,-0.46140754667204165,1.926324586138764,-0.23855760955043356,0.48859173636733816,0.0,0.0,-0.6822215342452583,-0.11958423739031553,0.17886163122310664,-0.6548414228754825,-1.0485565790508873,0.5493971881446129
-1.5616332487383904,0.8858113669445872,1.0009841999861062,-0.04852920219203498,0.0683074467056053,-0.1151257446135884,-0.03982740934085376,-0.11517287236202031,-0.14065746898533213,0.27461751819054514,0.5157396455841622,-0.46140754667204165,-0.14054688286361414,-0.23855760955043356,-0.4136437008487373,0.0,0.0,1.2199092787793684,-0.13792145922712767,0.1997550234776168,-0.5459274685229022,0.9536919799837233,0.5493971881446129
-0.12614678768734247,0.06457316506698858,-0.31378087963814716,-0.15879033316330265,-0.3599176507523187,-0.17453775587990636,-0.16347599900787887,-0.12726169781785823,-0.14065746898533213,0.27461751819054514,-0.783769499789931,-0.46140754667204165,0.8621818338102908,-0.23855760955043356,0.5830848064192746,0.0,0.0,-0.6822215342452583,-0.14052864716601093,-0.8463320514089613,-0.11151780619670777,0.9536919799837233,0.5493971881446129
0.964056777755682,0.06457316506698858,-0.31378087963814716,0.22952060634420524,0.44018713660327613,-0.05571373334727045,0.023529719248861578,-0.07219038185237439,0.053379812663186116,-1.995553965517959,-0.07357264127153129,-0.46140754667204165,0.9954750771143744,-0.23855760955043356,-0.38074450811047145,0.0,0.0,0.058551236019681915,-0.07951769981940889,0.2566349450779528,0.37165212434977546,0.9536919799837233,0.5493971881446129
1.4300851537243822,0.8858113669445872,-0.31378087963814716,-0.16358429537944472,-0.35428310999629337,-0.17453775587990636,-0.162454109837077,-0.12726169781785823,-0.14065746898533213,0.27461751819054514,0.1379753591382048,-0.46140754667204165,0.9470048068219811,-0.23855760955043356,-0.7339123574295818,0.0,0.0,-0.5139874252473599,-0.1490061463609353,1.5923482278547976,-0.07464941792207605,-1.0485565790508873,0.5493971881446129
1.6199389797577295,-2.399141440565807,-0.31378087963814716,-0.16358429537944472,-0.365552191508344,-0.17453775587990636,-0.16449788817868072,-0.12726169781785823,-0.14065746898533213,0.27461751819054514,-0.421115784801812,-0.46140754667204165,-0.6939026877844943,-0.23855760955043356,-0.12410535083111847,0.0,0.0,-0.6767946275033906,-0.14809190625167876,-0.9530319324858647,0.6878615149381293,-1.0485565790508873,-1.8201767711573702
-1.069203931726198,0.06457316506698858,-0.31378087963814716,-0.16358429537944472,-0.2810340801679643,-0.17453775587990636,-0.1604103314954733,-0.12726169781785823,-0.14065746898533213,0.27461751819054514,-0.2397889273077525,-0.46140754667204165,0.7407307588162804,-0.23855760955043356,0.8017001295055319,0.0,0.0,-0.6767946275033906,-0.05209669477974136,-1.3024883843945956,-0.28418420980224984,-1.0485565790508873,0.5493971881446129
-1.2395158847322545,-0.75666503681061,-0.31378087963814716,0.12405343758907963,0.08521106897368125,-0.14483175024674738,-0.0929656462225505,-0.11785927801887318,-0.10185001265562847,0.27461751819054514,-0.08868321272936958,-0.46140754667204165,-0.31766303389654615,-0.23855760955043356,-0.4090924291260528,0.0,0.0,-0.421730010635609,-0.04905955814560097,0.08020828975698321,0.2688087254784352,0.9536919799837233,0.5493971881446129
0.534782653043608,0.8858113669445872,-0.31378087963814716,-0.12523259765030814,-0.24159229487578707,-0.17453775587990636,-0.15121332895825654,-0.12591849498943178,-0.14065746898533213,-1.995553965517959,-0.8593223570791225,-0.46140754667204165,1.3585013783745592,-0.23855760955043356,1.5752620419646008,0.0,0.0,-0.33761295613665976,-0.13078270257239877,0.48190937141612833,-1.3838006085861738,0.9536919799837233,0.5493971881446129
-0.9075628760236414,0.8858113669445872,-0.31378087963814716,-0.16358429537944472,-0.365552191508344,-0.17453775587990636,-0.16449788817868072,-0.12726169781785823,-0.14065746898533213,0.27461751819054514,-0.5873320708380333,-0.46140754667204165,-0.5155488793492776,-0.23855760955043356,1.5752620419646008,0.0,0.0,-0.6686542673905891,-0.1488029818922116,0.525188694702774,0.23032330263035633,-1.0485565790508873,-1.8201767711573702
-0.743980574656122,-1.5779032386882086,-0.31378087963814716,-0.16358429537944472,-0.33174494697219215,-0.17453775587990636,-0.16449788817868072,-0.12726169781785823,-0.14065746898533213,0.27461751819054514,0.45529735975280894,-0.46140754667204165,-0.6954763978589228,-0.23855760955043356,-0.4894115386701986,0.0,0.0,-0.6659408140196552,-0.11609350242769961,0.9627557498998675,-0.15498369553100902,-1.0485565790508873,-1.8201767711573702
-0.860455314553881,0.8858113669445872,-0.31378087963814716,-0.16358429537944472,-0.35428310999629337,-0.17453775587990636,-0.16449788817868072,-0.12726169781785823,-0.14065746898533213,0.27461751819054514,-0.52688978500668,-0.46140754667204165,-0.3533804405886367,-0.23855760955043356,-0.13624368935108822,0.0,0.0,-0.6632273606487213,-0.13860272442801597,0.15759187832582447,-0.3580508972647015,-1.0485565790508873,-1.8201767711573702
-0.15863029848105084,0.8858113669445872,0.34360166017397953,0.7616504123359753,3.2236502700797827,0.1522283060848424,0.553890198895027,0.04332506139229903,2.4400383769399605,0.27461751819054514,0.7726193603674131,-0.46140754667204165,-0.11576094919136694,1.9184765250972813,-0.8697461456292405,0.0,0.0,0.5768208298680467,0.04713786127684575,-0.35445850688810554,0.37165212434977546,0.9536919799837233,0.5493971881446129
1.4120962772290617,0.8858113669445872,-0.31378087963814716,-0.12523259765030814,-0.27539953941193895,-0.1151257446135884,-0.15121332895825654,-0.12188888650415249,-0.12125374082048031,0.27461751819054514,0.44018678829497065,-0.46140754667204165,0.21265267196590587,-0.23855760955043356,-0.838399886813935,0.0,0.0,-0.4108761971518736,-0.13308937593420656,-0.3695037486790324,0.45662107182076306,0.9536919799837233,0.5493971881446129
1.451827105171964,-0.75666503681061,-0.31378087963814716,-0.16358429537944472,-0.35428310999629337,-0.17453775587990636,-0.16449788817868072,-0.12726169781785823,-0.14065746898533213,2.544789001899049,-0.8744329285369609,-0.46140754667204165,1.0410811950713097,-0.23855760955043356,0.9040833238015842,0.0,0.0,-0.07712143252701044,-0.15261086450600397,-1.455640001332804,0.741819874116429,-1.0485565790508873,-1.8201767711573702
0.22055968807498688,0.06457316506698858,0.34360166017397953,0.3014300395863363,2.1418184449229214,0.36017034551695526,0.8349097208655386,0.43956989577809735,0.8101252110924072,0.27461751819054514,4.232940224212382,-0.46140754667204165,-0.512833383390204,-0.23855760955043356,-1.6066922754110455,0.0,0.0,2.649899205261506,-0.09968984069137495,-0.5572324372941792,0.2075891630357571,0.9536919799837233,0.5493971881446129
0.39747187634191644,0.8858113669445872,-0.31378087963814716,-0.16358429537944472,-0.365552191508344,-0.17453775587990636,-0.16449788817868072,-0.12726169781785823,-0.14065746898533213,0.27461751819054514,-0.8442117856212842,-0.46140754667204165,0.7200758140894079,-0.23855760955043356,0.9747337151871668,0.0,0.0,-0.7392040550348691,-0.0008992486613747532,-1.2076488261201908,0.7592297794805943,-1.0485565790508873,-1.8201767711573702
0.6675638565270532,-2.399141440565807,-0.31378087963814716,-0.16358429537944472,-0.35428310999629337,-0.17453775587990636,-0.16347599900787887,-0.12726169781785823,-0.14065746898533213,0.27461751819054514,-0.7686589283320927,-0.46140754667204165,-0.7629492173000396,-0.23855760955043356,0.1490072658681935,0.0,0.0,-0.4895663449089552,-0.14953699545663263,1.6646001096915513,1.2977278245638664,-1.0485565790508873,0.5493971881446129
1.2008887488811253,0.06457316506698858,-0.31378087963814716,-0.16358429537944472,-0.35428310999629337,-0.17453775587990636,-0.1604103314954733,-0.12726169781785823,-0.14065746898533213,0.27461751819054514,0.8481722176566046,-0.46140754667204165,-0.0783984491743131,-0.23855760955043356,-0.6893256941274046,0.0,0.0,-0.652373547164986,-0.14052864716601093,-0.8865596275407771,0.04152525834868808,-1.0485565790508873,0.5493971881446129
-0.2226914054248183,0.06457316506698858,-0.31378087963814716,-0.16358429537944472,-0.3599176507523187,-0.17453775587990636,-0.16449788817868072,-0.12726169781785823,-0.14065746898533213,0.27461751819054514,-0.6931060710429013,-0.46140754667204165,2.3889953480207087,-0.23855760955043356,0.39491326174688457,0.0,0.0,-0.7337771482930014,-0.05209669477974136,0.353181127794314,3.0725459405121858,-1.0485565790508873,-1.8201767711573702
1.4075667040108155,0.8858113669445872,-0.31378087963814716,-0.16358429537944472,-0.34864856924026805,-0.14483175024674738,-0.162454109837077,-0.12726169781785823,-0.14065746898533213,0.27461751819054514,-0.5420003564645184,-0.46140754667204165,0.39051469600286387,-0.23855760955043356,0.11243663058367036,0.0,0.0,-0.7310636949220676,-0.0008992486613747532,-0.9421468236501976,1.8444472138468848,-1.0485565790508873,0.5493971881446129
-0.6858726210849067,0.8858113669445872,-0.31378087963814716,-0.16358429537944472,-0.33737948772821746,-0.17453775587990636,-0.16347599900787887,-0.12726169781785823,-0.14065746898533213,0.27461751819054514,-0.421115784801812,-0.46140754667204165,1.0438229477343133,-0.23855760955043356,1.0897285011658244,0.0,0.0,-0.5655430392951029,-0.14031383270677306,-0.32224024759188413,1.6051536209692114,-1.0485565790508873,0.5493971881446129
-0.10246359057479815,0.8858113669445872,-0.31378087963814716,-0.15879033316330265,-0.3204758654601415,-0.14483175024674738,-0.14814766144585095,-0.12591849498943178,-0.14065746898533213,0.27461751819054514,-0.421115784801812,-0.46140754667204165,0.6806725349181435,-0.23855760955043356,-0.3668721212305073,0.0,0.0,-0.7283502415511337,0.1219746220227051,0.25366429330206547,0.2890388601420074,0.9536919799837233,0.5493971881446129
-0.6382473941044896,-2.399141440565807,-0.31378087963814716,-0.16358429537944472,-0.34864856924026805,-0.17453775587990636,-0.16143222066627516,-0.12726169781785823,-0.14065746898533213,-1.995553965517959,0.06242250184901335,-0.46140754667204165,-0.3668332773157956,-0.23855760955043356,0.8531077249537603,0.0,0.0,-0.7256367881801998,-0.05209669477974136,1.5183936778193632,1.2512616196880952,-1.0485565790508873,0.5493971881446129
1.531677010190761,0.06457316506698858,-0.31378087963814716,-0.08688089992117157,-0.1852468873155339,-0.17453775587990636,-0.13486310222542677,-0.12457529216100535,-0.14065746898533213,0.27461751819054514,0.817951074740928,-0.46140754667204165,0.10703705459583045,-0.23855760955043356,-0.6359856729135502,0.0,0.0,0.5985284568355175,-0.14423137008182216,-0.7390669220744036,0.3768416771668905,0.9536919799837233,0.5493971881446129
-0.32454209464652534,0.06457316506698858,-0.31378087963814716,-0.16358429537944472,-0.365552191508344,-0.17453775587990636,-0.16449788817868072,-0.12726169781785823,-0.14065746898533213,-1.995553965517959,-0.6326637852115481,-0.46140754667204165,0.26842102272846174,-0.23855760955043356,1.2295033083654707,0.0,0.0,-0.7229233348092661,-0.13254982439431745,-0.40108592467725723,1.1628230401953306,-1.0485565790508873,-1.8201767711573702
0.6594106247342101,0.06457316506698858,3.630514359234613,2.5737681300376782,2.0742039558506176,0.4195823567832732,2.767302142851857,2.834500538862431,6.087939271932104,0.27461751819054514,1.543258504717166,-0.46140754667204165,-0.6048179377604337,1.704335521343352,-0.42310623188799307,0.0,0.0,0.8481661669614314,-0.04073889956576924,1.6646001096915513,0.20296527023685504,0.9536919799837233,0.5493971881446129
-0.14361799867200634,0.8858113669445872,-0.31378087963814716,-0.16358429537944472,-0.3261104062161668,-0.17453775587990636,-0.162454109837077,-0.12726169781785823,-0.14065746898533213,0.27461751819054514,0.28908107371658776,-0.46140754667204165,-0.4732129926411259,-0.23855760955043356,-0.3668721212305073,0.0,0.0,-0.7229233348092661,0.021042513960782352,-0.35445850688810554,-0.06990152917450108,-1.0485565790508873,0.5493971881446129
1.000681612634644,0.06457316506698858,-0.31378087963814716,-0.16358429537944472,-0.3599176507523187,-0.17453775587990636,-0.16449788817868072,-0.12726169781785823,-0.14065746898533213,-1.995553965517959,-0.52688978500668,-0.46140754667204165,-1.3119952025852695,-0.23855760955043356,0.4342582210874752,0.0,0.0,-0.7202098814383322,-0.11609350242769961,0.2566349450779528,-1.201560812158501,-1.0485565790508873,-1.8201767711573702
0.6881410605756573,0.06457316506698858,-0.31378087963814716,-0.16358429537944472,-0.27539953941193895,-0.17453775587990636,-0.1573446639830677,-0.12726169781785823,-0.14065746898533213,0.27461751819054514,-0.9953175001996671,-0.46140754667204165,2.003436379785754,-0.23855760955043356,1.5752620419646008,0.0,0.0,-0.7120695213255306,0.08287839044140696,0.4406937495547577,-0.8631154759356807,-1.0485565790508873,0.5493971881446129
0.6751994228092396,0.8858113669445872,5.6026619786709935,1.8978194575616465,3.3363410852002886,1.0137024694464527,4.884656504753311,7.1300631841701705,1.7997153474998502,0.27461751819054514,1.649032504922034,-0.46140754667204165,0.055137674984518076,8.930881236885055,0.0869961886466103,0.0,0.0,1.0272540894430653,0.0005141777652059118,0.4406937495547577,0.0005426897432899896,0.9536919799837233,0.5493971881446129
-1.3425313213529393,0.06457316506698858,-0.31378087963814716,-0.019765428895182544,0.8627776933051748,0.1522283060848424,0.016376495053248553,-0.0842792073082123,-0.14065746898533213,0.27461751819054514,0.1379753591382048,-0.46140754667204165,-0.683613044990155,-0.23855760955043356,-0.19057720463095115,0.0,0.0,0.1155337568092927,-0.048046263915946526,-0.4616244828756293,-0.14159464926285353,0.9536919799837233,0.5493971881446129
1.1743583914599691,0.8858113669445872,-0.31378087963814716,-0.16358429537944472,-0.34864856924026805,-0.17453775587990636,-0.162454109837077,-0.12726169781785823,-0.14065746898533213,0.27461751819054514,-0.6931060710429013,-0.46140754667204165,0.7462804712378438,-0.23855760955043356,0.001463668340978332,0.0,0.0,-0.20465374096090125,-0.15138871149414931,3.6518423706033194,-0.15929281387018537,-1.0485565790508873,0.5493971881446129
-0.27238729444786214,-1.5779032386882086,-0.31378087963814716,-0.1492024087310185,-0.34301402848424273,-0.17453775587990636,-0.16143222066627516,-0.12726169781785823,-0.14065746898533213,-1.995553965517959,-0.6931060710429013,-0.46140754667204165,1.463653824256819,-0.23855760955043356,0.39491326174688457,0.0,0.0,-0.687648440987126,-0.11609350242769961,1.0092000616362544,-1.5813018657984295,0.9536919799837233,0.5493971881446129
0.6233034553659048,0.06457316506698858,-0.31378087963814716,-0.1492024087310185,-0.3148413247041162,-0.17453775587990636,-0.15836655315386958,-0.12726169781785823,-0.14065746898533213,0.27461751819054514,-0.31534178459694395,-0.46140754667204165,1.2901522885510897,-0.23855760955043356,-0.32641099283060854,0.0,0.0,-0.3566071297331967,-0.14367522516048162,-1.4612372771973,0.872501632899298,0.9536919799837233,0.5493971881446129
0.05257722986688554,0.8858113669445872,-0.31378087963814716,-0.16358429537944472,-0.33174494697219215,-0.14483175024674738,-0.16347599900787887,-0.12726169781785823,-0.14065746898533213,0.27461751819054514,-0.6024426422958715,-0.46140754667204165,0.07564153861098499,-0.23855760955043356,0.5972587669270653,0.0,0.0,-0.687648440987126,-0.10073426859218963,0.7937221444573845,-1.3689238905104455,-1.0485565790508873,0.5493971881446129
1.429955737346718,0.8858113669445872,-0.31378087963814716,-0.16358429537944472,-0.34301402848424273,-0.17453775587990636,-0.16449788817868072,-0.12726169781785823,-0.14065746898533213,0.27461751819054514,-1.0859809289466968,-0.46140754667204165,3.314336871784598,-0.23855760955043356,1.5752620419646008,0.0,0.0,-0.6849349876161922,-0.11792198264621272,1.5923482278547976,-0.6548414228754825,-1.0485565790508873,-1.8201767711573702
1.459203838698822,0.06457316506698858,-0.31378087963814716,-0.16358429537944472,-0.34864856924026805,-0.17453775587990636,-0.162454109837077,-0.12726169781785823,-0.14065746898533213,2.544789001899049,-1.040649214573182,-0.46140754667204165,1.9263245861387635,-0.23855760955043356,1.5752620419646008,0.0,0.0,-0.6822215342452583,-0.12656570731554734,-1.455640001332804,-0.03001926369489107,-1.0485565790508873,0.5493971881446129
-0.28856434165588424,0.06457316506698858,-0.31378087963814716,-0.12043863543416607,0.597954277771985,0.80576043001434,0.03885805681088948,-0.09636803276405022,-0.14065746898533213,-1.995553965517959,-0.4966686420910035,-0.46140754667204165,0.2470010800487425,-0.23855760955043356,1.03192688916597,0.0,0.0,0.5551132029005759,-0.09922405103932569,1.0092000616362544,-0.7887318855570391,0.9536919799837233,0.5493971881446129
-0.845831263877829,0.06457316506698858,1.0009841999861062,0.25828437964105766,1.5558262062962886,0.21164031735116035,1.5236630219859926,1.1313193524177114,-0.14065746898533213,-1.995553965517959,1.9210227911631235,-0.46140754667204165,-0.8616563434013051,0.3439492270584868,-1.192519503727437,0.0,0.0,-0.5139874252473599,0.4708486477150032,-0.6862124609088535,0.03493749542784297,0.9536919799837233,0.5493971881446129
-0.9079511251566339,0.06457316506698858,-0.31378087963814716,-0.16358429537944472,-0.33174494697219215,-0.17453775587990636,-0.16347599900787887,-0.12726169781785823,-0.14065746898533213,0.27461751819054514,-0.6175532137537099,-0.46140754667204165,0.8621818338102908,-0.23855760955043356,1.5752620419646008,0.0,0.0,-0.09340215275261352,-0.14999306664624154,0.525188694702774,0.30076893822424633,-1.0485565790508873,0.5493971881446129
1.312704499182974,0.06457316506698858,-0.31378087963814716,-0.11085071100188193,-0.258495917143863,-0.17453775587990636,-0.15632277481226584,-0.12188888650415249,-0.14065746898533213,0.27461751819054514,-0.6024426422958715,-0.46140754667204165,-0.10942676614179328,-0.23855760955043356,0.27125767524788513,0.0,0.0,-0.6659408140196552,-0.04478277390568898,-0.2977270072934111,-0.244244003985379,0.9536919799837233,0.5493971881446129
-1.2776937161431867,0.06457316506698858,-0.31378087963814716,-0.15879033316330265,-0.23595775411976175,-0.14483175024674738,-0.15836655315386958,-0.12726169781785823,-0.14065746898533213,0.27461751819054514,0.6819559316203834,-0.46140754667204165,0.28769897114020987,-0.23855760955043356,-0.6116619480498903,0.0,0.0,0.8210316332520929,-0.14809190625167876,0.08020828975698321,0.34487403181346443,0.9536919799837233,0.5493971881446129
-1.0729570066784593,0.06457316506698858,0.34360166017397953,-0.10126278656959778,0.40074535131109895,0.06311028918536546,0.008201381686833672,-0.08965201862191804,-0.14065746898533213,0.27461751819054514,-0.52688978500668,-0.46140754667204165,0.47772446262743645,-0.23855760955043356,1.0047601315260373,0.0,0.0,1.7354654192567993,-0.13144432485366112,-1.3024883843945956,0.39173569375200784,0.9536919799837233,0.5493971881446129
-1.517372847577242,-2.399141440565807,-0.31378087963814716,-0.16358429537944472,-0.35428310999629337,-0.17453775587990636,-0.16143222066627516,-0.12726169781785823,-0.14065746898533213,0.27461751819054514,2.0419073628258295,-0.46140754667204165,-0.8246080522995184,-0.23855760955043356,-1.793415905386913,0.0,0.0,-0.6632273606487213,-0.13860272442801597,0.1997550234776168,-0.7351757004844172,-1.0485565790508873,0.5493971881446129
-0.17183076900279684,0.8858113669445872,-0.31378087963814716,-0.16358429537944472,-0.365552191508344,-0.17453775587990636,-0.16449788817868072,-0.12726169781785823,-0.14065746898533213,0.27461751819054514,-0.7082166425007396,-0.46140754667204165,0.6154240941399205,-0.23855760955043356,1.5752620419646008,0.0,0.0,-0.6605139072777876,-0.1493718424046379,-0.3264081370708519,0.37165212434977546,-1.0485565790508873,-1.8201767711573702
1.4756397186621724,0.8858113669445872,-0.31378087963814716,-0.16358429537944472,-0.35428310999629337,-0.17453775587990636,-0.16449788817868072,-0.12726169781785823,-0.14065746898533213,0.27461751819054514,-0.829101214163446,0.2914152926350998,1.5022097210803145,-0.23855760955043356,1.5752620419646008,0.0,0.0,0.6636513377379298,-0.15360205609936012,-1.3456603565416556,0.34487403181346443,-1.0485565790508873,-1.8201767711573702
-0.1381825108101109,-1.5779032386882086,-0.31378087963814716,0.09049570207608512,2.3221237491157316,1.3701745370443605,0.24017022345885597,-0.07084717902394795,2.1101749981374796,0.27461751819054514,-0.013130355440178116,0.2914152926350998,-1.2697705253697282,-0.23855760955043356,0.1875546922491777,0.0,0.0,1.1656402113606914,-0.050057536186122194,-0.8463320514089613,0.09663387667955488,0.9536919799837233,0.5493971881446129
1.1586990097626038,0.06457316506698858,-0.31378087963814716,-0.1492024087310185,-0.27539953941193895,-0.17453775587990636,-0.162454109837077,-0.12591849498943178,-0.14065746898533213,-1.995553965517959,-0.6326637852115481,0.2914152926350998,0.5383123004929292,-0.23855760955043356,0.1922271075680846,0.0,0.0,0.42215398772481744,-0.14840517733806735,1.410140971257745,0.6516049099566632,0.9536919799837233,0.5493971881446129
1.4590744223211578,0.8858113669445872,-0.31378087963814716,-0.15879033316330265,-0.2923031616800149,-0.17453775587990636,-0.1604103314954733,-0.12726169781785823,-0.12125374082048031,2.544789001899049,-0.934875214368314,0.2914152926350998,3.314336871784598,-0.23855760955043356,1.5752620419646008,0.0,0.0,-0.7310636949220676,0.38308159722637475,-1.455640001332804,0.5467396524718106,0.9536919799837233,0.5493971881446129
0.4321554655559158,0.06457316506698858,1.0009841999861062,-0.1492024087310185,0.3556690252628964,0.003698277919047501,-0.06435274944009842,-0.10442724973460883,-0.14065746898533213,0.27461751819054514,0.8783933605722811,0.2914152926350998,-0.8870318852518443,-0.23855760955043356,-0.312112699335908,0.0,0.0,-0.31590532916918895,-0.02829151282661548,0.16008876236159203,0.026355667960501105,0.9536919799837233,0.5493971881446129
-1.4293697107656018,-0.75666503681061,-0.31378087963814716,-0.16358429537944472,-0.26976499865591363,-0.17453775587990636,-0.16347599900787887,-0.12726169781785823,-0.14065746898533213,0.27461751819054514,-0.6326637852115481,0.2914152926350998,-0.18702050849907756,-0.23855760955043356,-0.4992903596301729,0.0,0.0,-0.7310636949220676,0.5366739355814746,-0.5668106997522169,1.3900310980791821,-1.0485565790508873,0.5493971881446129
1.3189164853108546,0.8858113669445872,-0.31378087963814716,-0.16358429537944472,-0.35428310999629337,-0.14483175024674738,-0.162454109837077,-0.12726169781785823,-0.14065746898533213,0.27461751819054514,-0.6477743566693864,0.2914152926350998,0.3995110719283463,-0.23855760955043356,1.218698347940499,0.0,0.0,-0.7310636949220676,-0.0392973332501497,-0.2977270072934111,-0.3814817282339741,-1.0485565790508873,0.5493971881446129
0.8967602613703101,0.8858113669445872,-0.31378087963814716,-0.16358429537944472,-0.3599176507523187,-0.17453775587990636,-0.16347599900787887,-0.12726169781785823,-0.14065746898533213,0.27461751819054514,-0.30023121313910567,0.2914152926350998,0.7448617477616548,-0.23855760955043356,-0.08437987931121917,0.0,0.0,1.0950904237164114,-0.1540378430331508,0.12066573775241146,-0.30266893315551147,-1.0485565790508873,0.5493971881446129
1.4298263209690538,0.8858113669445872,-0.31378087963814716,-0.15399637094716057,-0.3599176507523187,-0.17453775587990636,-0.16347599900787887,-0.12726169781785823,-0.14065746898533213,0.27461751819054514,-0.572221499380195,0.2914152926350998,-0.14467787180898864,-0.23855760955043356,0.033364986725242095,0.0,0.0,-0.3945954769262705,-0.15209170672967612,1.5923482278547976,0.8818833470011087,0.9536919799837233,0.5493971881446129
-0.6093875418853782,-0.75666503681061,0.34360166017397953,0.545922112609582,1.1106974865702888,0.24134632298431935,0.09199629369258622,-0.01443266023003768,0.7519140265978518,0.27461751819054514,0.01709078747549847,0.2914152926350998,-0.5894476815943104,0.8556442847926206,-0.37645502006206155,0.0,0.0,0.8481661669614314,-0.08555850683321306,-0.28057963301922584,0.48792542088902047,0.9536919799837233,0.5493971881446129
-0.3970152661384643,0.8858113669445872,-0.31378087963814716,-0.16358429537944472,-0.1458051020233567,-0.14483175024674738,-0.155300885641464,-0.12726169781785823,-0.14065746898533213,0.27461751819054514,-0.30023121313910567,0.2914152926350998,-0.4456320404743894,-0.23855760955043356,0.7454410813266908,0.0,0.0,-0.2209344611865043,-0.12249318319249544,0.10425151138888096,0.3789552404960412,-1.0485565790508873,0.5493971881446129
1.632104119258162,0.8858113669445872,-0.31378087963814716,-0.16358429537944472,-0.2866686209239896,-0.17453775587990636,-0.15427899647066212,-0.12726169781785823,-0.14065746898533213,0.27461751819054514,-1.0104280716575054,0.2914152926350998,0.641128025355584,-0.23855760955043356,1.5752620419646008,0.0,0.0,-0.7174964280673983,0.10149564357535847,0.17886163122310664,-1.435869121851223,-1.0485565790508873,0.5493971881446129
-0.9080805415342981,-2.399141440565807,-0.31378087963814716,-0.16358429537944472,-0.3261104062161668,-0.17453775587990636,-0.16449788817868072,-0.12726169781785823,-0.14065746898533213,0.27461751819054514,-0.8744329285369609,0.2914152926350998,-2.494751582955374,-0.23855760955043356,1.5752620419646008,0.0,0.0,-0.05270035218860581,-0.1496540330525344,0.525188694702774,0.19050620425119943,-1.0485565790508873,-1.8201767711573702
-0.6383768104821538,-2.399141440565807,-0.31378087963814716,-0.16358429537944472,-0.365552191508344,-0.17453775587990636,-0.16347599900787887,-0.12726169781785823,-0.14065746898533213,-1.995553965517959,0.21352821642739628,0.2914152926350998,-1.3420291292067683,-0.23855760955043356,-0.8605888115933079,0.0,0.0,-0.7174964280673983,-0.1374257716436857,1.5183936778193632,-0.07214210588684036,-1.0485565790508873,0.5493971881446129
-0.9594588434669762,0.06457316506698858,0.34360166017397953,-0.08688089992117157,0.6599342260882635,-0.08541973898042943,-0.060265192756890976,-0.08562241013663874,-0.14065746898533213,0.27461751819054514,0.9388356464036344,0.2914152926350998,0.20576769039028198,-0.23855760955043356,-1.3397112230499546,0.0,0.0,1.6839098052090562,-0.12305154460150447,0.525188694702774,-0.714131116812328,0.9536919799837233,0.5493971881446129
0.052188980733893005,0.8858113669445872,-0.31378087963814716,-0.16358429537944472,-0.33737948772821746,-0.17453775587990636,-0.16449788817868072,-0.12726169781785823,-0.14065746898533213,0.27461751819054514,-0.6326637852115481,0.2914152926350998,-0.45985702838200665,-0.23855760955043356,-0.15353162603104414,0.0,0.0,0.44114816132135437,-0.15237793098406494,0.7937221444573845,-1.6204756688818527,-1.0485565790508873,-1.8201767711573702
0.006375583040774458,0.06457316506698858,-0.31378087963814716,-0.15399637094716057,-0.30920678394809087,-0.17453775587990636,-0.15836655315386958,-0.12591849498943178,-0.14065746898533213,0.27461751819054514,-0.22467835584991422,0.2914152926350998,-0.2737712763519417,-0.23855760955043356,-0.13624368935108822,0.0,0.0,-0.7120695213255306,-0.0008992486613747532,0.7937221444573845,0.5635617875266709,0.9536919799837233,0.5493971881446129
-0.612881784082311,0.06457316506698858,2.3157492796103596,3.019606616138891,2.846136039426086,1.2810565201448836,3.878095671513479,7.49944396198744,0.24741709431170433,0.27461751819054514,2.5405562209344934,0.2914152926350998,-0.1931481421013833,0.717855281006302,-1.148121563421132,0.0,0.0,2.5142265367148133,-0.08140723268250624,-0.28057963301922584,-0.5854167385220848,0.9536919799837233,0.5493971881446129
1.5952204516238717,0.06457316506698858,0.34360166017397953,-0.15879033316330265,-0.004941583122723805,-0.14483175024674738,-0.12770987802981376,-0.12457529216100535,-0.14065746898533213,0.27461751819054514,1.6188113620063576,0.2914152926350998,0.11866080280074692,0.5686754380040207,-1.622056357196576,0.0,0.0,0.7830432860590191,-0.1367273485946214,-0.9530319324858647,-0.8230627734241045,0.9536919799837233,0.5493971881446129
-1.4134514963129081,-0.75666503681061,0.34360166017397953,0.07131985321151683,0.5866851962599343,0.033404283552206475,0.03681427846928576,-0.0762199903376537,-0.14065746898533213,0.27461751819054514,1.6188113620063576,0.2914152926350998,-0.6258003843136062,0.6213921233941999,-0.6189760751067949,0.0,0.0,-0.12596359320381967,-0.0394664878078095,-0.5269982379698451,-0.421391385379438,0.9536919799837233,0.5493971881446129
-0.31897719040696576,-1.5779032386882086,-0.31378087963814716,-0.07729297548888742,0.09084560972970657,-0.08541973898042943,-0.09398753539335236,-0.12188888650415249,1.838522803829554,-1.995553965517959,-0.6326637852115481,0.2914152926350998,-0.5963326631699344,-0.23855760955043356,0.5379858411672146,0.0,0.0,-0.3756013033297336,-0.06119846297856209,1.3461489899198527,-0.42763336499163107,0.9536919799837233,0.5493971881446129
0.15365142082260755,0.8858113669445872,1.6583667397982327,-0.15879033316330265,-0.34864856924026805,-0.17453775587990636,-0.1573446639830677,-0.12726169781785823,-0.14065746898533213,0.27461751819054514,0.8783933605722811,0.2914152926350998,0.561095330434086,-0.23855760955043356,-0.5694819822405235,0.0,0.0,1.6079331108229085,-0.1537821535829637,-0.23248505412478784,-0.21323779157491354,0.9536919799837233,0.5493971881446129
-1.1652308839530172,0.8858113669445872,0.34360166017397953,-0.14440844651487644,-0.34864856924026805,-0.14483175024674738,-0.16347599900787887,-0.12726169781785823,-0.14065746898533213,0.27461751819054514,-0.22467835584991422,0.2914152926350998,0.6374560351819175,-0.23855760955043356,0.8145928280465158,0.0,0.0,-0.4542914510868152,-0.14869564972005572,-0.8250350993391762,0.4385973556905529,0.9536919799837233,0.5493971881446129
0.2175831113887108,-0.75666503681061,1.0009841999861062,-0.15879033316330265,-0.365552191508344,-0.17453775587990636,-0.162454109837077,-0.12726169781785823,-0.12125374082048031,0.27461751819054514,-0.30023121313910567,0.2914152926350998,0.5383123004929298,-0.23855760955043356,0.5379858411672146,0.0,0.0,-0.6985022544708615,-0.14489206586928083,-0.5572324372941792,0.2085491970831526,0.9536919799837233,0.5493971881446129
0.9549976313191896,0.8858113669445872,-0.31378087963814716,-0.16358429537944472,-0.365552191508344,-0.17453775587990636,-0.16449788817868072,-0.12726169781785823,-0.14065746898533213,0.27461751819054514,-0.30023121313910567,0.2914152926350998,1.421592845903915,-0.23855760955043356,0.33053060100773585,0.0,0.0,-0.6985022544708615,-0.14489206586928083,0.8753350659853014,2.935045891689373,-1.0485565790508873,-1.8201767711573702
-1.4256166358133406,-1.5779032386882086,-0.31378087963814716,-0.16358429537944472,-0.35428310999629337,-0.17453775587990636,-0.162454109837077,-0.12726169781785823,-0.14065746898533213,0.27461751819054514,3.054315650500995,0.2914152926350998,-0.59666648045845,-0.23855760955043356,-2.173162062721986,0.0,0.0,-0.6985022544708615,-0.12569302357489334,-0.5668106997522169,0.17975857314191385,-1.0485565790508873,0.5493971881446129
-0.7617106183961142,0.8858113669445872,0.34360166017397953,-0.16358429537944472,-0.14017056126733138,-0.1151257446135884,-0.11238154046778585,-0.12591849498943178,-0.14065746898533213,0.27461751819054514,0.001980216017660177,0.2914152926350998,0.0464325258659119,-0.23855760955043356,0.5103251424792828,0.0,0.0,-0.1965133808480997,-0.12316180655598158,0.9627557498998675,-0.5798627637738114,-1.0485565790508873,0.5493971881446129
0.8965014286149817,0.8858113669445872,-0.31378087963814716,-0.16358429537944472,-0.365552191508344,-0.17453775587990636,-0.16449788817868072,-0.12726169781785823,-0.14065746898533213,0.27461751819054514,-0.05846206981369299,0.2914152926350998,-0.4376338378517977,-0.23855760955043356,0.45032869743785725,0.0,0.0,-0.6930753477289937,-0.14595867933008014,0.12066573775241146,0.2075891630357571,-1.0485565790508873,-1.8201767711573702
0.8869246166678327,0.8858113669445872,-0.31378087963814716,-0.15879033316330265,-0.34864856924026805,-0.17453775587990636,-0.1573446639830677,-0.12726169781785823,-0.14065746898533213,0.27461751819054514,0.3193022166322643,0.2914152926350998,0.7589571827692053,-0.23855760955043356,-0.5641201221800102,0.0,0.0,-0.6930753477289937,-0.12035995627089684,0.12066573775241146,-0.04954495616928512,0.9536919799837233,0.5493971881446129
-1.8026065439490875,-0.75666503681061,6.26004451848312,0.45004286828674056,0.3894762697990483,-0.17453775587990636,0.10323707457140668,0.021833816137476068,0.5578767449493335,2.544789001899049,2.5103350780188167,0.2914152926350998,-0.4178127408935284,-0.23855760955043356,-2.0702688380162573,0.0,0.0,-0.028279271850201185,-0.07565141333610015,-1.6917206589063898,-0.0377971328963092,0.9536919799837233,0.5493971881446129
1.114179775846127,0.8858113669445872,-0.31378087963814716,-0.15879033316330265,-0.35428310999629337,-0.17453775587990636,-0.16449788817868072,-0.12726169781785823,-0.14065746898533213,0.27461751819054514,-0.8744329285369609,0.2914152926350998,0.2298651259049665,-0.23855760955043356,0.9040833238015842,0.0,0.0,-0.6903618943580598,-0.1302401651709325,2.3081001784106907,0.4110316721972916,0.9536919799837233,-1.8201767711573702
0.6691168530590234,0.8858113669445872,-0.31378087963814716,-0.16358429537944472,-0.3599176507523187,-0.17453775587990636,-0.16449788817868072,-0.12726169781785823,-0.14065746898533213,0.27461751819054514,-0.9499857858261522,0.2914152926350998,1.0009830623748743,-0.23855760955043356,-0.32641099283060854,0.0,0.0,-0.6903618943580598,-0.13832397245277986,1.6646001096915513,-2.0606912810318145,-1.0485565790508873,-1.8201767711573702
-1.0543210482948178,0.8858113669445872,-0.31378087963814716,-0.15879033316330265,-0.3599176507523187,-0.17453775587990636,-0.16347599900787887,-0.12726169781785823,-0.14065746898533213,0.27461751819054514,-0.421115784801812,0.2914152926350998,1.1766265923485755,-0.23855760955043356,-0.12410535083111847,0.0,0.0,-0.6849349876161922,-0.1398637452683698,-1.3024883843945956,0.807508311376966,0.9536919799837233,0.5493971881446129
1.0298002976090836,0.8858113669445872,-0.31378087963814716,-0.16358429537944472,-0.34301402848424273,-0.14483175024674738,-0.15938844232467142,-0.12591849498943178,-0.14065746898533213,2.544789001899049,-0.5571109279223566,0.2914152926350998,0.3069769195519573,-0.23855760955043356,0.07394122502101456,0.0,0.0,0.3136158528874635,-0.15251739243607484,-0.8936620082071127,-0.32598765488569786,-1.0485565790508873,0.5493971881446129
1.5922438749375956,-2.399141440565807,-0.31378087963814716,-0.16358429537944472,-0.34301402848424273,-0.17453775587990636,-0.15938844232467142,-0.12726169781785823,-0.14065746898533213,0.27461751819054514,-0.7384377854164161,0.2914152926350998,-5.939078365854295,-0.23855760955043356,1.5752620419646008,0.0,0.0,-0.261636261750512,-0.150152820396274,0.9297763856836935,1.628162620284373,-1.0485565790508873,0.5493971881446129
0.13255655126334673,0.8858113669445872,-0.31378087963814716,-0.16358429537944472,-0.33737948772821746,-0.17453775587990636,-0.15325710729986028,-0.12457529216100535,-0.14065746898533213,0.27461751819054514,0.27397050225874947,0.2914152926350998,0.09307931921979319,-0.23855760955043356,-1.123886781615697,0.0,0.0,-0.671367720761523,-0.11904720124222076,-0.23248505412478784,-1.118419153880439,-1.0485565790508873,0.5493971881446129
0.5609247613317716,0.06457316506698858,1.0009841999861062,-0.03414731554360876,0.4852634626514787,1.5781165764764733,0.2166667725304132,-0.03726710831328708,-0.14065746898533213,0.27461751819054514,0.45529735975280894,0.2914152926350998,-0.6276665513476707,-0.23855760955043356,0.8145928280465158,0.0,0.0,0.6500840708832606,-0.10898274602237092,-0.8053730648020195,1.0232523760666778,0.9536919799837233,0.5493971881446129
1.472404309220568,0.06457316506698858,-0.31378087963814716,-0.15399637094716057,-0.23595775411976175,-0.14483175024674738,-0.1471257722750491,-0.12591849498943178,-0.14065746898533213,0.27461751819054514,-0.829101214163446,0.2914152926350998,1.2323184433158467,-0.23855760955043356,-0.13624368935108822,0.0,0.0,0.9838388355081238,-0.14869564972005572,-1.3456603565416556,-0.3111892353261581,0.9536919799837233,0.5493971881446129
-1.332825093028126,0.06457316506698858,-0.31378087963814716,-0.15879033316330265,-0.24722683563181239,-0.17453775587990636,-0.14303821559184166,-0.12726169781785823,-0.14065746898533213,0.27461751819054514,1.286378789933915,0.2914152926350998,-1.0783797303432787,-0.23855760955043356,-1.348560249033034,0.0,0.0,-0.5872506662625737,-0.09521033361626062,-0.4616244828756293,0.251150707936376,0.9536919799837233,0.5493971881446129
-1.7340158637870737,0.06457316506698858,-0.31378087963814716,-0.11564467321802399,0.01759657990137746,-0.05571373334727045,-0.12260043217580445,-0.11517287236202031,-0.14065746898533213,0.27461751819054514,2.782325364259906,0.2914152926350998,-0.06328208962605388,0.4739249564657569,-1.0239358511531762,0.0,0.0,0.1616624641151681,-0.12266614753748992,-1.1699181340241418,-0.18924035445133588,0.9536919799837233,0.5493971881446129
-1.230974403806419,0.06457316506698858,-0.31378087963814716,-0.16358429537944472,-0.34864856924026805,-0.17453775587990636,-0.16449788817868072,-0.12726169781785823,-0.14065746898533213,0.27461751819054514,-0.8442117856212842,0.2914152926350998,1.1490377061770967,-0.23855760955043356,0.37420538840973155,0.0,0.0,-0.6686542673905891,-0.13173716651942274,0.08020828975698321,-0.03001926369489107,-1.0485565790508873,-1.8201767711573702
0.052059564356228834,0.8858113669445872,-0.31378087963814716,-0.16358429537944472,-0.3261104062161668,-0.17453775587990636,-0.16347599900787887,-0.12726169781785823,-0.14065746898533213,0.27461751819054514,-0.783769499789931,0.2914152926350998,0.345532816375453,-0.23855760955043356,1.0791734241919377,0.0,0.0,-0.6686542673905891,-0.10898274602237092,0.7937221444573845,-1.17099885872032,-1.0485565790508873,0.5493971881446129
-1.3480962255924989,0.8858113669445872,0.34360166017397953,0.43566098163831435,0.5866851962599343,0.033404283552206475,0.04396750266489879,-0.061444759224962904,-0.14065746898533213,0.27461751819054514,3.054315650500995,0.2914152926350998,0.020180363949495517,-0.23855760955043356,-2.461502378467108,0.0,0.0,0.6555109776251282,-0.1037912034817814,-0.4616244828756293,-0.3074673704790535,0.9536919799837233,0.5493971881446129
0.43073188540160984,-2.399141440565807,-0.31378087963814716,-0.15399637094716057,-0.29793770243604023,-0.17453775587990636,-0.16347599900787887,-0.12726169781785823,-0.14065746898533213,0.27461751819054514,0.04731193039117505,0.2914152926350998,-1.544256926501871,-0.23855760955043356,-0.32641099283060854,0.0,0.0,-0.25078244826677665,-0.1434600931014674,-0.7007813668592946,0.4025499234301343,0.9536919799837233,0.5493971881446129
0.6423276628825387,-1.5779032386882086,-0.31378087963814716,0.09049570207608512,0.39511081055507363,0.2710523286174783,-0.054133857732079814,-0.08562241013663874,-0.12125374082048031,0.27461751819054514,-0.6175532137537099,0.2914152926350998,-2.0063768898577656,10.59026567363807,0.5684939647200765,0.0,0.0,-0.6632273606487213,0.5658035169936486,-1.4612372771973,0.4110316721972916,0.9536919799837233,0.5493971881446129
0.6689874366813592,0.8858113669445872,-0.31378087963814716,-0.16358429537944472,-0.33174494697219215,-0.17453775587990636,-0.16347599900787887,-0.12726169781785823,-0.14065746898533213,0.27461751819054514,1.5281479332593277,0.2914152926350998,-0.3137500693677332,-0.23855760955043356,-1.277247510228214,0.0,0.0,-0.6632273606487213,-0.11741757431007116,1.6646001096915513,0.8007101979429417,-1.0485565790508873,0.5493971881446129
-0.7900528051045689,0.06457316506698858,-0.31378087963814716,-0.16358429537944472,-0.30920678394809087,-0.17453775587990636,-0.16143222066627516,-0.12591849498943178,-0.14065746898533213,-1.995553965517959,-0.37578407042829715,0.2914152926350998,-0.04094414940291808,-0.23855760955043356,-0.2503440714388009,0.0,0.0,-0.24535554152490896,-0.14525926066726091,-0.6862124609088535,0.4573420204659703,-1.0485565790508873,0.5493971881446129
1.3187870689331904,0.06457316506698858,-0.31378087963814716,-0.16358429537944472,-0.34301402848424273,-0.17453775587990636,-0.162454109837077,-0.12726169781785823,-0.14065746898533213,0.27461751819054514,-0.7384377854164161,0.2914152926350998,1.7335451020212866,-0.23855760955043356,0.6975667951360444,0.0,0.0,-0.6605139072777876,-0.12889286395729127,-0.2977270072934111,1.7723523493260476,-1.0485565790508873,0.5493971881446129
1.2802209883892657,0.8858113669445872,0.34360166017397953,-0.08688089992117157,0.16409463955803566,-0.1151257446135884,0.0030919358328243694,-0.09502482993562378,-0.14065746898533213,0.27461751819054514,0.666845360162545,0.2914152926350998,-0.27967751054671786,-0.23855760955043356,-0.5341567865477328,0.0,0.0,2.3188578940075764,-0.14155606206635535,-0.2977270072934111,-0.4238147421700543,0.9536919799837233,0.5493971881446129
1.2170657960891473,-2.399141440565807,-0.31378087963814716,-0.15399637094716057,-0.2528613763878377,-0.14483175024674738,-0.12975365637141748,-0.12323208933257893,0.07278354082803794,-1.995553965517959,0.3344127880901026,0.2914152926350998,-0.9328597626153455,-0.23855760955043356,-0.07154759641475658,0.0,0.0,-0.7392040550348691,3.0709475184406214,1.2098853973525376,0.20187349641336905,0.9536919799837233,0.5493971881446129
-0.7412628307251743,-1.5779032386882086,-0.31378087963814716,-0.16358429537944472,-0.365552191508344,-0.17453775587990636,-0.16449788817868072,-0.12726169781785823,-0.14065746898533213,0.27461751819054514,-0.013130355440178116,0.2914152926350998,-0.15569384232998779,-0.23855760955043356,-0.8917732464183742,0.0,0.0,-0.7392040550348691,-0.0008992486613747532,0.9627557498998675,-1.7271713447124446,-1.0485565790508873,-1.8201767711573702
-0.02584909499760554,0.06457316506698858,0.34360166017397953,-0.1492024087310185,-0.044383368414901016,-0.1151257446135884,-0.11340342963858771,-0.12457529216100535,-0.14065746898533213,0.27461751819054514,-0.572221499380195,0.2914152926350998,1.6288933820717995,-0.23855760955043356,0.6501238088209859,0.0,0.0,-0.07169452578514274,-0.11842536991284791,-0.8612912158775589,-0.8912606182411128,0.9536919799837233,0.5493971881446129
-0.34731937711542044,-2.399141440565807,-0.31378087963814716,-0.16358429537944472,-0.33737948772821746,-0.17453775587990636,-0.16143222066627516,-0.12726169781785823,-0.14065746898533213,0.27461751819054514,-0.677995499585063,0.2914152926350998,-1.485872282740578,-0.23855760955043356,1.5752620419646008,0.0,0.0,-0.40273583703907206,-0.14711915477542978,0.25910696682602397,0.15742738405928586,-1.0485565790508873,0.5493971881446129
-1.2345980623810158,-2.399141440565807,-0.31378087963814716,-0.15879033316330265,-0.34864856924026805,-0.17453775587990636,-0.16347599900787887,-0.12726169781785823,-0.14065746898533213,0.27461751819054514,1.1957153611868854,0.2914152926350998,-1.2564111467840813,-0.23855760955043356,-1.2402019316283068,0.0,0.0,0.42486744109575125,-0.1530628210782876,0.08020828975698321,-1.1133148253911118,0.9536919799837233,0.5493971881446129
0.9869634766022413,0.8858113669445872,-0.31378087963814716,-0.03414731554360876,-0.27539953941193895,-0.14483175024674738,-0.155300885641464,-0.12591849498943178,-0.14065746898533213,-1.995553965517959,-0.572221499380195,0.2914152926350998,1.3672640821980806,-0.23855760955043356,0.033364986725242095,0.0,0.0,-0.3186187825401228,-0.13775396040085472,0.2566349450779528,-0.4353093128931121,0.9536919799837233,0.5493971881446129
0.14705118556173452,0.06457316506698858,6.917427058295247,0.09049570207608512,-0.15143964277938202,-0.08541973898042943,0.04396750266489879,0.0997395801862093,-0.14065746898533213,0.27461751819054514,3.6285173658988503,0.2914152926350998,-0.5484331549865312,-0.23855760955043356,-1.177636065548465,0.0,0.0,0.26206023883972046,-0.13830212432499106,-0.23248505412478784,0.16040272767443153,0.9536919799837233,0.5493971881446129
-0.618058439188878,0.06457316506698858,-0.31378087963814716,-0.16358429537944472,-0.3261104062161668,-0.17453775587990636,-0.16347599900787887,-0.12726169781785823,-0.14065746898533213,-1.995553965517959,-0.8593223570791225,0.2914152926350998,1.0009830623748743,-0.23855760955043356,-0.32641099283060854,0.0,0.0,-0.6415197336812506,-0.12128243277753406,0.01712614564697976,-0.3424303432851876,-1.0485565790508873,0.5493971881446129
-0.004495392683016385,-0.75666503681061,-0.31378087963814716,-0.16358429537944472,-0.35428310999629337,-0.17453775587990636,-0.16347599900787887,-0.12726169781785823,-0.14065746898533213,0.27461751819054514,1.7850276480425786,0.2914152926350998,0.04554618341020007,-0.23855760955043356,-1.617183881733057,0.0,0.0,1.8412901007232194,-0.15400757754686817,-0.8612912158775589,0.09624013634678341,-1.0485565790508873,0.5493971881446129
0.051930147978564656,0.8858113669445872,-0.31378087963814716,-0.16358429537944472,-0.365552191508344,-0.17453775587990636,-0.16347599900787887,-0.12726169781785823,-0.14065746898533213,0.27461751819054514,-0.6931060710429013,0.2914152926350998,0.3840887131989483,-0.23855760955043356,0.001463668340978332,0.0,0.0,-0.7229233348092661,-0.13254982439431745,0.7937221444573845,-3.3911315682525585,-1.0485565790508873,0.5493971881446129
-0.004624809060680561,0.06457316506698858,-0.31378087963814716,-0.16358429537944472,-0.3599176507523187,-0.17453775587990636,-0.16449788817868072,-0.12726169781785823,-0.14065746898533213,0.27461751819054514,0.07753307330685164,0.2914152926350998,-0.10942676614179277,-0.23855760955043356,-0.8493710773992919,0.0,0.0,-0.7229233348092661,-0.11060806177216033,-0.8612912158775589,-2.021639896083028,-1.0485565790508873,-1.8201767711573702
1.4582979240551728,-0.75666503681061,-0.31378087963814716,-0.16358429537944472,-0.35428310999629337,-0.17453775587990636,-0.16449788817868072,-0.12726169781785823,-0.14065746898533213,2.544789001899049,-0.8442117856212842,0.2914152926350998,-0.29449507089457067,-0.23855760955043356,-0.2263229383677037,0.0,0.0,-0.7229233348092661,-0.08866629915000322,-1.455640001332804,-1.805829610839732,-1.0485565790508873,-1.8201767711573702
-0.6316471588436167,0.06457316506698858,1.0009841999861062,0.20555079526349487,-0.08382515370707823,-0.14483175024674738,-0.030630406803637024,-0.045326325283845684,-0.10185001265562847,-1.995553965517959,1.1503836468133704,0.2914152926350998,-0.1304330823421802,-0.23855760955043356,-1.2961383019645896,0.0,0.0,0.6853589647054006,-0.13959955421018164,0.01712614564697976,-0.9486319745431792,0.9536919799837233,0.5493971881446129
0.7016003638527316,0.06457316506698858,-0.31378087963814716,-0.16358429537944472,-0.33737948772821746,-0.17453775587990636,-0.16347599900787887,-0.12726169781785823,-0.14065746898533213,0.27461751819054514,-0.3455629275126206,0.2914152926350998,-0.4255851200944553,-0.23855760955043356,0.03929536001462409,0.0,0.0,-0.636092826939383,-0.1308619965003054,2.6855336471000912,0.006028168565527572,-1.0485565790508873,0.5493971881446129
0.9738924224581594,-2.399141440565807,2.3157492796103596,-0.1492024087310185,0.18663280258213694,-0.08541973898042943,0.0409018351524932,-0.10845685821988814,-0.14065746898533213,-1.995553965517959,0.44018678829497065,0.2914152926350998,-1.4397429061838956,-0.23855760955043356,0.1490072658681935,0.0,0.0,0.7721894725752837,-0.12724133343734395,0.2566349450779528,0.38452620729992415,0.9536919799837233,0.5493971881446129
-0.7213327085648911,0.8858113669445872,-0.31378087963814716,-0.15879033316330265,-0.34301402848424273,-0.17453775587990636,-0.1604103314954733,-0.12726169781785823,-0.14065746898533213,0.27461751819054514,-0.13401492710288446,0.2914152926350998,0.3350175717872268,-0.23855760955043356,0.1922271075680846,0.0,0.0,-0.7147829746964645,-0.07769541783892465,-0.32224024759188413,0.25399080865992324,0.9536919799837233,0.5493971881446129
0.05180073160090048,0.8858113669445872,-0.31378087963814716,-0.16358429537944472,-0.34301402848424273,-0.14483175024674738,-0.16143222066627516,-0.12726169781785823,-0.14065746898533213,0.27461751819054514,-1.0859809289466968,0.2914152926350998,2.3889953480207087,-0.23855760955043356,1.5752620419646008,0.0,0.0,-0.6306659201975152,-0.13576081404634044,0.7937221444573845,1.2196250546662935,-1.0485565790508873,0.5493971881446129
-0.5835042663525429,0.8858113669445872,-0.31378087963814716,-0.16358429537944472,-0.365552191508344,-0.17453775587990636,-0.16449788817868072,-0.12726169781785823,-0.14065746898533213,0.27461751819054514,-0.8895434999947991,0.2914152926350998,1.0009830623748743,-0.23855760955043356,0.8621346539163971,0.0,0.0,-0.7147829746964645,-0.1391323531809646,-0.28057963301922584,0.20428904599783093,-1.0485565790508873,-1.8201767711573702
-1.2312332365617473,0.8858113669445872,-0.31378087963814716,-0.16358429537944472,-0.29793770243604023,-0.17453775587990636,-0.16347599900787887,-0.12726169781785823,-0.14065746898533213,0.27461751819054514,-0.9197646429104757,0.2914152926350998,0.8026955929968982,-0.23855760955043356,-0.05474341643129381,0.0,0.0,0.11824721018022655,-0.1481928475886629,0.08020828975698321,1.8444472138468848,-1.0485565790508873,0.5493971881446129
0.4254258139173786,0.8858113669445872,-0.31378087963814716,-0.16358429537944472,-0.3599176507523187,-0.17453775587990636,-0.16347599900787887,-0.12726169781785823,-0.14065746898533213,0.27461751819054514,-0.028240926898016407,0.2914152926350998,0.3393638728836934,-0.23855760955043356,-0.6129644638271473,0.0,0.0,-0.7120695213255306,-0.12656570731554734,-0.7007813668592946,-0.9030584450157184,-1.0485565790508873,0.5493971881446129
-0.004754225438344738,0.06457316506698858,-0.31378087963814716,-0.16358429537944472,-0.3599176507523187,-0.17453775587990636,-0.16449788817868072,-0.12726169781785823,-0.14065746898533213,0.27461751819054514,-0.7535483568742545,0.2914152926350998,0.6616911703281145,-0.23855760955043356,1.1188605136137502,0.0,0.0,-0.7120695213255306,-0.12656570731554734,-0.8612912158775589,0.5698100091184778,-1.0485565790508873,-1.8201767711573702
-1.047203147523288,0.8858113669445872,-0.31378087963814716,-0.16358429537944472,-0.365552191508344,-0.17453775587990636,-0.16347599900787887,-0.12726169781785823,-0.14065746898533213,0.27461751819054514,1.3468210757652683,0.2914152926350998,-0.07240642884546737,-0.23855760955043356,-0.9293804916681142,0.0,0.0,-0.7093560679545968,-0.14169222548688293,-1.3024883843945956,0.7129095231356911,-1.0485565790508873,0.5493971881446129
1.543453900558201,0.8858113669445872,-0.31378087963814716,-0.16358429537944472,-0.34301402848424273,-0.17453775587990636,-0.162454109837077,-0.12726169781785823,-0.14065746898533213,0.27461751819054514,-0.4513369277174886,0.2914152926350998,2.0419922766092498,-0.23855760955043356,1.0681492326858788,0.0,0.0,-0.7093560679545968,-0.0904947793685163,-0.7390669220744036,1.5112087289505687,-1.0485565790508873,0.5493971881446129
1.4537683508369266,-0.75666503681061,-0.31378087963814716,-0.16358429537944472,-0.3599176507523187,-0.17453775587990636,-0.16449788817868072,-0.12726169781785823,-0.14065746898533213,2.544789001899049,0.8935039320301195,0.2914152926350998,-0.24521946639363384,-0.23855760955043356,-1.2346727407925007,0.0,0.0,-0.706642614583663,-0.1308619965003054,-1.455640001332804,-0.7434356096249694,-1.0485565790508873,-1.8201767711573702
-0.9227045922103501,-2.399141440565807,0.34360166017397953,-0.15879033316330265,-0.34301402848424273,-0.17453775587990636,-0.15938844232467142,-0.12726169781785823,-0.14065746898533213,0.27461751819054514,-0.9802069287418289,0.2914152926350998,-3.914893782620787,-0.23855760955043356,1.5752620419646008,0.0,0.0,0.536119029304039,-0.1528610951018769,0.525188694702774,-1.154699150219956,0.9536919799837233,0.5493971881446129
-1.0474619802786163,0.8858113669445872,-0.31378087963814716,-0.16358429537944472,-0.365552191508344,-0.17453775587990636,-0.16347599900787887,-0.12726169781785823,-0.14065746898533213,0.27461751819054514,0.5006290741263238,0.2914152926350998,0.5378672107749094,-0.23855760955043356,-0.2207624908975421,0.0,0.0,-0.7039291612127291,-0.14352070570539602,-1.3024883843945956,-0.6027729096104334,-1.0485565790508873,0.5493971881446129
-0.9388816394183721,0.8858113669445872,1.0009841999861062,-0.16358429537944472,-0.35428310999629337,-0.17453775587990636,-0.162454109837077,-0.12726169781785823,-0.14065746898533213,0.27461751819054514,-0.5420003564645184,0.2914152926350998,1.6607172969102397,-0.23855760955043356,0.11243663058367036,0.0,0.0,-0.7039291612127291,-0.12157894308323891,0.525188694702774,0.9312455965829427,-1.0485565790508873,0.5493971881446129
-1.118252738860921,0.8858113669445872,1.0009841999861062,0.02817419326623818,0.26551637316649135,-0.1151257446135884,-0.018367736754014697,-0.10308404690618239,-0.14065746898533213,0.27461751819054514,-0.11890435564504617,0.2914152926350998,-0.23211713781941587,2.2172819355337445,-0.8089250464353642,0.0,0.0,-0.7012157078417952,1.0025706952586106,1.095105628498168,-0.36574460295610395,0.9536919799837233,0.5493971881446129
1.429179239080733,0.8858113669445872,-0.31378087963814716,-0.16358429537944472,-0.3599176507523187,-0.17453775587990636,-0.16449788817868072,-0.12726169781785823,-0.14065746898533213,0.27461751819054514,-0.8593223570791225,0.2914152926350998,1.463653824256819,-0.23855760955043356,0.30748001876779374,0.0,0.0,-0.7012157078417952,-0.13401260856912792,1.5923482278547976,-2.42517087388716,-1.0485565790508873,-1.8201767711573702
-0.6354002337958777,0.06457316506698858,-0.31378087963814716,1.0492881453044995,4.592843673793935,0.3007583342506373,0.8655663959895945,0.509416442856272,-0.12125374082048031,-1.995553965517959,0.04731193039117505,0.2914152926350998,-0.7275228575563734,-0.23855760955043356,-1.2041062396591675,0.0,0.0,2.0312318366885886,-0.02208958105674566,0.01712614564697976,-0.4145252078060249,0.9536919799837233,0.5493971881446129
1.543324484180537,0.06457316506698858,-0.31378087963814716,-0.16358429537944472,-0.3148413247041162,-0.17453775587990636,-0.15836655315386958,-0.12726169781785823,-0.14065746898533213,0.27461751819054514,-0.572221499380195,0.2914152926350998,-0.5161914776296692,-0.23855760955043356,0.34174439777311333,0.0,0.0,-0.6985022544708615,-0.05849637554453718,-0.7390669220744036,-1.2458894112895558,-1.0485565790508873,0.5493971881446129
1.1139209430907986,0.06457316506698858,-0.31378087963814716,-0.15399637094716057,-0.3599176507523187,-0.17453775587990636,-0.16347599900787887,-0.12726169781785823,-0.14065746898533213,0.27461751819054514,-0.19445721293423762,0.2914152926350998,-0.3553583080230883,-0.23855760955043356,1.023163418959539,0.0,0.0,-0.28334388871798283,-0.15267392620753847,2.3081001784106907,0.09091405743683631,0.9536919799837233,0.5493971881446129
0.6207151278126212,0.8858113669445872,-0.31378087963814716,-0.12043863543416607,-0.12326693899925543,-0.17453775587990636,-0.0980750920765598,-0.11382966953359387,-0.14065746898533213,0.27461751819054514,0.25885993080091113,0.2914152926350998,-0.21031469616327259,-0.23855760955043356,-0.28507027468288637,0.0,0.0,2.7747180603244628,-0.14927703231923353,-1.4612372771973,0.5812198050687317,0.9536919799837233,0.5493971881446129
1.4535095180815982,0.8858113669445872,-0.31378087963814716,-0.16358429537944472,-0.3599176507523187,-0.17453775587990636,-0.12975365637141748,-0.12726169781785823,-0.14065746898533213,2.544789001899049,-0.9046540714526374,0.2914152926350998,2.2347717607267263,-0.23855760955043356,0.8145928280465158,0.0,0.0,-0.6957888010999276,-0.1364219001511687,-1.455640001332804,-1.0297347183838381,-1.0485565790508873,0.5493971881446129
0.5167937765482873,0.8858113669445872,-0.31378087963814716,-0.16358429537944472,-0.29793770243604023,-0.17453775587990636,-0.16449788817868072,-0.12726169781785823,-0.14065746898533213,0.27461751819054514,1.5734796476328425,0.2914152926350998,-0.07796830175396963,-0.23855760955043356,0.10916774698281863,0.0,0.0,1.0435348096686683,-0.15145708793043158,3.540540776562717,1.498875181674379,-1.0485565790508873,-1.8201767711573702
-0.9107982854652458,0.06457316506698858,-0.31378087963814716,-0.16358429537944472,-0.365552191508344,-0.17453775587990636,-0.16449788817868072,-0.12726169781785823,-0.14065746898533213,0.27461751819054514,-0.17934664147639934,0.2914152926350998,-0.11501948963706896,-0.23855760955043356,0.30748001876779374,0.0,0.0,-0.6957888010999276,-0.14545674358382163,0.525188694702774,0.6245563316371571,-1.0485565790508873,-1.8201767711573702
1.1297097411658281,0.8858113669445872,1.6583667397982327,0.7089168279584125,0.8458740710370989,-0.08541973898042943,0.6325756650467703,0.8626787867324244,-0.12125374082048031,0.27461751819054514,-0.52688978500668,0.2914152926350998,0.769647681433902,-0.23855760955043356,0.1490072658681935,0.0,0.0,1.3718626675516639,-0.11190372426332751,-0.8039532679973672,0.6260440034447299,0.9536919799837233,0.5493971881446129
-1.5595625866957636,0.06457316506698858,-0.31378087963814716,0.04735004213080647,0.6937414706244154,0.12252230045168341,0.05520828354371925,-0.061444759224962904,-0.14065746898533213,0.27461751819054514,0.12286478768036652,0.2914152926350998,-0.9822358804836698,3.2921866136650064,-0.3493227161413945,0.0,0.0,1.7897344866754763,-0.123378026513673,0.1997550234776168,-1.0237123361266767,0.9536919799837233,0.5493971881446129
0.32305745918501483,0.8858113669445872,0.34360166017397953,-0.053323164408177054,0.32186178072674454,-0.05571373334727045,2.6268320418788453e-05,-0.03189429699958134,-0.14065746898533213,0.27461751819054514,2.1627919344885362,0.2914152926350998,0.07177782904864431,-0.23855760955043356,-0.9370399489575113,0.0,0.0,2.042085650172324,-0.13607847043004448,0.22490829069474474,0.1935409583972489,0.9536919799837233,0.5493971881446129
-0.4214749615169937,-0.75666503681061,-0.31378087963814716,-0.08688089992117157,-0.0387488276588757,-0.1151257446135884,-0.12362232134660632,-0.11248646670516745,-0.14065746898533213,0.27461751819054514,-0.30023121313910567,0.2914152926350998,-1.0176707753284628,-0.23855760955043356,0.9528963214861683,0.0,0.0,-0.10696941960728275,-0.1157653136705306,0.10425151138888096,1.3673102922907958,0.9536919799837233,0.5493971881446129
-0.7443688237891145,-1.5779032386882086,-0.31378087963814716,-0.16358429537944472,-0.3261104062161668,-0.17453775587990636,-0.16449788817868072,-0.12726169781785823,-0.14065746898533213,0.27461751819054514,0.3344127880901026,0.2914152926350998,0.029374462422790487,-0.23855760955043356,-0.07154759641475658,0.0,0.0,-0.687648440987126,-0.09305465167443464,0.9627557498998675,0.3757930664945658,-1.0485565790508873,-1.8201767711573702
0.42516698116205026,0.06457316506698858,-0.31378087963814716,-0.12523259765030814,-0.21905413185168582,-0.17453775587990636,-0.162454109837077,-0.12457529216100535,-0.14065746898533213,0.27461751819054514,-0.17934664147639934,0.2914152926350998,-1.1067392973095402,-0.23855760955043356,-0.5980785692299245,0.0,0.0,-0.6849349876161922,0.04298427658293949,-0.7007813668592946,-0.5655811144211126,0.9536919799837233,0.5493971881446129
-0.010448546055568513,0.06457316506698858,-0.31378087963814716,-0.16358429537944472,-0.34864856924026805,-0.17453775587990636,-0.16347599900787887,-0.12726169781785823,-0.14065746898533213,0.27461751819054514,-0.677995499585063,0.2914152926350998,1.2323184433158467,-0.23855760955043356,-1.0870802067486922,0.0,0.0,-0.5139874252473599,-0.1471776661424222,-0.8612912158775589,0.6572851114037593,-1.0485565790508873,0.5493971881446129
0.7991803126115209,0.8858113669445872,0.34360166017397953,-0.10605674878573985,-0.15707418353540734,-0.17453775587990636,-0.11033776212618213,-0.09502482993562378,-0.14065746898533213,0.27461751819054514,-0.3455629275126206,0.2914152926350998,1.3711196718804297,-0.23855760955043356,0.4781429834289042,0.0,0.0,-0.09611560612354736,-0.12996844055641663,0.21014974599229677,-0.03001926369489107,0.9536919799837233,0.5493971881446129
0.5844785420666517,-0.75666503681061,-0.31378087963814716,-0.16358429537944472,-0.23595775411976175,-0.17453775587990636,-0.162454109837077,-0.12726169781785823,-0.14065746898533213,0.27461751819054514,-0.6326637852115481,0.2914152926350998,-1.8675756612931824,-0.23855760955043356,1.2295033083654707,0.0,0.0,-0.09340215275261352,-0.13906808860424696,-0.8053730648020195,-0.37083135052066823,-1.0485565790508873,0.5493971881446129
1.2478668939732216,0.8858113669445872,-0.31378087963814716,-0.16358429537944472,-0.35428310999629337,-0.17453775587990636,-0.162454109837077,-0.12726169781785823,-0.14065746898533213,0.27461751819054514,-0.19445721293423762,0.2914152926350998,0.10234692169219362,-0.23855760955043356,0.10299904728443846,0.0,0.0,0.15623555737330042,-0.15309951144225917,0.9494396672975342,-0.9974858327487117,-1.0485565790508873,0.5493971881446129
0.4082134356880431,-0.75666503681061,0.34360166017397953,0.5123643770965876,1.0318139159859343,0.716642413114863,0.34849047556385315,0.06481630664712199,0.18920590981714888,0.27461751819054514,3.175200222163702,0.2914152926350998,-0.9902270490991109,-0.23855760955043356,-2.628436245477442,0.0,0.0,-0.6740811741324568,1.3752881030003197,-0.7007813668592946,-0.5101457649599782,0.9536919799837233,0.5493971881446129
-1.4257460521910048,-2.399141440565807,-0.31378087963814716,-0.16358429537944472,-0.3599176507523187,-0.17453775587990636,-0.16347599900787887,-0.12726169781785823,-0.14065746898533213,0.27461751819054514,-0.6175532137537099,0.2914152926350998,-0.6569205010354275,-0.23855760955043356,0.9040833238015842,0.0,0.0,0.8997217810091744,-0.153983843749185,-0.5668106997522169,2.2854981497390674,-1.0485565790508873,0.5493971881446129
0.4250375647843861,0.06457316506698858,-0.31378087963814716,-0.16358429537944472,-0.3599176507523187,-0.14483175024674738,-0.16449788817868072,-0.12726169781785823,-0.14065746898533213,0.27461751819054514,-0.8593223570791225,0.2914152926350998,-0.42007713483395587,-0.23855760955043356,0.9413710303661973,0.0,0.0,-0.671367720761523,-0.14267679175838996,-0.7007813668592946,1.3237620811963917,-1.0485565790508873,-1.8201767711573702
1.333928785119899,-0.75666503681061,-0.31378087963814716,-0.005383542246756328,0.34439994375084576,0.12252230045168341,-0.06333086026929656,-0.09502482993562378,-0.14065746898533213,-1.995553965517959,-0.9499857858261522,0.2914152926350998,-1.312370747034849,-0.23855760955043356,0.6244255245669955,0.0,0.0,1.4804008023890178,-0.13067446006763736,1.384564273264258,-3.310335599392999,0.9536919799837233,0.5493971881446129
-0.5891985869697667,-1.5779032386882086,-0.31378087963814716,-0.16358429537944472,-0.3261104062161668,-0.17453775587990636,-0.16143222066627516,-0.12726169781785823,-0.14065746898533213,0.27461751819054514,-0.7082166425007396,0.2914152926350998,-0.9818916314048886,-0.23855760955043356,0.7602593127666541,0.0,0.0,-0.671367720761523,-0.10723240598413616,-0.28057963301922584,-1.904485741236667,-1.0485565790508873,0.5493971881446129
-1.0481090621669373,0.8858113669445872,-0.31378087963814716,-0.16358429537944472,-0.365552191508344,-0.17453775587990636,-0.162454109837077,-0.12726169781785823,-0.14065746898533213,0.27461751819054514,0.6970665030782216,0.2914152926350998,-0.10399388977120913,-0.23855760955043356,-1.3479708875553087,0.0,0.0,-0.671367720761523,-0.14858418938743226,-1.3024883843945956,-0.4018142675048305,-1.0485565790508873,0.5493971881446129
-0.4856654848384253,0.8858113669445872,-0.31378087963814716,0.17199305975050036,0.26551637316649135,-0.14483175024674738,-0.10931587295538027,-0.034580702656434203,-0.14065746898533213,-1.995553965517959,-0.31534178459694395,0.2914152926350998,-0.2290602059998387,-0.23855760955043356,0.7300740265000645,0.0,0.0,0.7396280321240775,-0.12270416167924696,0.22152724227200443,-0.689553765052183,0.9536919799837233,0.5493971881446129
0.4127430089062893,0.06457316506698858,-0.31378087963814716,-0.1300265598664502,-0.24159229487578707,-0.14483175024674738,-0.10829398378457841,-0.11517287236202031,-0.14065746898533213,0.27461751819054514,-0.028240926898016407,0.2914152926350998,-0.05737630543007408,-0.23855760955043356,0.16854500252704782,0.0,0.0,-0.6659408140196552,-0.028326451939071153,-0.7007813668592946,-0.4922164773353275,0.9536919799837233,0.5493971881446129
-1.1229117284568313,0.8858113669445872,-0.31378087963814716,-0.16358429537944472,-0.34864856924026805,-0.17453775587990636,-0.16347599900787887,-0.12591849498943178,-0.14065746898533213,0.27461751819054514,-0.52688978500668,0.2914152926350998,1.0472501385630688,-0.23855760955043356,0.7195091763067569,0.0,0.0,-0.7392040550348691,0.45987776640392464,-1.2549162280750763,-0.12374258757197953,-1.0485565790508873,0.5493971881446129
-0.7446276565444429,0.8858113669445872,-0.31378087963814716,-0.16358429537944472,-0.3599176507523187,-0.17453775587990636,-0.16347599900787887,-0.12726169781785823,-0.14065746898533213,0.27461751819054514,-0.7535483568742545,0.2914152926350998,1.463653824256819,-0.23855760955043356,-1.163147128140501,0.0,0.0,-0.7392040550348691,0.15269308969372505,0.9627557498998675,-0.2549552409999044,-1.0485565790508873,0.5493971881446129
0.12297973931619766,0.8858113669445872,-0.31378087963814716,-0.16358429537944472,-0.365552191508344,-0.17453775587990636,-0.16449788817868072,-0.12726169781785823,-0.14065746898533213,0.27461751819054514,0.5006290741263238,0.2914152926350998,0.3840887131989483,-0.23855760955043356,-0.32641099283060854,0.0,0.0,-0.7364906016639352,-0.07769541783892465,0.43836893607345584,0.8204331196342473,-1.0485565790508873,-1.8201767711573702
0.9283378575203692,-2.399141440565807,-0.31378087963814716,-0.16358429537944472,-0.365552191508344,-0.17453775587990636,-0.16449788817868072,-0.12726169781785823,-0.14065746898533213,-1.995553965517959,-0.11890435564504617,0.2914152926350998,-1.2401549402860799,-0.23855760955043356,-0.29802781320680016,0.0,0.0,1.3230205068748546,-0.1542897573997136,1.4322266993301151,-0.6734928306122169,-1.0485565790508873,-1.8201767711573702
-0.8739146178309554,0.8858113669445872,0.34360166017397953,-0.15879033316330265,-0.2866686209239896,-0.17453775587990636,-0.155300885641464,-0.12591849498943178,-0.14065746898533213,0.27461751819054514,-0.0433514983558547,0.2914152926350998,-1.3637786094661761,-0.23855760955043356,0.1490072658681935,0.0,0.0,-0.3267591426529244,-0.1394335146287197,0.15759187832582447,-0.8631154759356807,0.9536919799837233,0.5493971881446129
-0.041379060317306746,0.06457316506698858,-0.31378087963814716,-0.05811712662431912,0.02886566141342809,-0.14483175024674738,-0.111359651296984,-0.11248646670516745,-0.14065746898533213,0.27461751819054514,0.9841673607771492,0.2914152926350998,-0.18806533465046596,-0.23855760955043356,-1.277247510228214,0.0,0.0,0.2566333320978528,-0.12485828260557216,-0.8612912158775589,-0.578970160689268,0.9536919799837233,0.5493971881446129
1.0004227798793157,0.06457316506698858,-0.31378087963814716,-0.16358429537944472,-0.34864856924026805,-0.17453775587990636,-0.16449788817868072,-0.12726169781785823,-0.14065746898533213,-1.995553965517959,-0.6628849281272247,0.2914152926350998,-0.4384370857022872,-0.23855760955043356,1.2071962932945606,0.0,0.0,0.09382612984182193,-0.15249688132355121,0.2566349450779528,0.8165139842272006,-1.0485565790508873,-1.8201767711573702
1.5430656514252086,0.8858113669445872,-0.31378087963814716,-0.04852920219203498,-0.3599176507523187,-0.14483175024674738,-0.16347599900787887,-0.12726169781785823,-0.14065746898533213,0.27461751819054514,-1.0859809289466968,0.2914152926350998,-1.312370747034849,-0.23855760955043356,1.5752620419646008,0.0,0.0,0.012422528713806518,-0.15338660616499902,-0.7390669220744036,-1.904485741236667,0.9536919799837233,0.5493971881446129
-1.766499374580782,0.06457316506698858,-0.31378087963814716,-0.13961448429873435,-0.30357224319206555,-0.17453775587990636,-0.15632277481226584,-0.12591849498943178,0.014572356333482469,2.544789001899049,2.6463302211393613,0.2914152926350998,-0.9767967450389266,-0.23855760955043356,-1.3457077394808414,0.0,0.0,-0.5655430392951029,-0.12613607839707153,-1.6917206589063898,-0.06750859324572579,0.9536919799837233,0.5493971881446129
-1.0908164667961155,-1.5779032386882086,1.0009841999861062,-0.11564467321802399,-0.35428310999629337,-0.17453775587990636,-0.15938844232467142,-0.12726169781785823,-0.14065746898533213,0.27461751819054514,0.10775421622252823,0.2914152926350998,-0.908019829087603,-0.23855760955043356,0.3229407751482433,0.0,0.0,-0.4787125314252198,-0.14974130851064676,1.095105628498168,0.038558778166392645,0.9536919799837233,0.5493971881446129
-1.22295058839124,-2.399141440565807,-0.31378087963814716,-0.16358429537944472,-0.35428310999629337,-0.17453775587990636,-0.15836655315386958,-0.12726169781785823,-0.14065746898533213,0.27461751819054514,-0.5571109279223566,0.2914152926350998,-0.23280563597697815,-0.23855760955043356,-0.5265871017564207,0.0,0.0,0.10196648995462347,-0.15300998889729356,0.08020828975698321,-0.42464378528263125,-1.0485565790508873,0.5493971881446129
1.3000216941718847,0.8858113669445872,-0.31378087963814716,-0.16358429537944472,-0.34301402848424273,-0.17453775587990636,-0.162454109837077,-0.12726169781785823,0.1309947253225934,0.27461751819054514,0.12286478768036652,0.2914152926350998,0.6616911703281145,-0.23855760955043356,-0.624263395870822,0.0,0.0,-0.4787125314252198,-0.14657445617342818,-0.2977270072934111,0.15065220401997947,-1.0485565790508873,0.5493971881446129
-1.5872576915158974,0.8858113669445872,0.34360166017397953,-0.11564467321802399,0.01759657990137746,-0.05571373334727045,-0.12260043217580445,-0.11517287236202031,-0.14065746898533213,0.27461751819054514,1.4223739330544598,0.2914152926350998,-0.26654204569753637,0.4739249564657569,-1.1253387175078862,0.0,0.0,0.27020059895252196,-0.12607906329931134,0.88008349752086,-0.4625884508199164,0.9536919799837233,0.5493971881446129
-1.042155908794385,0.8858113669445872,-0.31378087963814716,-0.15879033316330265,-0.365552191508344,-0.17453775587990636,-0.162454109837077,-0.12726169781785823,-0.14065746898533213,0.27461751819054514,0.5157396455841622,0.2914152926350998,0.1238364096403543,-0.23855760955043356,-1.0417191985792653,0.0,0.0,-0.7174964280673983,-0.1374257716436857,-1.3024883843945956,-0.8726693315806431,0.9536919799837233,0.5493971881446129
-0.4368755104590307,0.06457316506698858,-0.31378087963814716,-0.16358429537944472,-0.34301402848424273,-0.17453775587990636,-0.162454109837077,-0.12726169781785823,-0.14065746898533213,-1.995553965517959,-0.9650963572839906,0.2914152926350998,-1.0810353660938765,-0.23855760955043356,1.5752620419646008,0.0,0.0,-0.7174964280673983,-0.06916251015253022,0.22152724227200443,2.6964774309113277,-1.0485565790508873,0.5493971881446129
1.321504812864138,0.06457316506698858,-0.31378087963814716,0.7616504123359753,3.2236502700797827,0.1522283060848424,0.553890198895027,0.04332506139229903,2.4400383769399605,-1.995553965517959,-0.11890435564504617,0.2914152926350998,0.4315421246740193,1.9184765250972813,-0.6386259686925091,0.0,0.0,0.8481661669614314,0.012730105595391781,1.384564273264258,-0.4776530493765088,0.9536919799837233,0.5493971881446129
1.2477374775955572,0.06457316506698858,-0.31378087963814716,-0.16358429537944472,-0.34301402848424273,-0.17453775587990636,-0.16449788817868072,-0.12726169781785823,-0.14065746898533213,0.27461751819054514,-0.7233272139585779,0.2914152926350998,0.10455846122860617,-0.23855760955043356,1.15266803423233,0.0,0.0,-0.7174964280673983,-0.06916251015253022,0.9494396672975342,-0.09944394804829049,-1.0485565790508873,-1.8201767711573702
1.187429445604051,-1.5779032386882086,-0.31378087963814716,-0.15399637094716057,-0.15707418353540734,-0.08541973898042943,-0.09603131373495609,-0.12591849498943178,-0.14065746898533213,0.27461751819054514,-0.37578407042829715,0.2914152926350998,-1.0638994119501013,-0.23855760955043356,1.1188605136137502,0.0,0.0,0.4357212545794866,-0.14104340992547504,-0.8865596275407771,1.2071286114826814,0.9536919799837233,0.5493971881446129
-1.0422853251720492,0.8858113669445872,-0.31378087963814716,0.042556079914664396,-0.3599176507523187,-0.17453775587990636,-0.1604103314954733,-0.12726169781785823,-0.12125374082048031,0.27461751819054514,-0.8895434999947991,0.2914152926350998,1.2785855195040408,-0.23855760955043356,1.5752620419646008,0.0,0.0,-0.7147829746964645,-0.12377311934545461,-1.3024883843945956,2.078755523539607,0.9536919799837233,0.5493971881446129
-0.972529897611058,0.8858113669445872,-0.31378087963814716,-0.16358429537944472,-0.3204758654601415,-0.17453775587990636,-0.15427899647066212,-0.12726169781785823,-0.14065746898533213,0.27461751819054514,-0.9197646429104757,0.2914152926350998,-0.5026969137414458,-0.23855760955043356,1.5752620419646008,0.0,0.0,0.19693735793730813,-0.15049641058527255,0.03136051873977767,-1.770595278555112,-1.0485565790508873,0.5493971881446129
-1.5330322292746072,0.8858113669445872,-0.31378087963814716,-0.16358429537944472,-0.2810340801679643,-0.08541973898042943,-0.1522352181290584,-0.12726169781785823,-0.14065746898533213,0.27461751819054514,-0.934875214368314,0.2914152926350998,0.630846452869318,-0.23855760955043356,1.5752620419646008,0.0,0.0,0.35974456019333895,-0.14843868698277607,0.1997550234776168,0.5467396524718106,-1.0485565790508873,0.5493971881446129
0.9273025264990559,-1.5779032386882086,-0.31378087963814716,-0.16358429537944472,-0.3599176507523187,-0.17453775587990636,-0.16449788817868072,-0.12726169781785823,-0.14065746898533213,-1.995553965517959,0.8028405032830896,0.2914152926350998,-1.3933381303641887,-0.23855760955043356,-1.5446702807462902,0.0,0.0,-0.7039291612127291,-0.13254982439431745,1.4322266993301151,-0.4547030750129497,-1.0485565790508873,-1.8201767711573702
-1.4798420980546307,0.8858113669445872,-0.31378087963814716,-0.16358429537944472,-0.33174494697219215,-0.17453775587990636,-0.16449788817868072,-0.12726169781785823,-0.14065746898533213,0.27461751819054514,-0.934875214368314,0.2914152926350998,0.6539799909634153,-0.23855760955043356,1.5752620419646008,0.0,0.0,-0.6985022544708615,-0.0872949389861184,-0.6297126490264175,-1.904485741236667,-1.0485565790508873,-1.8201767711573702
-0.8865974228420447,0.06457316506698858,0.34360166017397953,-0.04373523997589291,0.051403824437529354,-0.17453775587990636,-0.08376864368533377,-0.11517287236202031,0.3250320069711116,0.27461751819054514,1.0143885036928257,0.2914152926350998,0.4369510652445197,-0.23855760955043356,-0.6746046470888863,0.0,0.0,0.8671603405579683,-0.13506591184508757,0.15759187832582447,0.3923957171595931,0.9536919799837233,0.5493971881446129
-1.2919295176862462,0.8858113669445872,-0.31378087963814716,-0.16358429537944472,-0.33737948772821746,-0.17453775587990636,-0.1604103314954733,-0.12726169781785823,-0.14065746898533213,0.27461751819054514,1.286378789933915,0.2914152926350998,-0.13120834421740385,-0.23855760955043356,-0.8493710773992919,0.0,0.0,-0.6985022544708615,-0.09689446013331214,-1.5576287384669998,0.2394352924517389,-1.0485565790508873,0.5493971881446129
1.2868212236501386,-1.5779032386882086,-0.31378087963814716,-0.15399637094716057,-0.19651596882758454,-0.05571373334727045,-0.1420163264210398,-0.12188888650415249,-0.14065746898533213,0.27461751819054514,0.18330707351171968,0.2914152926350998,-0.584092695924381,-0.23855760955043356,-1.310034976345373,0.0,0.0,2.6851740990836457,-0.1507217038106091,-0.2977270072934111,-1.5813018657984295,0.9536919799837233,0.5493971881446129
1.4185670961122705,0.8858113669445872,-0.31378087963814716,-0.16358429537944472,-0.365552191508344,-0.17453775587990636,-0.16449788817868072,-0.12726169781785823,-0.14065746898533213,0.27461751819054514,-0.5571109279223566,0.2914152926350998,-0.023502196078003048,-0.23855760955043356,0.6744695517984473,0.0,0.0,-0.6957888010999276,-0.14545674358382163,-0.3695037486790324,0.31527719269438326,-1.0485565790508873,-1.8201767711573702
-1.0563917103374445,0.8858113669445872,-0.31378087963814716,-0.16358429537944472,-0.365552191508344,-0.17453775587990636,-0.16347599900787887,-0.12726169781785823,-0.14065746898533213,0.27461751819054514,0.666845360162545,0.2914152926350998,-0.5348417303185483,-0.23855760955043356,-1.1094528306874607,0.0,0.0,-0.6957888010999276,-0.14545674358382163,-1.3024883843945956,0.09599528941716065,-1.0485565790508873,0.5493971881446129
0.45428566613649,-2.399141440565807,-0.31378087963814716,-0.16358429537944472,-0.34864856924026805,-0.17453775587990636,-0.162454109837077,-0.12726169781785823,-0.14065746898533213,0.27461751819054514,2.2836765061512425,0.2914152926350998,-1.0656130073644785,-0.23855760955043356,-2.110281273257973,0.0,0.0,-0.6957888010999276,-0.11835221328586286,0.16008876236159203,0.3349211124636845,-1.0485565790508873,0.5493971881446129
-1.056779959470437,0.8858113669445872,-0.31378087963814716,-0.15879033316330265,-0.19651596882758454,-0.17453775587990636,-0.1573446639830677,-0.12457529216100535,-0.14065746898533213,0.27461751819054514,0.10775421622252823,0.2914152926350998,0.6462688115987165,-0.23855760955043356,0.46208758257228444,0.0,0.0,1.7001905254346594,-0.14920118425091003,-1.3024883843945956,0.9300733223630909,0.9536919799837233,0.5493971881446129
-1.5977404181066956,-0.75666503681061,-0.31378087963814716,-0.16358429537944472,-0.33737948772821746,-0.14483175024674738,-0.1604103314954733,-0.12726169781785823,-0.14065746898533213,2.544789001899049,-0.7384377854164161,0.2914152926350998,-1.0755273808333776,-0.23855760955043356,0.6975667951360444,0.0,0.0,-0.6930753477289937,-0.10329414089810797,-1.68924287342001,0.330455058909297,-1.0485565790508873,0.5493971881446129
-0.7791818293807781,0.06457316506698858,-0.31378087963814716,0.042556079914664396,0.7331832559165926,0.4195823567832732,0.11141218793782157,0.20853900928875055,-0.12125374082048031,0.27461751819054514,2.5405562209344934,0.2914152926350998,-0.06658688078235378,1.2547089086910854,-2.415903586617938,0.0,0.0,1.2036285585537654,-0.11250539689429943,0.9627557498998675,-1.4570822198480957,0.9536919799837233,0.5493971881446129
-1.2085853704705163,0.8858113669445872,-0.31378087963814716,-0.16358429537944472,-0.33174494697219215,-0.17453775587990636,-0.1604103314954733,-0.12726169781785823,-0.14065746898533213,0.27461751819054514,0.10775421622252823,0.2914152926350998,-0.2539769543220222,-0.23855760955043356,-0.09449964712387626,0.0,0.0,-0.687648440987126,-0.10073426859218963,-0.8250350993391762,-0.6700809877335469,-1.0485565790508873,0.5493971881446129
-1.4336404512285197,0.06457316506698858,-0.31378087963814716,-0.16358429537944472,-0.33737948772821746,-0.17453775587990636,-0.16449788817868072,-0.12726169781785823,-0.14065746898533213,0.27461751819054514,-0.677995499585063,0.2914152926350998,-0.16270400538880506,-0.23855760955043356,0.4342582210874752,0.0,0.0,0.05312432927781422,-0.1513463514187592,-0.5668106997522169,-0.09250147961295005,-1.0485565790508873,-1.8201767711573702
-0.6386356432374822,-2.399141440565807,-0.31378087963814716,-0.16358429537944472,-0.3599176507523187,-0.17453775587990636,-0.16449788817868072,-0.12726169781785823,-0.14065746898533213,-1.995553965517959,0.10775421622252823,0.2914152926350998,-1.8457273197598685,-0.23855760955043356,-1.068527299092154,0.0,0.0,-0.687648440987126,-0.1391323531809646,1.5183936778193632,-1.4472987954947685,-1.0485565790508873,-1.8201767711573702
0.6502220619200535,0.8858113669445872,-0.31378087963814716,-0.16358429537944472,-0.34301402848424273,-0.17453775587990636,-0.16449788817868072,-0.12726169781785823,-0.14065746898533213,0.27461751819054514,-0.8593223570791225,0.2914152926350998,0.7349473742927561,-0.23855760955043356,1.5752620419646008,0.0,0.0,0.21864498490477888,-0.1523222037063743,-1.4612372771973,1.5320361342565882,-1.0485565790508873,-1.8201767711573702
-1.0217081211234451,0.06457316506698858,-0.31378087963814716,-0.16358429537944472,0.02886566141342809,-0.17453775587990636,-0.12566609968821005,-0.11785927801887318,-0.14065746898533213,0.27461751819054514,1.5734796476328425,0.2914152926350998,-1.160717552862434,-0.23855760955043356,-1.1019536271325656,0.0,0.0,-0.11239632634915045,-0.10748703519228456,0.03136051873977767,0.3469684077660248,-1.0485565790508873,0.5493971881446129
1.5663605994047602,0.06457316506698858,-0.31378087963814716,-0.15399637094716057,-0.2810340801679643,-0.14483175024674738,-0.12464421051740818,-0.12591849498943178,-0.14065746898533213,0.27461751819054514,0.44018678829497065,0.2914152926350998,0.42902886566529447,-0.23855760955043356,-0.2898403575460854,0.0,0.0,-0.527554692102029,-0.12338427798253031,-0.07111393835390431,-0.0660666959553097,0.9536919799837233,0.5493971881446129
-1.1729958666128677,0.06457316506698858,0.34360166017397953,-0.15879033316330265,-0.30920678394809087,-0.17453775587990636,-0.15938844232467142,-0.12591849498943178,-0.14065746898533213,0.27461751819054514,-0.22467835584991422,0.2914152926350998,0.1741732749376955,-0.23855760955043356,-0.5165782963101301,0.0,0.0,0.05312432927781422,-0.14872532175399644,-0.8250350993391762,0.18866849201831534,0.9536919799837233,0.5493971881446129
-0.5230668179833724,-1.5779032386882086,-0.31378087963814716,-0.16358429537944472,-0.3148413247041162,-0.17453775587990636,-0.16143222066627516,-0.12591849498943178,0.4414543759602226,-1.995553965517959,0.198417644969558,0.2914152926350998,0.004241729678586067,-0.23855760955043356,-1.4069070353278872,0.0,0.0,-0.025565818479267338,-0.14867369541211473,-0.5782055760576401,0.05518375801155405,-1.0485565790508873,0.5493971881446129
0.7237305644333059,0.8858113669445872,-0.31378087963814716,-0.10605674878573985,0.9923721306937571,0.003698277919047501,0.203382213309989,-0.0883088157934916,0.7519140265978518,0.27461751819054514,-0.4060052133439737,0.2914152926350998,0.27865013821224655,2.678039241911427,0.6244255245669955,0.0,0.0,0.13995483714769733,-0.040124368918215636,-0.7418753830924125,0.3604945857929784,0.9536919799837233,0.5493971881446129
0.9223847041478171,-2.399141440565807,-0.31378087963814716,-0.15879033316330265,-0.26976499865591363,-0.1151257446135884,-0.15121332895825654,-0.12591849498943178,-0.14065746898533213,-1.995553965517959,0.198417644969558,0.2914152926350998,-0.7736465886736174,-0.23855760955043356,-1.277247510228214,0.0,0.0,0.2240718916466466,-0.14672568226818303,1.4322266993301151,-0.11522228540133618,0.9536919799837233,0.5493971881446129
1.4812046229017322,0.8858113669445872,-0.31378087963814716,0.018586268833954034,0.5754161147478837,0.12252230045168341,0.03987994598169134,-0.056071947911257164,-0.14065746898533213,0.27461751819054514,3.024094507585319,0.2914152926350998,0.3982117523284334,-0.23855760955043356,-1.45358446436377,0.0,0.0,0.4709961484016267,-0.09676560750046391,-0.45137039484202884,-0.8411520303402412,0.9536919799837233,0.5493971881446129
0.6626460341758145,0.06457316506698858,-0.31378087963814716,-0.15879033316330265,-0.34301402848424273,-0.17453775587990636,-0.16449788817868072,-0.12591849498943178,-0.14065746898533213,0.27461751819054514,-0.677995499585063,0.2914152926350998,0.641128025355584,-0.23855760955043356,0.05392361412843334,0.0,0.0,-0.6035313864881767,-0.1394335146287197,1.6646001096915513,0.2199095999773465,0.9536919799837233,-1.8201767711573702
-1.523326000949794,0.8858113669445872,-0.31378087963814716,-0.16358429537944472,-0.365552191508344,-0.17453775587990636,-0.16449788817868072,-0.12726169781785823,-0.14065746898533213,0.27461751819054514,-0.8593223570791225,0.2914152926350998,0.2333702074343753,-0.23855760955043356,1.5752620419646008,0.0,0.0,-0.6795080808743245,-0.147813659261905,0.1997550234776168,-0.03001926369489107,-1.0485565790508873,-1.8201767711573702
-1.0571682086034295,0.8858113669445872,-0.31378087963814716,-0.16358429537944472,-0.365552191508344,-0.17453775587990636,-0.162454109837077,-0.12726169781785823,-0.14065746898533213,0.27461751819054514,-0.20956778439207593,0.2914152926350998,0.27324050983139864,-0.23855760955043356,-0.10818621834591334,0.0,0.0,-0.6795080808743245,-0.147813659261905,-1.3024883843945956,0.06216761224978696,-1.0485565790508873,0.5493971881446129
-0.558656321841021,0.8858113669445872,-0.31378087963814716,-0.16358429537944472,-0.3261104062161668,-0.17453775587990636,-0.14406010476264353,-0.12726169781785823,-0.14065746898533213,-1.995553965517959,-0.7233272139585779,0.2914152926350998,0.6218500769438361,-0.23855760955043356,1.15266803423233,0.0,0.0,-0.6767946275033906,-0.10329414089810797,-0.0044208516090499346,-0.3771426854618865,-1.0485565790508873,0.5493971881446129
0.8699710711938256,-1.5779032386882086,-0.31378087963814716,-0.16358429537944472,-0.34864856924026805,-0.17453775587990636,-0.16449788817868072,-0.12726169781785823,-0.14065746898533213,0.27461751819054514,-0.11890435564504617,0.2914152926350998,-1.4833458928070433,-0.23855760955043356,-0.8089250464353642,0.0,0.0,-0.0988290594944812,-0.1518993112636459,-0.4594159100683915,-0.869332611847925,-1.0485565790508873,-1.8201767711573702
-0.0008717341084194369,0.06457316506698858,-0.31378087963814716,-0.1348205220825923,-0.3204758654601415,-0.17453775587990636,-0.16449788817868072,-0.12726169781785823,-0.14065746898533213,0.27461751819054514,-0.677995499585063,0.2914152926350998,0.168175690987374,-0.23855760955043356,-1.4674148137077354,0.0,0.0,-0.6740811741324568,-0.09919834520863864,-0.8612912158775589,-1.966967957154726,0.9536919799837233,-1.8201767711573702
-0.08680420887743276,0.8858113669445872,0.34360166017397953,-0.12523259765030814,0.01759657990137746,-0.14483175024674738,-0.10114075958896539,-0.12054568367572605,-0.14065746898533213,2.544789001899049,0.3193022166322643,0.2914152926350998,-0.021624473830105788,-0.23855760955043356,-1.277247510228214,0.0,0.0,-0.5139874252473599,-0.028326451939071153,-2.5432043536965194,-0.7915212701962375,0.9536919799837233,0.5493971881446129
0.2754322322045978,-1.5779032386882086,-0.31378087963814716,-0.16358429537944472,-0.365552191508344,-0.17453775587990636,-0.16449788817868072,-0.12726169781785823,-0.14065746898533213,0.27461751819054514,-0.5571109279223566,0.2914152926350998,-1.2231413858147595,-0.23855760955043356,-0.2263229383677037,0.0,0.0,-0.261636261750512,-0.15362383369243449,1.9915405920719578,-1.7565015456412645,-1.0485565790508873,-1.8201767711573702
-1.5978698344843598,-0.75666503681061,-0.31378087963814716,-0.16358429537944472,-0.3204758654601415,-0.17453775587990636,-0.16347599900787887,-0.12726169781785823,-0.14065746898533213,2.544789001899049,-0.2851206416812674,0.2914152926350998,-0.15569384232998726,-0.23855760955043356,-0.46224478103026717,0.0,0.0,-0.671367720761523,-0.10132500835509388,-1.68924287342001,-0.33127280472839055,-1.0485565790508873,0.5493971881446129
-1.7179682329567159,0.8858113669445872,0.34360166017397953,-0.15879033316330265,-0.2810340801679643,-0.14483175024674738,-0.15325710729986028,-0.12188888650415249,-0.10185001265562847,0.27461751819054514,-0.08868321272936958,0.2914152926350998,0.14504215289327674,-0.23855760955043356,0.5830848064192746,0.0,0.0,-0.511273971876426,-0.1255800880319852,-1.1699181340241418,1.0294617888287212,0.9536919799837233,0.5493971881446129
-0.9207633465453874,-0.75666503681061,-0.31378087963814716,-0.16358429537944472,-0.3261104062161668,-0.14483175024674738,-0.15325710729986028,-0.12726169781785823,-0.14065746898533213,0.27461751819054514,-0.3304523560547823,0.2914152926350998,-0.472503139995254,-0.23855760955043356,0.2835596032357794,0.0,0.0,-0.17751920725156278,-0.14858418938743226,0.525188694702774,-0.3483248919567024,-1.0485565790508873,0.5493971881446129
0.8902894424871013,0.8858113669445872,-0.31378087963814716,-0.11564467321802399,-0.3599176507523187,-0.17453775587990636,-0.16449788817868072,-0.12726169781785823,-0.14065746898533213,0.27461751819054514,-0.3455629275126206,0.2914152926350998,-0.4255851200944553,-0.23855760955043356,-0.39955226339965605,0.0,0.0,-0.6686542673905891,-0.14311437676794866,0.12066573775241146,0.6188345169926461,0.9536919799837233,-1.8201767711573702
-0.0010011504860836136,0.06457316506698858,-0.31378087963814716,-0.16358429537944472,-0.34864856924026805,-0.17453775587990636,-0.16143222066627516,-0.12726169781785823,-0.14065746898533213,0.27461751819054514,2.0116862199101533,0.2914152926350998,0.14457595978345372,-0.23855760955043356,-1.1675356043746443,0.0,0.0,-0.6659408140196552,-0.13254982439431745,-0.8612912158775589,0.08713489115146993,-1.0485565790508873,0.5493971881446129
1.224054280483013,0.8858113669445872,-0.31378087963814716,-0.16358429537944472,-0.365552191508344,-0.17453775587990636,-0.16449788817868072,-0.12726169781785823,-0.14065746898533213,-1.995553965517959,1.120162503897694,0.2914152926350998,0.5343214269620766,-0.23855760955043356,-0.7986385249609634,0.0,0.0,-0.6659408140196552,-0.1490061463609353,1.2098853973525376,1.0518875622688182,-1.0485565790508873,-1.8201767711573702
-0.6834137099092873,-0.75666503681061,-0.31378087963814716,-0.16358429537944472,-0.35428310999629337,-0.17453775587990636,-0.16347599900787887,-0.12726169781785823,-0.14065746898533213,0.27461751819054514,-0.43622635625965034,0.2914152926350998,-0.5720975280237374,-0.23855760955043356,-0.9051810468987159,0.0,0.0,-0.6632273606487213,-0.13860272442801597,-0.32224024759188413,-1.4969930287275852,-1.0485565790508873,0.5493971881446129
1.4082137858991364,-0.75666503681061,1.0009841999861062,3.475033026672388,9.844235658409529,8.202555832670926,7.333102957994568,4.4826104093416665,-0.14065746898533213,0.27461751819054514,1.482816218885813,0.2914152926350998,-1.241684936191774,-0.23855760955043356,-1.4586209499630167,0.0,0.0,2.4762381895217396,0.08030007355502286,-0.3695037486790324,0.04582620071431318,0.9536919799837233,0.5493971881446129
-1.2884352754893134,0.8858113669445872,-0.31378087963814716,-0.09167486213731363,-0.3148413247041162,-0.14483175024674738,-0.15938844232467142,-0.12726169781785823,-0.14065746898533213,0.27461751819054514,-0.9499857858261522,0.2914152926350998,-0.5720975280237374,-0.23855760955043356,1.5752620419646008,0.0,0.0,-0.7392040550348691,1.3814317965345235,-1.5576287384669998,2.7816804526177727,0.9536919799837233,0.5493971881446129
-0.39623876787247925,-2.399141440565807,-0.31378087963814716,-0.16358429537944472,-0.23595775411976175,-0.1151257446135884,-0.12770987802981376,-0.12591849498943178,-0.14065746898533213,0.27461751819054514,0.7121770745360599,0.2914152926350998,-0.510257875326313,-0.23855760955043356,-0.10818621834591334,0.0,0.0,2.156050691751546,-0.15104007379501166,0.10425151138888096,0.20044792616680315,-1.0485565790508873,0.5493971881446129
-1.3637556072898642,0.06457316506698858,-0.31378087963814716,-0.16358429537944472,-0.35428310999629337,-0.17453775587990636,-0.16449788817868072,-0.12726169781785823,-0.14065746898533213,0.27461751819054514,-0.7233272139585779,0.2914152926350998,1.0009830623748743,-0.23855760955043356,-0.960302004429012,0.0,0.0,-0.7337771482930014,-0.0008992486613747532,-0.12446840774978787,1.150200370312894,-1.0485565790508873,-1.8201767711573702
0.26119643066153836,0.06457316506698858,-0.31378087963814716,-0.02935335332746669,0.2824199954345673,0.21164031735116035,-0.07865919783132445,-0.080249598822933,0.3832431914656671,0.27461751819054514,-0.3455629275126206,0.2914152926350998,0.3910988762577656,-0.23855760955043356,0.4781429834289042,0.0,0.0,-0.23992863478304124,-0.05818503972354711,1.9915405920719578,1.8083997815864663,0.9536919799837233,0.5493971881446129
-0.2910232528315036,0.06457316506698858,-0.31378087963814716,-0.053323164408177054,0.9303921823774787,-0.08541973898042943,0.011267049199239253,-0.08965201862191804,-0.14065746898533213,-1.995553965517959,0.8783933605722811,0.2914152926350998,-0.21878530985934325,-0.23855760955043356,-1.1700103090179574,0.0,0.0,-0.155811580284092,0.009766885946618285,1.0092000616362544,-0.2696127232303057,0.9536919799837233,0.5493971881446129
-1.5395030481578162,-2.399141440565807,1.0009841999861062,-0.16358429537944472,-0.33737948772821746,-0.17453775587990636,-0.1604103314954733,-0.12726169781785823,-0.14065746898533213,0.27461751819054514,-0.17934664147639934,0.2914152926350998,-1.5962368303776084,-0.23855760955043356,-0.5980785692299245,0.0,0.0,-0.7283502415511337,0.029819219009645202,0.1997550234776168,-0.3275536252094593,-1.0485565790508873,0.5493971881446129
0.0444239980740424,-0.75666503681061,-0.31378087963814716,-0.15399637094716057,-0.33174494697219215,-0.17453775587990636,-0.16449788817868072,-0.12726169781785823,-0.14065746898533213,0.27461751819054514,-1.0708703574888587,0.2914152926350998,-1.312370747034849,-0.23855760955043356,1.5752620419646008,0.0,0.0,0.2647736922106543,-0.15159361836826515,0.7937221444573845,-1.435869121851223,0.9536919799837233,-1.8201767711573702
-1.210526616135479,0.06457316506698858,-0.31378087963814716,-0.15879033316330265,-0.258495917143863,-0.17453775587990636,-0.13486310222542677,-0.12591849498943178,-0.14065746898533213,0.27461751819054514,-0.19445721293423762,0.2914152926350998,-0.4743701324017351,-0.23855760955043356,-0.08103382705058168,0.0,0.0,-0.7229233348092661,0.2843436654266678,-0.8250350993391762,-0.42305255737300584,0.9536919799837233,0.5493971881446129
-0.9041980502043727,0.8858113669445872,-0.31378087963814716,-0.15879033316330265,-0.2923031616800149,-0.14483175024674738,-0.15121332895825654,-0.12726169781785823,-0.14065746898533213,0.27461751819054514,-0.4664474991753269,0.2914152926350998,0.3551717905813268,-0.23855760955043356,0.5379858411672146,0.0,0.0,-0.7202098814383322,0.11429500510495011,0.525188694702774,0.6942064208098866,0.9536919799837233,0.5493971881446129
-0.6387650596151464,-2.399141440565807,-0.31378087963814716,-0.16358429537944472,-0.34864856924026805,-0.17453775587990636,-0.16347599900787887,-0.12726169781785823,-0.14065746898533213,-1.995553965517959,-0.4966686420910035,0.2914152926350998,-3.0088302072686455,-0.23855760955043356,0.7602593127666541,0.0,0.0,1.1792074782153608,-0.15362383369243449,1.5183936778193632,-0.07464941792207605,-1.0485565790508873,0.5493971881446129
-0.9044568829597012,-0.75666503681061,-0.31378087963814716,-0.16358429537944472,-0.3204758654601415,-0.17453775587990636,-0.162454109837077,-0.12726169781785823,-0.14065746898533213,0.27461751819054514,-0.7082166425007396,0.2914152926350998,0.10455846122860668,-0.23855760955043356,0.7602593127666541,0.0,0.0,-0.6333793735684491,-0.1199333108865771,0.525188694702774,0.036925967645886404,-1.0485565790508873,0.5493971881446129
-1.0496620586989074,0.06457316506698858,-0.31378087963814716,-0.16358429537944472,-0.365552191508344,-0.17453775587990636,-0.16347599900787887,-0.12726169781785823,-0.14065746898533213,0.27461751819054514,-0.5117792135488418,0.2914152926350998,0.012550071081628755,-0.23855760955043356,1.0186748122684426,0.0,0.0,-0.7174964280673983,-0.1374257716436857,-1.3024883843945956,0.3357302928986265,-1.0485565790508873,0.5493971881446129
0.159863406950488,0.8858113669445872,-0.31378087963814716,-0.16358429537944472,-0.3599176507523187,-0.17453775587990636,-0.162454109837077,-0.12726169781785823,-0.14065746898533213,0.27461751819054514,-0.6175532137537099,0.2914152926350998,-0.12264593076699108,-0.23855760955043356,0.5684939647200765,0.0,0.0,-0.47057217131241824,-0.15141974024937258,-0.23248505412478784,-1.0775152364388227,-1.0485565790508873,0.5493971881446129
-0.8847855935547463,0.06457316506698858,-0.31378087963814716,-0.1348205220825923,-0.19651596882758454,-0.17453775587990636,-0.15325710729986028,-0.12591849498943178,-0.14065746898533213,0.27461751819054514,-0.7988800712477694,0.2914152926350998,0.4274640971253807,-0.23855760955043356,0.5379858411672146,0.0,0.0,2.5902032311009613,-0.15061425599936698,0.15759187832582447,1.92965023555333,0.9536919799837233,0.5493971881446129
-0.861231812819866,0.06457316506698858,-0.31378087963814716,-0.16358429537944472,-0.365552191508344,-0.17453775587990636,-0.16449788817868072,-0.12726169781785823,-0.14065746898533213,0.27461751819054514,-0.31534178459694395,0.2914152926350998,-0.03176417396875203,-0.23855760955043356,0.09618301490165966,0.0,0.0,-0.05270035218860581,-0.15388689277098205,0.15759187832582447,0.9766386594293963,-1.0485565790508873,-1.8201767711573702
-0.08395704856882087,0.06457316506698858,9.546957217543753,6.063772623389108,4.711169029670466,1.3404685314112015,10.106510167550818,16.364582629601912,-0.14065746898533213,0.27461751819054514,3.28097422236857,0.2914152926350998,-0.24271479355074355,0.7822528770104777,-0.14405878401463046,0.0,0.0,2.183185225460884,-0.02597554880098288,-0.8612912158775589,0.3294674580254493,0.9536919799837233,0.5493971881446129
1.3701653708658685,0.06457316506698858,-0.31378087963814716,-0.15879033316330265,-0.13453602051130606,-0.17453775587990636,-0.15121332895825654,-0.12323208933257893,-0.14065746898533213,0.27461751819054514,-0.8139906427056076,0.2914152926350998,-0.8496999851529042,-0.23855760955043356,1.5752620419646008,0.0,0.0,0.5252652158203036,-0.14067814331002018,0.18990449525929096,-0.5655811144211126,0.9536919799837233,0.5493971881446129
-0.6471771241633179,0.8858113669445872,-0.31378087963814716,-0.08688089992117157,-0.3261104062161668,-0.17453775587990636,-0.15836655315386958,-0.12188888650415249,0.09218726899288976,-1.995553965517959,-0.9953175001996671,0.2914152926350998,1.0009830623748743,-0.23855760955043356,-0.960302004429012,0.0,0.0,-0.706642614583663,-0.05997322495179775,1.5183936778193632,-0.8631154759356807,0.9536919799837233,0.5493971881446129
-0.0035894780393671477,-0.75666503681061,-0.31378087963814716,-0.14440844651487644,-0.34301402848424273,-0.17453775587990636,-0.16449788817868072,-0.12726169781785823,-0.14065746898533213,0.27461751819054514,-0.9650963572839906,0.2914152926350998,1.0009830623748743,-0.23855760955043356,1.5752620419646008,0.0,0.0,-0.6225255600847137,-0.13703791220339503,-0.8612912158775589,-0.03001926369489107,0.9536919799837233,-1.8201767711573702
-1.0732158394337876,-0.75666503681061,-0.31378087963814716,0.02817419326623818,0.26551637316649135,-0.1151257446135884,-0.018367736754014697,-0.10308404690618239,-0.14065746898533213,0.27461751819054514,1.4525950759701363,0.2914152926350998,0.46849486570443755,2.2172819355337445,-2.4949855061935677,0.0,0.0,-0.5438354123276321,0.08326093673867993,-1.3024883843945956,-0.09579001729284832,0.9536919799837233,0.5493971881446129
-0.007730802124620802,-1.5779032386882086,-0.31378087963814716,-0.16358429537944472,-0.2134195910956605,-0.14483175024674738,-0.15427899647066212,-0.12591849498943178,-0.14065746898533213,0.27461751819054514,-0.7233272139585779,0.2914152926350998,0.5383123004929298,-0.23855760955043356,-0.11511398896447443,0.0,0.0,1.3637223074388622,-0.1489495954263421,-0.8612912158775589,-0.03001926369489107,-1.0485565790508873,0.5493971881446129
0.16555772756771178,0.8858113669445872,-0.31378087963814716,-0.15879033316330265,0.02886566141342809,-0.1151257446135884,-0.10216264875976724,-0.12457529216100535,-0.14065746898533213,0.27461751819054514,-0.19445721293423762,0.2914152926350998,-0.037960657386814284,-0.23855760955043356,1.2071962932945606,0.0,0.0,0.6229495371739221,-0.13281155516118215,-0.5572324372941792,0.9072139750759969,0.9536919799837233,0.5493971881446129
0.381035996378566,0.06457316506698858,-0.31378087963814716,0.12405343758907963,1.9277058961939595,0.47899436804959117,0.12265296881664203,-0.0533855422544043,-0.12125374082048031,0.27461751819054514,-0.7384377854164161,0.2914152926350998,3.314336871784598,-0.23855760955043356,0.6975667951360444,0.0,0.0,1.7029039788055933,-0.08494033945944823,-1.2076488261201908,-0.8230627734241045,0.9536919799837233,0.5493971881446129
-1.305000571830328,0.06457316506698858,-0.31378087963814716,-0.14440844651487644,-0.26976499865591363,-0.17453775587990636,-0.1450819939334454,-0.12457529216100535,-0.14065746898533213,0.27461751819054514,-0.028240926898016407,0.2914152926350998,0.2780599969343358,-0.23855760955043356,0.012243109256209316,0.0,0.0,0.30276203940372814,-0.14731064652195044,-1.5576287384669998,0.8173422946459127,0.9536919799837233,0.5493971881446129
1.494405093423478,0.8858113669445872,-0.31378087963814716,-0.1492024087310185,-0.2641304578998883,-0.17453775587990636,-0.15836655315386958,-0.12591849498943178,-0.14065746898533213,0.27461751819054514,-0.7082166425007396,0.2914152926350998,0.7916796224758991,-0.23855760955043356,0.3527579481676808,0.0,0.0,1.0462482630396022,-0.15006327984083437,-0.45137039484202884,-0.29780018905800265,0.9536919799837233,0.5493971881446129
-0.10259300695246232,0.8858113669445872,-0.31378087963814716,-0.15399637094716057,-0.20215050958360986,-0.1151257446135884,-0.15632277481226584,-0.12591849498943178,-0.14065746898533213,0.27461751819054514,-0.6628849281272247,0.2914152926350998,0.692535887786911,-0.23855760955043356,0.8391305446245203,0.0,0.0,0.05583778264874807,-0.1388188994292195,0.25366429330206547,1.1188472870565207,0.9536919799837233,0.5493971881446129
-0.9030333028053952,0.8858113669445872,-0.31378087963814716,-0.16358429537944472,-0.365552191508344,-0.17453775587990636,-0.16347599900787887,-0.12726169781785823,-0.14065746898533213,0.27461751819054514,0.30419164517442604,0.2914152926350998,0.395996452762123,-0.23855760955043356,-0.7067455997896503,0.0,0.0,-0.687648440987126,-0.14681197009871957,0.525188694702774,0.2856803535753021,-1.0485565790508873,0.5493971881446129
-1.7245684682175888,-0.75666503681061,-0.31378087963814716,-0.13961448429873435,-0.3599176507523187,-0.17453775587990636,-0.16143222066627516,-0.12726169781785823,-0.14065746898533213,0.27461751819054514,0.8028405032830896,0.2914152926350998,-0.4557593002171904,-0.23855760955043356,-0.6532610456860356,0.0,0.0,-0.527554692102029,-0.15060317338723153,-1.1699181340241418,-0.2789718427434082,0.9536919799837233,0.5493971881446129
-1.690273128136582,0.06457316506698858,5.6026619786709935,1.8978194575616465,3.3363410852002886,1.0137024694464527,4.884656504753311,7.1300631841701705,1.7997153474998502,0.27461751819054514,2.102349648657183,0.2914152926350998,-1.4646665394876552,8.930881236885055,-2.0503575757757995,0.0,0.0,1.3800030276644655,-0.025254044001569602,-2.5432043536965194,-1.5015630404566584,0.9536919799837233,0.5493971881446129
1.6310687882368486,0.06457316506698858,-0.31378087963814716,-0.15879033316330265,-0.1739778058034833,-0.026007727714111476,-0.08070297617292818,-0.12591849498943178,-0.14065746898533213,0.27461751819054514,-0.9046540714526374,0.2914152926350998,-0.2878854885819716,-0.23855760955043356,-3.7494224554619864,0.0,0.0,0.5496862961587082,-0.1431980327256584,0.17886163122310664,0.71976732732182,0.9536919799837233,0.5493971881446129
-0.0037188944170313243,0.8858113669445872,-0.31378087963814716,-0.16358429537944472,-0.34864856924026805,-0.17453775587990636,-0.16347599900787887,-0.12726169781785823,-0.14065746898533213,0.27461751819054514,-0.3455629275126206,0.2914152926350998,0.7170714584927718,-0.23855760955043356,-0.18012845169251598,0.0,0.0,-0.022852365108333494,-0.15217321209790702,-0.8612912158775589,0.330455058909297,-1.0485565790508873,0.5493971881446129
-1.3470608945711855,0.8858113669445872,0.34360166017397953,-0.005383542246756328,-0.24159229487578707,-0.14483175024674738,-0.15632277481226584,-0.12457529216100535,-0.10185001265562847,0.27461751819054514,-0.3304523560547823,0.2914152926350998,-0.09143401429082827,-0.23855760955043356,0.06827586344764247,0.0,0.0,2.047512556914192,-0.1510551825591134,-0.4616244828756293,0.4651228247123712,0.9536919799837233,0.5493971881446129
-0.10311067246311903,0.8858113669445872,-0.31378087963814716,-0.15879033316330265,-0.2866686209239896,-0.17453775587990636,-0.15938844232467142,-0.12726169781785823,-0.14065746898533213,0.27461751819054514,-0.2700100702234291,0.2914152926350998,1.105634782324362,-0.23855760955043356,1.1749098241129776,0.0,0.0,-0.351180222991329,-0.138492385104485,0.25366429330206547,0.989427417073444,0.9536919799837233,0.5493971881446129
0.37974183260192423,-1.5779032386882086,-0.31378087963814716,-0.16358429537944472,-0.365552191508344,-0.17453775587990636,-0.1604103314954733,-0.12726169781785823,-0.14065746898533213,0.27461751819054514,1.6188113620063576,0.2914152926350998,-1.1770394405456175,-0.23855760955043356,-2.123596498241466,0.0,0.0,-0.6795080808743245,-0.147813659261905,0.22490829069474474,-0.9878510351860182,-1.0485565790508873,0.5493971881446129
-1.4927837358210483,0.8858113669445872,-0.31378087963814716,0.05214400434694854,0.44582167735930145,-0.1151257446135884,0.03885805681088948,-0.09636803276405022,-0.08244628449077665,0.27461751819054514,-0.7988800712477694,0.2914152926350998,0.03280165325154548,-0.23855760955043356,0.5379858411672146,0.0,0.0,0.22949879838851428,-0.09228239969387829,-0.6297126490264175,2.440868365791996,0.9536919799837233,0.5493971881446129
0.17927586360011452,-0.75666503681061,-0.31378087963814716,-0.005383542246756328,0.490898003407504,0.33046433988379625,0.03681427846928576,-0.061444759224962904,-0.12125374082048031,0.27461751819054514,-0.37578407042829715,0.2914152926350998,-1.5128614105170246,2.6589220138316447,0.8906597494383247,0.0,0.0,2.628191578294035,-0.13557079171186082,-0.5572324372941792,-0.1424872523473969,0.9536919799837233,0.5493971881446129
-1.4657357128892354,0.8858113669445872,-0.31378087963814716,-0.08208693770502949,0.4232835143352002,-0.026007727714111476,-0.017345847583212837,-0.0842792073082123,-0.14065746898533213,0.27461751819054514,-0.6628849281272247,0.2914152926350998,-0.03451816659900169,-0.23855760955043356,0.10299904728443846,0.0,0.0,2.134343064784075,-0.13406090804659807,-0.5668106997522169,-0.7556191904852553,0.9536919799837233,0.5493971881446129
0.14989834587034642,0.06457316506698858,2.3157492796103596,-0.16358429537944472,-0.33737948772821746,-0.17453775587990636,-0.155300885641464,-0.12726169781785823,-0.14065746898533213,0.27461751819054514,-0.2397889273077525,0.2914152926350998,0.7850700401633001,-0.23855760955043356,-0.7454236954126044,0.0,0.0,0.9756984753953222,-0.15303573546808502,-0.23248505412478784,-0.9831378115974898,-1.0485565790508873,0.5493971881446129
-0.305259054374563,0.06457316506698858,-0.31378087963814716,-0.16358429537944472,-0.35428310999629337,-0.17453775587990636,-0.16449788817868072,-0.12726169781785823,-0.14065746898533213,-1.995553965517959,-0.5571109279223566,0.2914152926350998,-0.15569384232998779,-0.23855760955043356,0.9747337151871668,0.0,0.0,-0.671367720761523,-0.1367693941293477,1.3461489899198527,-0.5726279808780371,-1.0485565790508873,-1.8201767711573702
1.4073078712554872,0.06457316506698858,-0.31378087963814716,-0.10605674878573985,-0.2866686209239896,-0.17453775587990636,-0.1604103314954733,-0.12726169781785823,-0.14065746898533213,0.27461751819054514,-0.8593223570791225,0.2914152926350998,-0.5026969137414458,-0.23855760955043356,0.30748001876779374,0.0,0.0,-0.261636261750512,-0.14147528715587288,-0.9421468236501976,-1.2796635820560756,0.9536919799837233,0.5493971881446129
-0.6181878555665423,0.06457316506698858,-0.31378087963814716,-0.16358429537944472,-0.33737948772821746,-0.14483175024674738,-0.16449788817868072,-0.12726169781785823,-0.14065746898533213,-1.995553965517959,-0.4815580706331652,0.2914152926350998,0.3412488278395088,-0.23855760955043356,0.7792128646084651,0.0,0.0,-0.671367720761523,-0.11904720124222076,0.01712614564697976,1.0161945842354028,-1.0485565790508873,-1.8201767711573702
-0.3050002216192347,0.06457316506698858,-0.31378087963814716,-0.16358429537944472,-0.3204758654601415,-0.17453775587990636,-0.162454109837077,-0.12726169781785823,-0.14065746898533213,-1.995553965517959,-0.421115784801812,0.2914152926350998,0.3003673372393577,-0.23855760955043356,0.3614281899676579,0.0,0.0,-0.671367720761523,-0.10132500835509388,1.3461489899198527,-0.7479000423279114,-1.0485565790508873,0.5493971881446129
1.2725854221070791,0.06457316506698858,-0.31378087963814716,-0.16358429537944472,-0.24722683563181239,-0.17453775587990636,-0.16347599900787887,-0.12591849498943178,-0.14065746898533213,-1.995553965517959,-0.6628849281272247,0.2914152926350998,-0.08629322804769603,-0.23855760955043356,0.4710647959544775,0.0,0.0,0.15352210400236657,-0.14425209779280124,-1.2083802365953147,0.1513807180027,-1.0485565790508873,0.5493971881446129
-0.09508685704794007,0.8858113669445872,-0.31378087963814716,-0.16358429537944472,-0.3599176507523187,-0.17453775587990636,-0.16449788817868072,-0.12726169781785823,-0.14065746898533213,0.27461751819054514,-1.0708703574888587,0.2914152926350998,3.314336871784598,-0.23855760955043356,1.5752620419646008,0.0,0.0,-0.671367720761523,-0.14267679175838996,0.25366429330206547,-0.03001926369489107,-1.0485565790508873,-1.8201767711573702
-0.8885386685070074,0.06457316506698858,-0.31378087963814716,0.056937966563090615,0.1753637210700863,0.1522283060848424,-0.014280180070807256,-0.056071947911257164,-0.14065746898533213,0.27461751819054514,-0.05846206981369299,0.2914152926350998,0.03203665529869844,-0.23855760955043356,-0.35319512008124565,0.0,0.0,-0.6686542673905891,0.3973031100370323,0.15759187832582447,0.5772022712834307,0.9536919799837233,0.5493971881446129
0.17099321542960721,0.06457316506698858,-0.31378087963814716,-0.053323164408177054,0.07394198746163062,-0.14483175024674738,-0.08479053285613562,-0.09636803276405022,-0.14065746898533213,0.27461751819054514,-0.6175532137537099,0.2914152926350998,-0.18047977600223447,2.2338132066593066,-0.10268475344293758,0.0,0.0,0.9838388355081238,-0.13541329341576247,-0.5572324372941792,1.1277394430220875,0.9536919799837233,0.5493971881446129
-0.6388944759928106,-2.399141440565807,-0.31378087963814716,-0.16358429537944472,-0.34864856924026805,-0.17453775587990636,-0.162454109837077,-0.12726169781785823,-0.14065746898533213,-1.995553965517959,1.633921933464196,0.2914152926350998,-0.6954763978589225,-0.23855760955043356,-1.5422347363882016,0.0,0.0,0.411300174241082,-0.1530460120672501,1.5183936778193632,-0.5831405193629559,-1.0485565790508873,0.5493971881446129
-0.00902496590126257,0.06457316506698858,2.3157492796103596,-0.16358429537944472,-0.365552191508344,-0.17453775587990636,-0.1604103314954733,-0.12726169781785823,-0.14065746898533213,0.27461751819054514,0.3193022166322643,0.2914152926350998,0.29856472388137667,-0.23855760955043356,0.030152701193493305,0.0,0.0,-0.6632273606487213,-0.14919529948698837,-0.8612912158775589,0.20428904599783093,-1.0485565790508873,0.5493971881446129
-0.1876195670778264,0.8858113669445872,-0.31378087963814716,-0.1492024087310185,-0.15143964277938202,-0.1151257446135884,-0.12975365637141748,-0.12591849498943178,-0.14065746898533213,0.27461751819054514,0.03220135893333676,0.2914152926350998,-0.798292122721577,-0.23855760955043356,-0.3511080452305461,0.0,0.0,-0.003858191511796564,-0.13246915614938307,-0.3264081370708519,-0.15173786613266815,0.9536919799837233,0.5493971881446129
-0.5679743010328417,0.06457316506698858,-0.31378087963814716,-0.1492024087310185,-0.16834326504745797,-0.17453775587990636,-0.1471257722750491,-0.12457529216100535,-0.14065746898533213,-1.995553965517959,0.44018678829497065,0.2914152926350998,0.45719469938375723,-0.23855760955043356,-0.39955226339965605,0.0,0.0,2.2320273861376934,-0.149446583201891,-0.0044208516090499346,-0.8951576379449417,0.9536919799837233,0.5493971881446129
-1.2886941082446417,0.06457316506698858,-0.31378087963814716,-0.15879033316330265,-0.3261104062161668,-0.17453775587990636,-0.16449788817868072,-0.12726169781785823,-0.14065746898533213,0.27461751819054514,-0.8895434999947991,0.2914152926350998,-0.044933266000673315,-0.23855760955043356,1.5752620419646008,0.0,0.0,-0.6605139072777876,-0.11353363012178129,-1.5576287384669998,1.024368129922358,0.9536919799837233,-1.8201767711573702
1.407178454877823,0.06457316506698858,-0.31378087963814716,-0.12043863543416607,-0.34301402848424273,-0.14483175024674738,-0.16347599900787887,-0.12726169781785823,-0.14065746898533213,0.27461751819054514,-0.08868321272936958,0.2914152926350998,0.769647681433902,-0.23855760955043356,-1.5666325372622676,0.0,0.0,-0.6605139072777876,-0.12889286395729127,-0.9421468236501976,-1.9588181029045448,0.9536919799837233,0.5493971881446129
-0.9572587650466852,-0.75666503681061,-0.31378087963814716,0.19596287083121072,0.7669905004527444,0.627524396215386,0.11039029876701971,-0.01174625457318481,-0.14065746898533213,0.27461751819054514,-0.08868321272936958,0.2914152926350998,-0.15569384232998779,-0.23855760955043356,0.0869961886466103,0.0,0.0,-0.6578004539068537,0.8463359080715952,0.525188694702774,1.2739574163341714,0.9536919799837233,0.5493971881446129
-0.4003800919577329,-1.5779032386882086,1.0009841999861062,-0.16358429537944472,-0.30357224319206555,-0.17453775587990636,-0.13997254807943607,-0.12726169781785823,-0.14065746898533213,0.27461751819054514,0.198417644969558,0.2914152926350998,-0.5952310661178347,-0.23855760955043356,-1.277247510228214,0.0,0.0,0.5795342832389806,-0.15070697087630783,0.10425151138888096,-0.9033502361859457,-1.0485565790508873,0.5493971881446129
-0.7973001222537628,-0.75666503681061,-0.31378087963814716,0.004204382185527817,-0.30920678394809087,-0.17453775587990636,-0.13792876973783236,-0.09771123559247666,-0.12125374082048031,-1.995553965517959,-0.6326637852115481,0.2914152926350998,0.7507981318757485,-0.23855760955043356,1.2295033083654707,0.0,0.0,-0.5709699460369706,-0.12767387714494918,-0.6862124609088535,0.6516049099566632,0.9536919799837233,0.5493971881446129
0.45389741700349745,0.8858113669445872,-0.31378087963814716,-0.16358429537944472,-0.3261104062161668,-0.17453775587990636,-0.15427899647066212,-0.12726169781785823,-0.14065746898533213,0.27461751819054514,-1.0859809289466968,0.2914152926350998,1.9263245861387635,-0.23855760955043356,1.5752620419646008,0.0,0.0,-0.7310636949220676,0.15269308969372505,0.16008876236159203,-2.5293079004172583,-1.0485565790508873,0.5493971881446129
-0.3248009274018537,0.8858113669445872,-0.31378087963814716,-0.13961448429873435,-0.35428310999629337,-0.17453775587990636,-0.16449788817868072,-0.12726169781785823,-0.14065746898533213,-1.995553965517959,-0.9650963572839906,0.2914152926350998,0.5383123004929298,-0.23855760955043356,1.5752620419646008,0.0,0.0,-0.07440797915607658,-0.15261850971946114,-0.40108592467725723,0.48119886654377464,0.9536919799837233,-1.8201767711573702
1.1300979902988206,0.8858113669445872,-0.31378087963814716,-0.15399637094716057,-0.35428310999629337,-0.17453775587990636,-0.16347599900787887,-0.12726169781785823,-0.14065746898533213,0.27461751819054514,-0.829101214163446,0.2914152926350998,1.579321514727305,-0.23855760955043356,1.0047601315260373,0.0,0.0,-0.7310636949220676,-0.0392973332501497,-0.8039532679973672,-0.686082530834512,0.9536919799837233,0.5493971881446129
0.7291660522952013,0.8858113669445872,-0.31378087963814716,-0.1492024087310185,-0.33174494697219215,-0.17453775587990636,-0.16143222066627516,-0.12726169781785823,-0.14065746898533213,0.27461751819054514,-0.421115784801812,0.2914152926350998,1.0009830623748743,-0.23855760955043356,-0.3668721212305073,0.0,0.0,-0.5601161325532352,-0.13844462629280743,-0.7418753830924125,0.727743780417741,0.9536919799837233,0.5493971881446129
-0.2465040189150268,0.8858113669445872,-0.31378087963814716,-0.16358429537944472,-0.34301402848424273,-0.17453775587990636,-0.16449788817868072,-0.12726169781785823,-0.14065746898533213,0.27461751819054514,-0.8593223570791225,0.2914152926350998,0.6539799909634157,-0.23855760955043356,0.30748001876779374,0.0,0.0,-0.7256367881801998,-0.02649797172055805,-0.8603242518026359,-0.03001926369489107,-1.0485565790508873,-1.8201767711573702
0.4898751699941386,-1.5779032386882086,-0.31378087963814716,-0.16358429537944472,-0.365552191508344,-0.17453775587990636,-0.16449788817868072,-0.12726169781785823,-0.14065746898533213,0.27461751819054514,1.4223739330544598,0.2914152926350998,-0.5928901723821228,-0.23855760955043356,-1.2603687554815113,0.0,0.0,-0.7256367881801998,-0.12889286395729127,0.09826072687203845,0.41364144104872513,-1.0485565790508873,-1.8201767711573702
0.8697122384384972,0.8858113669445872,-0.31378087963814716,-0.1348205220825923,-0.365552191508344,-0.17453775587990636,-0.16449788817868072,-0.12726169781785823,-0.14065746898533213,0.27461751819054514,-0.9953175001996671,0.2914152926350998,1.0009830623748743,-0.23855760955043356,1.5752620419646008,0.0,0.0,-0.7256367881801998,-0.12889286395729127,-0.4594159100683915,-0.4465673698152859,0.9536919799837233,-1.8201767711573702
-0.9031627191830593,0.8858113669445872,-0.31378087963814716,-0.16358429537944472,-0.365552191508344,-0.17453775587990636,-0.16449788817868072,-0.12726169781785823,-0.14065746898533213,0.27461751819054514,-0.028240926898016407,0.2914152926350998,0.168175690987374,-0.23855760955043356,0.7937525756104045,0.0,0.0,-0.7229233348092661,-0.13254982439431745,0.525188694702774,-0.004341640714867469,-1.0485565790508873,-1.8201767711573702
-1.1283472163187267,0.8858113669445872,0.34360166017397953,-0.11085071100188193,1.0599866197660608,0.033404283552206475,-0.08376864368533377,-0.111143263876741,-0.14065746898533213,0.27461751819054514,0.4099656453792941,0.2914152926350998,-0.2672841930621817,-0.23855760955043356,0.6803570844139145,0.0,0.0,1.5021084293564886,-0.10731812396666157,-1.2549162280750763,1.4585276449412248,0.9536919799837233,0.5493971881446129
0.27672639598123955,-2.399141440565807,-0.31378087963814716,-0.16358429537944472,-0.2641304578998883,-0.14483175024674738,-0.155300885641464,-0.12726169781785823,-0.14065746898533213,0.27461751819054514,1.2712682184760769,0.2914152926350998,-0.926476510131865,-0.23855760955043356,-1.4387103150693172,0.0,0.0,-0.7174964280673983,0.16975890506651392,1.9915405920719578,0.20576268316570964,-1.0485565790508873,0.5493971881446129
-0.12524087304369325,-0.75666503681061,-0.31378087963814716,-0.16358429537944472,-0.35428310999629337,-0.17453775587990636,-0.16449788817868072,-0.12726169781785823,-0.14065746898533213,0.27461751819054514,0.36463393100577923,0.2914152926350998,-1.2898798072211433,-0.23855760955043356,-0.6145432708298834,0.0,0.0,-0.7174964280673983,-0.10329414089810797,-0.8463320514089613,-0.12468928781316194,-1.0485565790508873,-1.8201767711573702
-1.4143574109565573,0.8858113669445872,-0.31378087963814716,-0.07729297548888742,-0.29793770243604023,-0.17453775587990636,-0.15632277481226584,-0.12591849498943178,-0.14065746898533213,0.27461751819054514,-0.20956778439207593,0.2914152926350998,0.5082387009706029,-0.23855760955043356,0.6400130084587614,0.0,0.0,0.025989795568475752,-0.1474361085761343,-0.5269982379698451,0.33872824008381935,0.9536919799837233,0.5493971881446129
-1.0517327207415341,0.8858113669445872,-0.31378087963814716,-0.16358429537944472,-0.365552191508344,-0.17453775587990636,-0.16449788817868072,-0.12726169781785823,-0.14065746898533213,0.27461751819054514,-0.013130355440178116,0.2914152926350998,0.43035578938714275,-0.23855760955043356,-0.7375835408944386,0.0,0.0,-0.7120695213255306,-0.14052864716601093,-1.3024883843945956,0.5019239258777759,-1.0485565790508873,-1.8201767711573702
-0.08123930463787317,-0.75666503681061,-0.31378087963814716,-0.1348205220825923,-0.13453602051130606,-0.17453775587990636,-0.11953476466339888,-0.12457529216100535,0.732510298433,0.27461751819054514,0.6517347887047068,0.2914152926350998,-0.10499997798798458,0.24004538325784378,-0.6487284563552211,0.0,0.0,-0.13681740668755507,-0.1255638820347966,-0.8612912158775589,-0.03001926369489107,0.9536919799837233,0.5493971881446129
-1.0519915534968625,0.06457316506698858,-0.31378087963814716,-0.16358429537944472,-0.365552191508344,-0.17453775587990636,-0.16449788817868072,-0.12726169781785823,-0.14065746898533213,0.27461751819054514,-0.6628849281272247,0.2914152926350998,-0.15569384232998726,-0.23855760955043356,-0.6331324500556433,0.0,0.0,-0.7093560679545968,-0.14169222548688293,-1.3024883843945956,-1.7835524201049398,-1.0485565790508873,-1.8201767711573702
1.272456005729415,0.06457316506698858,-0.31378087963814716,-0.1492024087310185,-0.30357224319206555,-0.17453775587990636,-0.162454109837077,-0.12457529216100535,-0.14065746898533213,-1.995553965517959,0.3344127880901026,0.2914152926350998,-1.2462749239088566,-0.23855760955043356,-1.012581675488674,0.0,0.0,-0.6252390134556475,-0.11162860887086533,-1.2083802365953147,-0.35853400718159456,0.9536919799837233,0.5493971881446129
0.03950617572280369,0.06457316506698858,-0.31378087963814716,-0.1348205220825923,-0.16270872429143265,-0.1151257446135884,-0.14916955061665282,-0.12457529216100535,-0.14065746898533213,0.27461751819054514,-0.08868321272936958,0.2914152926350998,-0.45708391080293587,-0.23855760955043356,-0.4090924291260528,0.0,0.0,-0.296911155572652,-0.11983965702172644,0.7937221444573845,-0.3560134337021562,0.9536919799837233,0.5493971881446129
1.130356823054149,0.8858113669445872,0.34360166017397953,-0.08208693770502949,0.10774923199778251,-0.05571373334727045,0.007179492516031811,-0.09636803276405022,-0.14065746898533213,0.27461751819054514,-0.31534178459694395,0.2914152926350998,0.009545715484992879,-0.23855760955043356,-0.11511398896447443,0.0,0.0,1.5183891495820916,-0.1388188994292195,-0.8039532679973672,-0.6201290806987836,0.9536919799837233,0.5493971881446129
-0.3610375131478232,0.8858113669445872,0.34360166017397953,0.1815809841827845,0.6937414706244154,-0.14483175024674738,0.07155851027654901,0.15078128766641383,0.3250320069711116,0.27461751819054514,-0.0433514983558547,0.2914152926350998,0.20002186031171562,-0.23855760955043356,1.0998437832657988,0.0,0.0,1.8521439142069547,-0.1241265745174015,0.25910696682602397,1.2456593112988172,0.9536919799837233,0.5493971881446129
0.12142674278422753,-0.75666503681061,-0.31378087963814716,-0.16358429537944472,-0.34301402848424273,-0.17453775587990636,-0.162454109837077,-0.12726169781785823,-0.14065746898533213,0.27461751819054514,-0.39089464188613543,0.2914152926350998,-1.111880083552673,-0.23855760955043356,-0.28760133905927765,0.0,0.0,1.0272540894430653,-0.1533137316609907,0.43836893607345584,0.8115779303034574,-1.0485565790508873,0.5493971881446129
-1.7517459075270658,0.06457316506698858,-0.31378087963814716,0.5986556969871448,0.9416612638895292,0.18193431171800137,-0.013258290900005396,-0.06681757053866864,1.2176035025542955,0.27461751819054514,1.7396959336690638,0.2914152926350998,0.2205585301199846,-0.190090338736444,-1.1871682612115984,0.0,0.0,3.5019235637347337,-0.13160986397508181,-1.1699181340241418,0.4139333230913183,0.9536919799837233,0.5493971881446129
0.17086379905194304,-0.75666503681061,-0.31378087963814716,0.5986556969871448,0.9416612638895292,0.18193431171800137,-0.013258290900005396,-0.06681757053866864,1.2176035025542955,0.27461751819054514,0.9388356464036344,0.2914152926350998,0.20673158781086926,-0.190090338736444,-0.5068617187600813,0.0,0.0,3.5019235637347337,-0.13160986397508181,-0.5572324372941792,0.2299432404897347,0.9536919799837233,0.5493971881446129
0.7014709474750674,0.8858113669445872,-0.31378087963814716,-0.16358429537944472,-0.365552191508344,-0.17453775587990636,-0.16449788817868072,-0.12726169781785823,-0.14065746898533213,0.27461751819054514,-0.5571109279223566,0.2914152926350998,0.7182398190025748,-0.23855760955043356,-0.5265871017564207,0.0,0.0,-0.7012157078417952,-0.14425209779280124,2.6855336471000912,0.01930880150357646,-1.0485565790508873,-1.8201767711573702
1.5619604425641784,-1.5779032386882086,2.3157492796103596,-0.15399637094716057,-0.13453602051130606,-0.14483175024674738,-0.03982740934085376,-0.11785927801887318,-0.14065746898533213,0.27461751819054514,-0.2700100702234291,0.2914152926350998,-0.868977933564652,-0.23855760955043356,0.17402927948391939,0.0,0.0,0.45471542817602356,-0.1398637452683698,-0.07111393835390431,0.331719881093873,0.9536919799837233,0.5493971881446129
0.8954660975936684,0.8858113669445872,-0.31378087963814716,-0.16358429537944472,-0.34864856924026805,-0.17453775587990636,-0.16449788817868072,-0.12726169781785823,-0.14065746898533213,0.27461751819054514,-0.6175532137537099,0.2914152926350998,1.0450469444588688,-0.23855760955043356,1.5752620419646008,0.0,0.0,-0.5356950522148306,-0.1464077797346272,0.12066573775241146,1.1828708100086116,-1.0485565790508873,-1.8201767711573702
-0.7429452436348086,0.8858113669445872,-0.31378087963814716,-0.16358429537944472,-0.30920678394809087,-0.17453775587990636,-0.16347599900787887,-0.12726169781785823,-0.14065746898533213,0.27461751819054514,-0.4815580706331652,0.2914152926350998,0.31749216414018294,-0.23855760955043356,1.0445625903938436,0.0,0.0,-0.3593205831041305,-0.14250920601004835,0.9627557498998675,0.3187186856152074,-1.0485565790508873,0.5493971881446129
1.0283767174547778,0.06457316506698858,-0.31378087963814716,0.004204382185527817,-0.13453602051130606,-0.05571373334727045,-0.10114075958896539,-0.018462268715316983,1.1981997743894437,2.544789001899049,-0.4513369277174886,0.2914152926350998,0.6374560351819175,-0.23855760955043356,-0.19963279051092833,0.0,0.0,0.6365168040285913,-0.14179300786113166,-0.8936620082071127,-0.03001926369489107,0.9536919799837233,0.5493971881446129
0.6871057295543439,0.8858113669445872,-0.31378087963814716,-0.16358429537944472,-0.35428310999629337,-0.17453775587990636,-0.16449788817868072,-0.12726169781785823,-0.14065746898533213,0.27461751819054514,-0.934875214368314,0.2914152926350998,3.314336871784598,-0.23855760955043356,1.5752620419646008,0.0,0.0,-0.6767946275033906,-0.1352925447220871,0.4406937495547577,-2.337054928361692,-1.0485565790508873,-1.8201767711573702
0.5777488904281146,0.8858113669445872,-0.31378087963814716,-0.16358429537944472,-0.2810340801679643,-0.17453775587990636,-0.1522352181290584,-0.12726169781785823,-0.14065746898533213,0.27461751819054514,0.18330707351171968,0.2914152926350998,0.05010451603957863,-0.23855760955043356,-0.5231357895335617,0.0,0.0,-0.6686542673905891,-0.06347390502826727,-0.8053730648020195,-0.3532031391331285,-1.0485565790508873,0.5493971881446129
-0.8080416815998894,0.06457316506698858,-0.31378087963814716,0.042556079914664396,-0.08382515370707823,-0.14483175024674738,-0.14099443725023794,-0.12457529216100535,1.4504482405325174,-1.995553965517959,-0.5873320708380333,0.2914152926350998,-0.929014972904095,-0.23855760955043356,1.258316536165399,0.0,0.0,-0.49499325165082286,-0.06841236442185819,-0.6862124609088535,-0.8631154759356807,0.9536919799837233,0.5493971881446129
-1.5462326997963534,0.06457316506698858,-0.31378087963814716,-0.14440844651487644,-0.26976499865591363,-0.17453775587990636,-0.15938844232467142,-0.12591849498943178,-0.14065746898533213,0.27461751819054514,-0.8442117856212842,0.2914152926350998,0.35324399574015175,-0.23855760955043356,0.37420538840973155,0.0,0.0,0.7396280321240775,-0.14942810333443832,0.1997550234776168,-0.32598765488569786,0.9536919799837233,0.5493971881446129
1.4528624361932774,0.06457316506698858,-0.31378087963814716,-0.16358429537944472,-0.29793770243604023,-0.17453775587990636,-0.15836655315386958,-0.12726169781785823,-0.14065746898533213,2.544789001899049,-0.36067349897045886,0.2914152926350998,-0.34048674781974014,-0.23855760955043356,-0.43827411252444526,0.0,0.0,-0.33218604939479207,-0.14126840556868453,-1.455640001332804,-0.6180871782178008,-1.0485565790508873,0.5493971881446129
1.5475952246434548,0.06457316506698858,-0.31378087963814716,5.1385379156736875,4.95908882293558,0.09281629481852444,1.6207424932121692,0.1494380848379874,-0.14065746898533213,0.27461751819054514,-0.9953175001996671,0.2914152926350998,0.692535887786911,0.03174063152759478,1.5752620419646008,0.0,0.0,0.33803693322586814,0.21057964937529533,-0.07111393835390431,1.0113510016060951,0.9536919799837233,0.5493971881446129
-0.9034215519383877,0.06457316506698858,-0.31378087963814716,-0.16358429537944472,-0.365552191508344,-0.17453775587990636,-0.16449788817868072,-0.12726169781785823,-0.14065746898533213,0.27461751819054514,-0.7384377854164161,0.2914152926350998,1.2370395735391315,-0.23855760955043356,0.6975667951360444,0.0,0.0,-0.7364906016639352,-0.07769541783892465,0.525188694702774,1.9886369428885595,-1.0485565790508873,-1.8201767711573702
0.12129732640656336,0.8858113669445872,-0.31378087963814716,-0.16358429537944472,-0.365552191508344,-0.17453775587990636,-0.16449788817868072,-0.12726169781785823,-0.14065746898533213,0.27461751819054514,-0.0433514983558547,0.2914152926350998,0.6912340003617021,-0.23855760955043356,0.30748001876779374,0.0,0.0,-0.7310636949220676,-0.11609350242769961,0.43836893607345584,-0.08208777695994021,-1.0485565790508873,-1.8201767711573702
1.2003710833704686,0.8858113669445872,-0.31378087963814716,-0.16358429537944472,-0.35428310999629337,-0.17453775587990636,-0.162454109837077,-0.12726169781785823,-0.14065746898533213,0.27461751819054514,-0.5420003564645184,0.2914152926350998,0.06224711990931588,-0.23855760955043356,1.2826969596884157,0.0,0.0,-0.07169452578514274,-0.15262609302835595,-0.8865596275407771,0.7389926245273766,-1.0485565790508873,0.5493971881446129
-0.8191714900790087,0.06457316506698858,-0.31378087963814716,-0.019765428895182544,-0.044383368414901016,-0.026007727714111476,-0.15427899647066212,-0.11517287236202031,0.7713177547627036,-1.995553965517959,-0.08868321272936958,0.2914152926350998,0.6239920712118078,-0.23855760955043356,-0.9051810468987159,0.0,0.0,-0.40273583703907206,-0.08322474201970825,-0.6862124609088535,0.323141087146313,0.9536919799837233,0.5493971881446129
-1.2861057806913583,0.8858113669445872,-0.31378087963814716,-0.16358429537944472,-0.365552191508344,-0.17453775587990636,-0.16449788817868072,-0.12726169781785823,-0.14065746898533213,0.27461751819054514,4.459598796079956,0.2914152926350998,-0.21881070900086097,-0.23855760955043356,-1.7552355973524154,0.0,0.0,-0.7283502415511337,-0.12377311934545461,-1.5576287384669998,0.34487403181346443,-1.0485565790508873,-1.8201767711573702
-1.2867528625796791,0.8858113669445872,-0.31378087963814716,-0.15879033316330265,-0.3261104062161668,-0.17453775587990636,-0.16449788817868072,-0.12726169781785823,-0.14065746898533213,0.27461751819054514,-0.934875214368314,0.2914152926350998,3.314336871784598,-0.23855760955043356,-1.0578236985210738,0.0,0.0,-0.7283502415511337,0.09125615435168515,-1.5576287384669998,-0.17420899273656562,0.9536919799837233,-1.8201767711573702
-1.364402689178185,-1.5779032386882086,-0.31378087963814716,-0.16358429537944472,-0.365552191508344,-0.17453775587990636,-0.16449788817868072,-0.12726169781785823,-0.14065746898533213,0.27461751819054514,0.7877299318252514,0.2914152926350998,-0.427319115454242,-0.23855760955043356,-0.8504941126560599,0.0,0.0,-0.7256367881801998,-0.12889286395729127,-0.12446840774978787,-0.9598727131841185,-1.0485565790508873,-1.8201767711573702
1.5782669061498646,-1.5779032386882086,-0.31378087963814716,-0.16358429537944472,-0.33174494697219215,-0.17453775587990636,-0.16449788817868072,-0.12726169781785823,-0.14065746898533213,0.27461751819054514,-0.3304523560547823,0.2914152926350998,-1.5106582164128248,-0.23855760955043356,-1.223426575281179,0.0,0.0,-0.1503846735422243,-0.1495597229408521,-0.07111393835390431,-1.5154455289166764,-1.0485565790508873,-1.8201767711573702
-0.2265738967547436,0.8858113669445872,-0.31378087963814716,-0.16358429537944472,-0.35428310999629337,-0.17453775587990636,-0.16449788817868072,-0.12726169781785823,-0.14065746898533213,0.27461751819054514,-0.13401492710288446,0.2914152926350998,0.8408277986465089,-0.23855760955043356,-1.1908078268284317,0.0,0.0,-0.7256367881801998,-0.07769541783892465,0.353181127794314,-0.6264404156400019,-1.0485565790508873,-1.8201767711573702
-0.04888521022182899,0.8858113669445872,0.34360166017397953,-0.10126278656959778,0.011962039145352142,-0.17453775587990636,-0.10829398378457841,-0.111143263876741,-0.14065746898533213,0.27461751819054514,-0.5571109279223566,0.2914152926350998,1.0255186330807349,-0.23855760955043356,0.07394122502101456,0.0,0.0,2.6580395653743074,-0.14615616881364393,-0.8612912158775589,0.4139333230913183,0.9536919799837233,0.5493971881446129
0.48974575361647443,0.06457316506698858,-0.31378087963814716,-0.16358429537944472,-0.34301402848424273,-0.17453775587990636,-0.15427899647066212,-0.12726169781785823,-0.14065746898533213,0.27461751819054514,-0.14912549856072274,0.2914152926350998,-0.021226169110854558,-0.23855760955043356,-1.0578236985210738,0.0,0.0,2.0855009041072656,-0.15375457963473224,0.09826072687203845,-0.808643800519937,-1.0485565790508873,0.5493971881446129
-0.2999529828903318,0.06457316506698858,-0.31378087963814716,-0.15879033316330265,-0.365552191508344,-0.17453775587990636,-0.16449788817868072,-0.12726169781785823,-0.14065746898533213,-1.995553965517959,-0.2548994987655908,0.2914152926350998,-1.0899328807454527,-0.23855760955043356,0.591638058449839,0.0,0.0,-0.7229233348092661,-0.13254982439431745,1.3461489899198527,0.6809852622692311,0.9536919799837233,-1.8201767711573702
-1.4355816968934823,0.8858113669445872,-0.31378087963814716,-0.16358429537944472,-0.34864856924026805,-0.17453775587990636,-0.15632277481226584,-0.12726169781785823,-0.14065746898533213,0.27461751819054514,-0.9197646429104757,0.2914152926350998,0.9624271655513791,-0.23855760955043356,-0.05474341643129381,0.0,0.0,0.5931015500936497,-0.1532428688184656,-0.5668106997522169,0.773323512394442,-1.0485565790508873,0.5493971881446129
-0.6960965149203766,0.8858113669445872,0.34360166017397953,-0.08688089992117157,-0.30920678394809087,-0.17453775587990636,-0.1450819939334454,-0.12323208933257893,-0.14065746898533213,0.27461751819054514,-0.934875214368314,0.2914152926350998,-0.5026969137414458,-0.23855760955043356,1.5752620419646008,0.0,0.0,-0.22636136792837203,-0.14559939900644248,-0.32224024759188413,-1.6161062831533162,0.9536919799837233,0.5493971881446129
0.8953366812160042,-0.75666503681061,-0.31378087963814716,-0.15879033316330265,-0.34864856924026805,-0.17453775587990636,-0.16449788817868072,-0.12726169781785823,-0.14065746898533213,0.27461751819054514,-0.8442117856212842,0.2914152926350998,0.3069769195519573,-0.23855760955043356,1.5752620419646008,0.0,0.0,-0.47057217131241824,-0.14834789348227057,0.12066573775241146,-1.805829610839732,0.9536919799837233,-1.8201767711573702
0.89520726483834,-1.5779032386882086,-0.31378087963814716,-0.16358429537944472,-0.3599176507523187,-0.17453775587990636,-0.16347599900787887,-0.12726169781785823,-0.14065746898533213,0.27461751819054514,0.3344127880901026,0.2914152926350998,-0.8114182953878321,-0.23855760955043356,-0.3068061161832353,0.0,0.0,-0.5546892258113675,-0.15003963518009486,0.12066573775241146,0.2791710831161241,-1.0485565790508873,0.5493971881446129
0.5320649091126602,0.06457316506698858,-0.31378087963814716,-0.16358429537944472,-0.26976499865591363,-0.1151257446135884,-0.1522352181290584,-0.12726169781785823,-0.14065746898533213,-1.995553965517959,-0.7686589283320927,0.2914152926350998,-1.0347682899056825,-0.23855760955043356,0.1490072658681935,0.0,0.0,1.0191137293302637,-0.15023170706209585,0.48190937141612833,-0.5767386529779096,-1.0485565790508873,0.5493971881446129
0.3979895418525731,0.06457316506698858,-0.31378087963814716,-0.16358429537944472,-0.3204758654601415,-0.14483175024674738,-0.16449788817868072,-0.12726169781785823,-0.14065746898533213,0.27461751819054514,-0.7082166425007396,0.2914152926350998,1.9153086156177652,-0.23855760955043356,1.5752620419646008,0.0,0.0,-0.7120695213255306,-0.028825128362301985,-1.2076488261201908,0.30470689300899795,-1.0485565790508873,-1.8201767711573702
0.3732710137187154,0.8858113669445872,-0.31378087963814716,-0.16358429537944472,-0.34864856924026805,-0.17453775587990636,-0.16449788817868072,-0.12726169781785823,-0.14065746898533213,0.27461751819054514,-0.829101214163446,0.2914152926350998,-0.10942676614179328,-0.23855760955043356,1.0047601315260373,0.0,0.0,-0.13410395331662123,-0.15174886668870494,0.22490829069474474,0.5323206795676414,-1.0485565790508873,-1.8201767711573702
1.5781374897722005,0.8858113669445872,-0.31378087963814716,-0.16358429537944472,-0.34301402848424273,-0.17453775587990636,-0.15836655315386958,-0.12726169781785823,-0.14065746898533213,0.27461751819054514,0.10775421622252823,0.2914152926350998,-0.4751569874389493,-0.23855760955043356,-0.23364645454791613,0.0,0.0,-0.7093560679545968,-0.0904947793685163,-0.07111393835390431,0.22143355646315144,-1.0485565790508873,0.5493971881446129
-0.19538454973767702,0.06457316506698858,2.9731318194224863,-0.02935335332746669,-0.23595775411976175,-0.17453775587990636,-0.06128708192769283,-0.09368162710719735,-0.14065746898533213,0.27461751819054514,0.198417644969558,0.2914152926350998,-0.02997407875908965,-0.23855760955043356,-0.4992903596301729,0.0,0.0,1.0218271827011975,-0.14882048529259395,-0.3264081370708519,0.7155071762364966,0.9536919799837233,0.5493971881446129
-1.2074206230715387,0.8858113669445872,-0.31378087963814716,-0.1492024087310185,-0.14017056126733138,-0.17453775587990636,-0.14099443725023794,-0.12726169781785823,-0.14065746898533213,0.27461751819054514,-0.6326637852115481,0.2914152926350998,1.7151851511529554,-0.23855760955043356,0.5379858411672146,0.0,0.0,1.5238160563239593,-0.1469499272888589,-0.8250350993391762,1.5036351270211077,0.9536919799837233,0.5493971881446129
1.13255690147444,-0.75666503681061,-0.31378087963814716,-0.16358429537944472,-0.30920678394809087,-0.17453775587990636,-0.16143222066627516,-0.12726169781785823,-0.14065746898533213,0.27461751819054514,0.561071359957677,0.2914152926350998,-0.38124583874743523,-0.23855760955043356,-0.7678708044794975,0.0,0.0,-0.706642614583663,-0.024528839177543955,-0.8039532679973672,-0.398218036069168,-1.0485565790508873,0.5493971881446129
-1.5292791543223463,0.8858113669445872,-0.31378087963814716,-0.16358429537944472,-0.34864856924026805,-0.17453775587990636,-0.16449788817868072,-0.12726169781785823,-0.14065746898533213,0.27461751819054514,-1.040649214573182,0.2914152926350998,0.07564153861098499,-0.23855760955043356,1.5752620419646008,0.0,0.0,-0.706642614583663,-0.10723240598413616,0.1997550234776168,-0.03001926369489107,-1.0485565790508873,-1.8201767711573702
-1.7765938520385878,0.06457316506698858,0.34360166017397953,0.19116890861506863,0.8909503970853014,-0.1151257446135884,0.020464051736455997,-0.041296716798566384,-0.12125374082048031,2.544789001899049,0.8330616461987663,0.2914152926350998,-1.0140698610846477,-0.23855760955043356,-0.2678979763753715,0.0,0.0,1.2741783461980454,-0.10818649443028028,-1.6917206589063898,0.18626532986762076,0.9536919799837233,0.5493971881446129
-1.565774572823644,0.8858113669445872,0.34360166017397953,0.7328866390391229,3.8885260792907697,1.6078225821096324,2.8664253924196372,2.45437413841775,1.5086594250270728,0.27461751819054514,1.6792536478377107,0.2914152926350998,-0.18009967949872102,-0.23855760955043356,-0.38775528427561523,0.0,0.0,1.689336711950924,-0.0248980515293591,0.1997550234776168,0.19169182504660912,0.9536919799837233,0.5493971881446129
-1.231750902072404,0.8858113669445872,-0.31378087963814716,-0.15879033316330265,-0.365552191508344,-0.17453775587990636,-0.16347599900787887,-0.12726169781785823,-0.14065746898533213,0.27461751819054514,1.0748307895241789,0.2914152926350998,0.17700623509856184,-0.23855760955043356,-1.160021090275084,0.0,0.0,-0.7039291612127291,-0.14352070570539602,0.08020828975698321,1.0997961474261788,0.9536919799837233,0.5493971881446129
0.5227469299208395,-0.75666503681061,-0.31378087963814716,-0.07249901327274534,-0.1739778058034833,-0.17453775587990636,-0.07968108700212632,-0.12457529216100535,-0.02423509999622118,-1.995553965517959,-0.6024426422958715,0.2914152926350998,-0.2842134984083053,-0.23855760955043356,0.9232598586062429,0.0,0.0,0.1209606635511604,-0.13758676990191956,0.48190937141612833,-0.4584687442758686,0.9536919799837233,0.5493971881446129
-0.903680384693716,0.8858113669445872,-0.31378087963814716,-0.16358429537944472,-0.365552191508344,-0.17453775587990636,-0.16347599900787887,-0.12726169781785823,-0.14065746898533213,0.27461751819054514,-0.572221499380195,0.2914152926350998,0.35527771337479747,-0.23855760955043356,0.033364986725242095,0.0,0.0,-0.617098653342846,-0.15115262313918978,0.525188694702774,1.793785957697107,-1.0485565790508873,0.5493971881446129
-0.9426347143706333,-0.75666503681061,-0.31378087963814716,-0.16358429537944472,-0.3261104062161668,-0.17453775587990636,-0.1604103314954733,-0.12726169781785823,-0.14065746898533213,0.27461751819054514,0.30419164517442604,0.2914152926350998,-0.6858374236530491,-0.23855760955043356,0.13399405769875822,0.0,0.0,-0.617098653342846,-0.12777987599819635,0.525188694702774,-0.3654501070444722,-1.0485565790508873,0.5493971881446129
1.43280289765533,-0.75666503681061,-0.31378087963814716,-0.16358429537944472,-0.365552191508344,-0.17453775587990636,-0.16449788817868072,-0.12726169781785823,-0.14065746898533213,0.27461751819054514,-0.19445721293423762,0.2914152926350998,-0.809767092014284,-0.23855760955043356,-0.2650667013856018,0.0,0.0,-0.7012157078417952,-0.14425209779280124,1.5923482278547976,-0.9067858418999154,-1.0485565790508873,-1.8201767711573702
1.113403277580142,0.8858113669445872,-0.31378087963814716,-0.16358429537944472,-0.34864856924026805,-0.17453775587990636,-0.16449788817868072,-0.12726169781785823,-0.14065746898533213,0.27461751819054514,-0.2700100702234291,0.2914152926350998,0.3441558200603279,-0.23855760955043356,-0.026146829441891527,0.0,0.0,-0.6985022544708615,-0.11609350242769961,2.3081001784106907,-0.35887303168467566,-1.0485565790508873,-1.8201767711573702
-0.4591351274172691,0.8858113669445872,-0.31378087963814716,-0.08208693770502949,0.10774923199778251,0.33046433988379625,-0.07354975197731516,-0.09368162710719735,0.07278354082803794,-1.995553965517959,-0.934875214368314,0.2914152926350998,-1.312370747034849,-0.23855760955043356,0.6975667951360444,0.0,0.0,1.531956416436761,-0.1389124118849907,0.22152724227200443,0.8351191105551596,0.9536919799837233,0.5493971881446129
0.27310273740664265,0.06457316506698858,-0.31378087963814716,-0.16358429537944472,-0.3599176507523187,-0.17453775587990636,-0.16449788817868072,-0.12726169781785823,-0.14065746898533213,0.27461751819054514,-0.4060052133439737,0.2914152926350998,0.25740505220746335,-0.23855760955043356,0.1490072658681935,0.0,0.0,-0.6930753477289937,-0.1374257716436857,1.9915405920719578,-0.06907064864367751,-1.0485565790508873,-1.8201767711573702
1.539053743717619,0.06457316506698858,-0.31378087963814716,-0.15399637094716057,-0.2866686209239896,-0.17453775587990636,-0.16143222066627516,-0.12726169781785823,-0.14065746898533213,0.27461751819054514,-0.11890435564504617,0.2914152926350998,0.2002067437330471,-0.23855760955043356,0.5534675755074727,0.0,0.0,-0.6903618943580598,-0.033234477788764184,-0.7390669220744036,0.4176145219867267,0.9536919799837233,0.5493971881446129
0.5864197877316144,0.8858113669445872,-0.31378087963814716,-0.16358429537944472,-0.35428310999629337,-0.14483175024674738,-0.16449788817868072,-0.12726169781785823,-0.14065746898533213,0.27461751819054514,0.198417644969558,0.2914152926350998,0.4612005068459388,-0.23855760955043356,-0.7586094098295207,0.0,0.0,-0.6903618943580598,-0.1302401651709325,-0.8053730648020195,-1.4145683664246114,-1.0485565790508873,-1.8201767711573702
1.3391054402264662,-1.5779032386882086,-0.31378087963814716,-0.16358429537944472,-0.33174494697219215,-0.17453775587990636,-0.1604103314954733,-0.12591849498943178,-0.14065746898533213,-1.995553965517959,1.3921527901387831,0.2914152926350998,-1.26462251711795,-0.23855760955043356,-1.704269898281031,0.0,0.0,-0.5248412387310952,-0.14105225741040334,1.384564273264258,-0.9167429267236359,-1.0485565790508873,0.5493971881446129
0.07910758728804176,-1.5779032386882086,-0.31378087963814716,-0.16358429537944472,-0.365552191508344,-0.17453775587990636,-0.16347599900787887,-0.12726169781785823,-0.14065746898533213,0.27461751819054514,0.3495233595479409,0.2914152926350998,-0.5250042540464682,-0.23855760955043356,-0.05474341643129381,0.0,0.0,-0.6903618943580598,-0.1464077797346272,1.7862885274902995,-0.16390972637644602,-1.0485565790508873,0.5493971881446129
-1.4195340660631244,0.06457316506698858,-0.31378087963814716,0.3206058884509046,0.5585124924798078,-0.05571373334727045,0.13491563886626437,-0.08696561296506518,-0.10185001265562847,0.27461751819054514,1.0899413609820172,0.2914152926350998,-0.4328676780607006,-0.025116779001508424,-0.36522064660193937,0.0,0.0,1.5428102299204962,-0.12439332593738733,-0.5269982379698451,-0.09377662687658461,0.9536919799837233,0.5493971881446129
1.3459645082426674,0.8858113669445872,-0.31378087963814716,-0.16358429537944472,-0.3599176507523187,-0.17453775587990636,-0.16449788817868072,-0.12726169781785823,-0.14065746898533213,-1.995553965517959,-0.7535483568742545,0.2914152926350998,2.5277965765852923,-0.23855760955043356,0.20605745691204982,0.0,0.0,-0.687648440987126,-0.1391323531809646,1.384564273264258,-1.2296778093216272,-1.0485565790508873,-1.8201767711573702
-0.5589151545963493,0.06457316506698858,-0.31378087963814716,-0.16358429537944472,-0.3599176507523187,-0.17453775587990636,-0.16347599900787887,-0.12726169781785823,-0.14065746898533213,-1.995553965517959,-0.4513369277174886,0.2914152926350998,-0.618364604211932,-0.23855760955043356,0.05392361412843334,0.0,0.0,-0.43801073086121206,-0.15174886668870494,-0.0044208516090499346,-1.154699150219956,-1.0485565790508873,0.5493971881446129
0.37314159734105123,-0.75666503681061,-0.31378087963814716,-0.16358429537944472,-0.365552191508344,-0.17453775587990636,-0.15938844232467142,-0.12726169781785823,-0.14065746898533213,0.27461751819054514,0.6970665030782216,0.2914152926350998,-0.591742675452852,-0.23855760955043356,-1.06507737824693,0.0,0.0,-0.6849349876161922,-0.1471776661424222,0.22490829069474474,-0.014527805202810742,-1.0485565790508873,0.5493971881446129
1.1636168321138425,0.8858113669445872,-0.31378087963814716,-0.16358429537944472,-0.365552191508344,-0.17453775587990636,-0.16449788817868072,-0.12726169781785823,-0.14065746898533213,-1.995553965517959,-0.421115784801812,0.2914152926350998,-0.34076214708276514,-0.23855760955043356,0.6041949603670468,0.0,0.0,-0.6849349876161922,-0.1471776661424222,1.410140971257745,0.40868565658084416,-1.0485565790508873,-1.8201767711573702
-0.09573393893626095,0.8858113669445872,-0.31378087963814716,-0.16358429537944472,-0.34301402848424273,-0.17453775587990636,-0.16347599900787887,-0.12726169781785823,-0.14065746898533213,0.27461751819054514,-0.31534178459694395,0.2914152926350998,1.463653824256819,-0.23855760955043356,0.5187770226339291,0.0,0.0,-0.6849349876161922,-0.11792198264621272,0.25366429330206547,-0.3424303432851876,-1.0485565790508873,0.5493971881446129
-0.5829866008418862,0.8858113669445872,-0.31378087963814716,-0.16358429537944472,-0.34864856924026805,-0.17453775587990636,-0.15938844232467142,-0.12726169781785823,-0.14065746898533213,0.27461751819054514,0.8330616461987663,0.2914152926350998,0.37070567463211507,-0.23855760955043356,-0.7945151244725072,0.0,0.0,-0.3538936763622628,-0.15019529783171653,-0.28057963301922584,-0.2895607759699069,-1.0485565790508873,0.5493971881446129
1.1893706912690136,0.06457316506698858,-0.31378087963814716,-0.12043863543416607,-0.29793770243604023,-0.17453775587990636,-0.14916955061665282,-0.12726169781785823,-0.14065746898533213,0.27461751819054514,-0.677995499585063,0.2914152926350998,1.463653824256819,-0.23855760955043356,0.8145928280465158,0.0,0.0,-0.0174254583664658,-0.14701330836997156,-0.8865596275407771,-0.6548414228754825,0.9536919799837233,0.5493971881446129
-1.5772926304357557,0.06457316506698858,-0.31378087963814716,-0.16358429537944472,-0.3261104062161668,-0.17453775587990636,-0.15938844232467142,-0.12726169781785823,-0.14065746898533213,0.27461751819054514,0.4099656453792941,0.2914152926350998,1.0802980501260648,-0.23855760955043356,-0.6620003519121161,0.0,0.0,0.731487672011276,-0.15222871646980643,0.88008349752086,0.37427742753960985,-1.0485565790508873,0.5493971881446129
-1.0526386353851835,0.8858113669445872,-0.31378087963814716,-0.16358429537944472,-0.365552191508344,-0.17453775587990636,-0.16347599900787887,-0.12726169781785823,-0.14065746898533213,0.27461751819054514,-0.6931060710429013,0.2914152926350998,1.3314621780048346,-0.23855760955043356,0.7883628551527908,0.0,0.0,0.3217562130002651,-0.15409976982679321,-1.3024883843945956,0.2931646117433464,-1.0485565790508873,0.5493971881446129
1.4472975319537178,0.06457316506698858,-0.31378087963814716,-0.16358429537944472,-0.19088142807155922,-0.17453775587990636,-0.16143222066627516,-0.12457529216100535,-0.14065746898533213,2.544789001899049,-1.0104280716575054,0.2914152926350998,3.0058896971966336,-0.23855760955043356,1.5752620419646008,0.0,0.0,-0.5031336117636244,-0.0986398276146201,-1.455640001332804,2.5473721429250507,-1.0485565790508873,0.5493971881446129
-1.0525092190075191,0.8858113669445872,-0.31378087963814716,-0.15879033316330265,-0.365552191508344,-0.17453775587990636,-0.16347599900787887,-0.12726169781785823,-0.14065746898533213,0.27461751819054514,0.4099656453792941,0.2914152926350998,0.19409562162501762,-0.23855760955043356,-0.43827411252444526,0.0,0.0,1.1466460377641545,-0.15427090836941265,-1.3024883843945956,0.28239181589540546,0.9536919799837233,0.5493971881446129
0.6361156767546583,0.06457316506698858,-0.31378087963814716,-0.08208693770502949,0.045769283681504035,-0.14483175024674738,-0.11851287549259701,-0.11517287236202031,-0.14065746898533213,0.27461751819054514,-0.7233272139585779,0.2914152926350998,0.3565487868964514,-0.23855760955043356,1.15266803423233,0.0,0.0,0.15623555737330042,-0.12015372285249457,-1.4612372771973,2.3998446886740785,0.9536919799837233,0.5493971881446129
0.9543505494308687,0.06457316506698858,-0.31378087963814716,-0.16358429537944472,-0.34864856924026805,-0.17453775587990636,-0.16347599900787887,-0.12726169781785823,-0.14065746898533213,0.27461751819054514,-0.5420003564645184,0.2914152926350998,-0.06556317443090712,-0.23855760955043356,0.6975667951360444,0.0,0.0,-0.6686542673905891,-0.13173716651942274,0.8753350659853014,0.5467396524718106,-1.0485565790508873,0.5493971881446129
-0.7398392505708684,0.8858113669445872,1.0009841999861062,1.145167389627341,3.9899478128992256,1.3998805426775194,1.7219095211215534,0.8559627725902922,-0.14065746898533213,0.27461751819054514,0.1681965020538814,0.2914152926350998,-0.8496999851529042,1.6728370952156206,0.11583855014502117,0.0,0.0,0.8997217810091744,0.042005057424595274,-0.32224024759188413,-0.2697766038455838,0.9536919799837233,0.5493971881446129
-0.2736814582245039,-2.399141440565807,-0.31378087963814716,-0.16358429537944472,-0.34301402848424273,-0.17453775587990636,-0.162454109837077,-0.12726169781785823,-0.14065746898533213,-1.995553965517959,0.1530859305960431,0.2914152926350998,-0.4041651774147353,-0.23855760955043356,-0.16980262525923887,0.0,0.0,-0.6659408140196552,-0.12706438373877818,1.0092000616362544,0.014085829894327034,-1.0485565790508873,0.5493971881446129
-0.28429360119296637,-0.75666503681061,-0.31378087963814716,-0.15879033316330265,-0.21905413185168582,-0.14483175024674738,-0.13792876973783236,-0.12591849498943178,-0.14065746898533213,-1.995553965517959,0.6215136457890302,0.2914152926350998,-0.9635316805365577,-0.23855760955043356,-2.162509095391501,0.0,0.0,-0.6659408140196552,-0.006384689316914013,1.0092000616362544,-0.207770395185922,0.9536919799837233,0.5493971881446129
0.6869763131766797,0.8858113669445872,-0.31378087963814716,-0.16358429537944472,-0.34864856924026805,-0.17453775587990636,-0.16143222066627516,-0.12726169781785823,-0.14065746898533213,0.27461751819054514,-0.11890435564504617,0.2914152926350998,1.2145234140126946,-0.23855760955043356,-0.6386259686925091,0.0,0.0,-0.33761295613665976,-0.15036830276533095,0.4406937495547577,-0.08597348690509267,-1.0485565790508873,0.5493971881446129
-1.323248281080977,0.06457316506698858,-0.31378087963814716,-0.15399637094716057,-0.2641304578998883,-0.17453775587990636,-0.15325710729986028,-0.12457529216100535,-0.004831371831369356,0.27461751819054514,-0.7988800712477694,0.2914152926350998,-0.8496999851529042,-0.23855760955043356,1.0566239415659078,0.0,0.0,0.49270377536909743,-0.14807784101922863,-0.4616244828756293,-1.2228615675851127,0.9536919799837233,0.5493971881446129
-0.4802299969765299,-0.75666503681061,-0.31378087963814716,-0.04852920219203498,0.0345002021694534,0.06311028918536546,-0.11033776212618213,-0.08696561296506518,-0.14065746898533213,-1.995553965517959,0.3948550739214558,0.2914152926350998,0.27360854339198687,-0.23855760955043356,-0.006327412716563877,0.0,0.0,-0.6578004539068537,0.20223900529214436,0.22152724227200443,-0.12281463387022493,0.9536919799837233,0.5493971881446129
-0.8594199835325677,0.8858113669445872,-0.31378087963814716,-0.14440844651487644,-0.365552191508344,-0.17453775587990636,-0.16449788817868072,-0.12726169781785823,-0.14065746898533213,0.27461751819054514,-0.9802069287418289,0.2914152926350998,2.157659967079736,-0.23855760955043356,1.5752620419646008,0.0,0.0,-0.7364906016639352,-0.07769541783892465,0.15759187832582447,-0.7798058547116021,0.9536919799837233,-1.8201767711573702
-1.4833363402515636,0.06457316506698858,-0.31378087963814716,-0.1348205220825923,-0.30357224319206555,-0.17453775587990636,-0.162454109837077,-0.12726169781785823,-0.14065746898533213,0.27461751819054514,-0.39089464188613543,0.2914152926350998,-0.5541047761727729,-0.23855760955043356,1.1095461967086293,0.0,0.0,-0.7337771482930014,0.45987776640392464,-0.6297126490264175,0.08474399003215698,0.9536919799837233,0.5493971881446129
-1.2402923829982397,0.8858113669445872,2.3157492796103596,-0.16358429537944472,0.2429782101423901,0.627524396215386,0.12265296881664203,-0.11785927801887318,-0.14065746898533213,0.27461751819054514,-0.8442117856212842,0.2914152926350998,0.267319425676362,-0.23855760955043356,1.5752620419646008,0.0,0.0,-0.4868528915380213,0.023610167033587974,0.08020828975698321,-0.12867539409182613,-1.0485565790508873,0.5493971881446129
1.5138175500731046,-0.75666503681061,-0.31378087963814716,-0.16358429537944472,-0.33737948772821746,-0.17453775587990636,-0.1604103314954733,-0.12726169781785823,-0.14065746898533213,0.27461751819054514,-0.8593223570791225,0.2914152926350998,0.08390351650173372,-0.23855760955043356,1.5752620419646008,0.0,0.0,-0.6469466404231183,-0.12816147186988602,-0.45137039484202884,1.3237620811963917,-1.0485565790508873,0.5493971881446129
-0.37837930775482287,0.8858113669445872,-0.31378087963814716,-0.06770505105660327,0.11338377275380783,-0.05571373334727045,-0.10522831627217283,-0.11651607519044675,0.26682082247655614,0.27461751819054514,-0.4966686420910035,0.2914152926350998,0.7182398190025748,0.4407750230941566,1.03192688916597,0.0,0.0,-0.5628295859241691,0.04564388417350397,0.25910696682602397,1.665926596938145,0.9536919799837233,0.5493971881446129
-0.9379757247747229,0.06457316506698858,-0.31378087963814716,-0.06770505105660327,-0.12326693899925543,-0.17453775587990636,-0.11749098632179515,-0.11920248084729962,-0.14065746898533213,0.27461751819054514,0.22863878788523456,0.2914152926350998,-0.042186146079304924,-0.23855760955043356,-0.07285458819124813,0.0,0.0,-0.6469466404231183,0.03859592405850805,0.525188694702774,0.49066586895560205,0.9536919799837233,0.5493971881446129
-1.543126706732413,-0.75666503681061,-0.31378087963814716,-0.16358429537944472,-0.2923031616800149,-0.14483175024674738,-0.1501914397874547,-0.12591849498943178,-0.14065746898533213,0.27461751819054514,-0.7384377854164161,0.2914152926350998,-0.6192826017553484,-0.23855760955043356,-0.6189760751067949,0.0,0.0,0.09653958321275577,-0.1475327108450461,0.1997550234776168,-0.3904935862990775,-1.0485565790508873,0.5493971881446129
-0.8886680848846715,0.8858113669445872,-0.31378087963814716,-0.12043863543416607,-0.23032321336373643,-0.17453775587990636,-0.1522352181290584,-0.12188888650415249,-0.14065746898533213,0.27461751819054514,-0.6477743566693864,0.2914152926350998,1.3341060109298741,-0.23855760955043356,0.8621346539163971,0.0,0.0,1.7490326861114687,-0.1503087891309871,0.15759187832582447,0.49717443311373344,0.9536919799837233,0.5493971881446129
0.8420171336183634,0.8858113669445872,-0.31378087963814716,-0.16358429537944472,-0.2923031616800149,-0.1151257446135884,-0.14916955061665282,-0.12591849498943178,-0.14065746898533213,0.27461751819054514,-0.17934664147639934,0.2914152926350998,0.4097926444146115,-0.23855760955043356,-0.5980785692299245,0.0,0.0,1.3393012271004576,-0.15168807627726805,0.21014974599229677,-1.5474445074191856,-1.0485565790508873,0.5493971881446129
1.3458350918650033,0.8858113669445872,-0.31378087963814716,-0.16358429537944472,-0.365552191508344,-0.17453775587990636,-0.16449788817868072,-0.12726169781785823,-0.14065746898533213,-1.995553965517959,-0.7988800712477694,0.2914152926350998,0.7564285168087037,-0.23855760955043356,1.5752620419646008,0.0,0.0,-0.7202098814383322,-0.1352925447220871,1.384564273264258,1.0776200184888856,-1.0485565790508873,-1.8201767711573702
-0.38821495245730026,0.06457316506698858,1.0009841999861062,1.145167389627341,3.9899478128992256,1.3998805426775194,1.7219095211215534,0.8559627725902922,-0.14065746898533213,0.27461751819054514,0.8935039320301195,0.2914152926350998,-0.30440944436346973,1.6728370952156206,0.04257034227890874,0.0,0.0,0.9295697680894468,0.0384961887738619,0.25910696682602397,0.6554199706300873,0.9536919799837233,0.5493971881446129
0.8330874035595351,0.8858113669445872,0.34360166017397953,-0.12043863543416607,-0.30920678394809087,-0.14483175024674738,-0.15427899647066212,-0.12591849498943178,-0.14065746898533213,0.27461751819054514,1.0446096466085024,0.2914152926350998,-0.039108154316084456,-0.23855760955043356,-0.960302004429012,0.0,0.0,-0.636092826939383,-0.11117067107016437,0.21014974599229677,-0.03001926369489107,0.9536919799837233,0.5493971881446129
-1.020802206479796,-1.5779032386882086,-0.31378087963814716,-0.10126278656959778,0.25988183241046603,-0.05571373334727045,-0.10420642710137097,-0.10577045256303527,-0.14065746898533213,0.27461751819054514,-0.7686589283320927,0.2914152926350998,-0.8496999851529042,-0.23855760955043356,-1.277247510228214,0.0,0.0,-0.3810282100716013,-0.025150670506916835,0.03136051873977767,0.28239181589540546,0.9536919799837233,0.5493971881446129
-0.005401307326665621,0.8858113669445872,-0.31378087963814716,-0.16358429537944472,-0.34301402848424273,-0.17453775587990636,-0.16449788817868072,-0.12726169781785823,-0.14065746898533213,0.27461751819054514,-0.8139906427056076,0.2914152926350998,3.314336871784598,-0.23855760955043356,1.03192688916597,0.0,0.0,-0.6306659201975152,-0.13576081404634044,-0.8612912158775589,-2.9756094426891098,-1.0485565790508873,-1.8201767711573702
-1.0745100032104293,-2.399141440565807,-0.31378087963814716,-0.16358429537944472,-0.3599176507523187,-0.17453775587990636,-0.16449788817868072,-0.12726169781785823,-0.14065746898533213,0.27461751819054514,1.694364219295549,0.2914152926350998,-1.4618895969188204,-0.23855760955043356,-2.5128265141192188,0.0,0.0,-0.7120695213255306,-0.12656570731554734,1.095105628498168,-0.2806163863609041,-1.0485565790508873,-1.8201767711573702
-0.005271890949001445,0.06457316506698858,-0.31378087963814716,-0.16358429537944472,-0.34864856924026805,-0.17453775587990636,-0.1604103314954733,-0.12726169781785823,-0.14065746898533213,0.27461751819054514,-0.6326637852115481,0.2914152926350998,0.692535887786911,-0.23855760955043356,-0.15353162603104414,0.0,0.0,-0.46514526457055055,-0.14846835806137262,-0.8612912158775589,0.3107928231308861,-1.0485565790508873,0.5493971881446129
0.19247633412186055,0.06457316506698858,1.6583667397982327,0.7232987146068387,1.702324265952947,0.3898763511501142,0.5375399721621973,0.17495893857808967,0.09218726899288976,0.27461751819054514,0.7272876459938983,0.2914152926350998,0.1867732412198833,-0.23855760955043356,-0.8366159533854217,0.0,0.0,1.352868493955127,-0.08127658634979487,-0.5572324372941792,-1.3253822766302652,0.9536919799837233,0.5493971881446129
-0.6841902081752724,0.8858113669445872,-0.31378087963814716,-0.16358429537944472,-0.3148413247041162,-0.17453775587990636,-0.16347599900787887,-0.12726169781785823,-0.14065746898533213,0.27461751819054514,-0.2548994987655908,0.2914152926350998,0.07564153861098499,-0.23855760955043356,-0.7854355184708316,0.0,0.0,-0.37288784995879976,-0.1431980327256584,-0.32224024759188413,-1.2257996028163693,-1.0485565790508873,0.5493971881446129
0.7502609218544621,0.06457316506698858,-0.31378087963814716,-0.14440844651487644,-0.17961234655950858,-0.14483175024674738,-0.1420163264210398,-0.12591849498943178,-0.14065746898533213,0.27461751819054514,-0.8895434999947991,0.2914152926350998,-0.016892613765403762,-0.23855760955043356,1.5752620419646008,0.0,0.0,1.0272540894430653,-0.14648217059918409,-0.7418753830924125,1.141522284768719,0.9536919799837233,0.5493971881446129
0.6737758426549336,-2.399141440565807,1.0009841999861062,-0.13961448429873435,0.13028739502188377,-0.17453775587990636,-0.07048408446490957,-0.12323208933257893,-0.02423509999622118,0.27461751819054514,0.7575087889095748,0.2914152926350998,-1.7441967914579972,-0.23855760955043356,-0.8893062111299906,0.0,0.0,0.2891947725490589,-0.11851864461225382,0.4406937495547577,-0.09000219097622796,0.9536919799837233,0.5493971881446129
0.22534809404856143,0.06457316506698858,2.9731318194224863,0.7185047523906967,0.057038365193554666,-0.14483175024674738,0.29433034951135456,0.05675708967656338,1.3340258715434066,0.27461751819054514,1.8152487909582553,0.2914152926350998,-0.4818098142639243,-0.23855760955043356,-0.7067455997896503,0.0,0.0,0.1209606635511604,-0.11778398413915513,-0.5572324372941792,0.844731759157938,0.9536919799837233,0.5493971881446129
1.4471681155760536,0.06457316506698858,-0.31378087963814716,-0.16358429537944472,-0.30920678394809087,-0.17453775587990636,-0.16449788817868072,-0.12726169781785823,-0.14065746898533213,2.544789001899049,0.6366242172468685,0.2914152926350998,0.19654181507894572,-0.23855760955043356,-1.35038878079726,0.0,0.0,-0.617098653342846,-0.11776298436634201,-1.455640001332804,-0.12614574972267412,-1.0485565790508873,-1.8201767711573702
0.3482936528295293,0.8858113669445872,-0.31378087963814716,-0.1300265598664502,-0.34864856924026805,-0.14483175024674738,-0.155300885641464,-0.12726169781785823,-0.10185001265562847,0.27461751819054514,-0.7686589283320927,0.2914152926350998,1.1331747086268584,-0.23855760955043356,0.6244255245669955,0.0,0.0,-0.2073671943318351,-0.15137296085698015,0.22490829069474474,-1.435869121851223,0.9536919799837233,0.5493971881446129
-0.16173629154499106,0.8858113669445872,-0.31378087963814716,-0.15399637094716057,-0.3148413247041162,-0.17453775587990636,-0.16347599900787887,-0.12726169781785823,-0.12125374082048031,0.27461751819054514,-1.0255386431153437,0.2914152926350998,3.314336871784598,-0.23855760955043356,1.5752620419646008,0.0,0.0,0.7857567394299529,-0.15176348153947458,-0.3264081370708519,-2.9756094426891098,0.9536919799837233,0.5493971881446129
1.0114231719807707,0.8858113669445872,1.0009841999861062,0.03296815548238025,-0.23595775411976175,-0.17453775587990636,-0.08581242202693748,-0.11920248084729962,-0.08244628449077665,2.544789001899049,1.7245853622112255,0.2914152926350998,0.05384907518900955,-0.23855760955043356,-0.718819714296287,0.0,0.0,2.446390202441467,-0.15135438180751934,-0.8936620082071127,-0.07960832394731827,0.9536919799837233,0.5493971881446129
-0.9375874756417304,0.8858113669445872,-0.31378087963814716,-0.10126278656959778,-0.258495917143863,-0.14483175024674738,-0.15325710729986028,-0.12591849498943178,-0.14065746898533213,0.27461751819054514,0.10775421622252823,0.2914152926350998,0.48240625009886146,-0.23855760955043356,0.044647160300163594,0.0,0.0,0.2132180781629112,-0.14576474960993482,0.525188694702774,0.564323765769575,0.9536919799837233,0.5493971881446129
1.3154222431139218,0.8858113669445872,-0.31378087963814716,-0.16358429537944472,-0.365552191508344,-0.17453775587990636,-0.16449788817868072,-0.12726169781785823,-0.14065746898533213,0.27461751819054514,-0.22467835584991422,0.2914152926350998,0.553734659222328,-0.23855760955043356,-0.13624368935108822,0.0,0.0,-0.6849349876161922,-0.1471776661424222,-0.2977270072934111,0.0637040601821974,-1.0485565790508873,-1.8201767711573702
-0.743204076390137,0.06457316506698858,-0.31378087963814716,-0.16358429537944472,-0.365552191508344,-0.17453775587990636,-0.16449788817868072,-0.12726169781785823,-0.14065746898533213,0.27461751819054514,-0.7535483568742545,0.2914152926350998,-0.4795633756473485,-0.23855760955043356,1.1188605136137502,0.0,0.0,-0.6849349876161922,-0.1471776661424222,0.9627557498998675,-0.03001926369489107,-1.0485565790508873,-1.8201767711573702
-0.5591739873516777,0.06457316506698858,-0.31378087963814716,-0.16358429537944472,-0.24159229487578707,-0.17453775587990636,-0.14916955061665282,-0.12726169781785823,-0.14065746898533213,-1.995553965517959,-0.17934664147639934,0.2914152926350998,0.7889256298456494,-0.23855760955043356,-0.5980785692299245,0.0,0.0,-0.351180222991329,-0.12995947741809058,-0.0044208516090499346,0.2972685339711338,-1.0485565790508873,0.5493971881446129
1.1733230604386558,0.8858113669445872,-0.31378087963814716,-0.16358429537944472,-0.35428310999629337,-0.17453775587990636,-0.16449788817868072,-0.12726169781785823,-0.14065746898533213,0.27461751819054514,-0.5571109279223566,0.2914152926350998,0.21906947479438743,-0.23855760955043356,0.6744695517984473,0.0,0.0,-0.6822215342452583,-0.13354717724077916,3.6518423706033194,0.21662106229744824,-1.0485565790508873,-1.8201767711573702
0.5277941686497424,-1.5779032386882086,-0.31378087963814716,-0.14440844651487644,0.23170912863033946,-0.17453775587990636,-0.15325710729986028,-0.12591849498943178,-0.14065746898533213,-1.995553965517959,-0.6628849281272247,0.2914152926350998,-0.23280563597697815,-0.23855760955043356,0.4710647959544775,0.0,0.0,0.13995483714769733,-0.10392426331187248,0.48190937141612833,0.45371402083201845,0.9536919799837233,0.5493971881446129
-0.39559168598415834,0.06457316506698858,-0.31378087963814716,-0.16358429537944472,-0.30357224319206555,-0.17453775587990636,-0.16347599900787887,-0.12726169781785823,-0.14065746898533213,0.27461751819054514,-0.4815580706331652,0.2914152926350998,0.39951107192834573,-0.23855760955043356,0.24851341303771046,0.0,0.0,-0.6822215342452583,-0.07071394791369286,0.10425151138888096,0.49308766027025497,-1.0485565790508873,0.5493971881446129
0.36343536901623796,0.8858113669445872,-0.31378087963814716,-0.16358429537944472,-0.20215050958360986,-0.14483175024674738,-0.1604103314954733,-0.12591849498943178,-0.12125374082048031,0.27461751819054514,-0.8593223570791225,0.2914152926350998,1.7412562813859853,-0.23855760955043356,1.5752620419646008,0.0,0.0,-0.18837302073529816,-0.13190447843484226,0.22490829069474474,-0.8631154759356807,-1.0485565790508873,0.5493971881446129
0.877606637476012,0.06457316506698858,-0.31378087963814716,0.23910853077648936,1.150139271862466,0.2710523286174783,0.16046286813631086,-0.05472874508283073,-0.12125374082048031,0.27461751819054514,1.2712682184760769,0.2914152926350998,0.5473842762161051,2.4468431848701337,-0.14700787634049445,0.0,0.0,1.1357922242804193,-0.09456394054844429,0.12066573775241146,0.7126938689160015,0.9536919799837233,0.5493971881446129
0.6858115657777021,0.06457316506698858,-0.31378087963814716,-0.16358429537944472,-0.34864856924026805,-0.17453775587990636,-0.16449788817868072,-0.12726169781785823,-0.14065746898533213,0.27461751819054514,-0.3304523560547823,0.2914152926350998,-0.7918661399176612,-0.23855760955043356,0.714127082812052,0.0,0.0,-0.6740811741324568,-0.1299168128796586,0.4406937495547577,1.0663667892069018,-1.0485565790508873,-1.8201767711573702
0.47900419427034774,0.06457316506698858,-0.31378087963814716,-0.16358429537944472,-0.24159229487578707,-0.17453775587990636,-0.162454109837077,-0.12591849498943178,-0.14065746898533213,0.27461751819054514,-0.2700100702234291,0.2914152926350998,0.04190512889042639,-0.23855760955043356,-1.02702737407095,0.0,0.0,0.48184996188536205,-0.14665871831987304,0.09826072687203845,-0.49041453888059017,-1.0485565790508873,0.5493971881446129
-1.3282955198098798,0.06457316506698858,-0.31378087963814716,0.013792306617811962,-0.14017056126733138,-0.1151257446135884,-0.11544720798019144,-0.11248646670516745,-0.14065746898533213,0.27461751819054514,2.117460220115021,0.2914152926350998,-0.6245049877801184,-0.23855760955043356,-1.608934667459937,0.0,0.0,1.5563774967751656,-0.14705677488830562,-0.4616244828756293,0.6413012887270472,0.9536919799837233,0.5493971881446129
-0.8968213166775147,0.06457316506698858,-0.31378087963814716,-0.16358429537944472,-0.26976499865591363,-0.17453775587990636,-0.16347599900787887,-0.12726169781785823,-0.12125374082048031,0.27461751819054514,-0.9046540714526374,0.2914152926350998,-1.312370747034849,-0.23855760955043356,1.5752620419646008,0.0,0.0,-0.671367720761523,-0.04815842969371316,0.525188694702774,-2.654272332253378,-1.0485565790508873,0.5493971881446129
1.3950133153773905,0.8858113669445872,0.34360166017397953,-0.16358429537944472,-0.33174494697219215,-0.17453775587990636,-0.1471257722750491,-0.12457529216100535,-0.14065746898533213,0.27461751819054514,0.10775421622252823,0.2914152926350998,0.3291757692382122,-0.23855760955043356,-1.068527299092154,0.0,0.0,-0.5058470651345582,-0.14213358278100677,-0.9421468236501976,-0.5557842512980717,-1.0485565790508873,0.5493971881446129
-0.14426508056032722,0.8858113669445872,-0.31378087963814716,-0.16358429537944472,-0.3599176507523187,-0.17453775587990636,-0.16347599900787887,-0.12726169781785823,-0.14065746898533213,0.27461751819054514,-0.37578407042829715,0.2914152926350998,1.0588169076101173,-0.23855760955043356,0.8906597494383247,0.0,0.0,-0.6659408140196552,-0.14352070570539602,-0.35445850688810554,0.19491671361012225,-1.0485565790508873,0.5493971881446129
1.264302773936572,0.8858113669445872,-0.31378087963814716,-0.12523259765030814,-0.2641304578998883,-0.17453775587990636,-0.13281932388382306,-0.12457529216100535,-0.14065746898533213,-1.995553965517959,-0.677995499585063,0.2914152926350998,-0.740458277486334,4.707256634936818,1.5752620419646008,0.0,0.0,-0.5004201583926906,-0.12170221141257685,-1.2083802365953147,0.9696961909940559,0.9536919799837233,0.5493971881446129
1.554324876281992,0.8858113669445872,-0.31378087963814716,-0.12523259765030814,-0.2641304578998883,-0.17453775587990636,-0.13281932388382306,-0.12457529216100535,-0.14065746898533213,0.27461751819054514,-0.7233272139585779,0.2914152926350998,0.6705039467449134,4.707256634936818,1.15266803423233,0.0,0.0,-0.5004201583926906,-0.12170221141257685,-0.07111393835390431,-0.09944394804829049,0.9536919799837233,0.5493971881446129
0.8712652349704673,0.06457316506698858,-0.31378087963814716,-0.16358429537944472,-0.33737948772821746,-0.17453775587990636,-0.16449788817868072,-0.12726169781785823,-0.14065746898533213,0.27461751819054514,-0.9650963572839906,0.2914152926350998,0.7118138361986589,-0.23855760955043356,0.5379858411672146,0.0,0.0,-0.6632273606487213,-0.12271386183955736,-0.4594159100683915,-0.20042530710777964,-1.0485565790508873,-1.8201767711573702
-0.5981283170285949,0.06457316506698858,-0.31378087963814716,0.25828437964105766,0.6599342260882635,0.06311028918536546,0.07053662110574715,0.09436676887250356,2.672883114918182,0.27461751819054514,0.7121770745360599,0.2914152926350998,0.27855571560778053,-0.23855760955043356,-1.2304850585529223,0.0,0.0,0.6582244309960621,-0.10001988562309615,-0.28057963301922584,-1.7354764686714255,0.9536919799837233,0.5493971881446129
-0.1476299063795958,-1.5779032386882086,0.34360166017397953,-0.0964688243534557,-0.016210664634774438,-0.1151257446135884,-0.08479053285613562,-0.111143263876741,-0.14065746898533213,0.27461751819054514,-0.2397889273077525,0.2914152926350998,-0.6761984494471754,-0.23855760955043356,0.9950906076202998,0.0,0.0,2.801852594033801,-0.14708246196565428,-0.35445850688810554,1.2408054668419062,0.9536919799837233,0.5493971881446129
-1.0512150552308774,0.8858113669445872,-0.31378087963814716,-0.16358429537944472,-0.34864856924026805,-0.17453775587990636,-0.162454109837077,-0.12726169781785823,-0.14065746898533213,0.27461751819054514,0.24374935934307287,0.2914152926350998,-0.3484733264474644,-0.23855760955043356,-1.0578236985210738,0.0,0.0,0.8210316332520929,-0.15342497355567528,-1.3024883843945956,0.4025499234301343,-1.0485565790508873,0.5493971881446129
-1.436099362404139,0.8858113669445872,-0.31378087963814716,-0.16358429537944472,-0.30920678394809087,-0.17453775587990636,-0.162454109837077,-0.12726169781785823,-0.14065746898533213,0.27461751819054514,-0.52688978500668,0.2914152926350998,1.199270531752851,-0.23855760955043356,0.4342582210874752,0.0,0.0,-0.5736833994079045,-0.12724133343734395,-0.5668106997522169,0.9072139750759969,-1.0485565790508873,0.5493971881446129
-0.8779265255385449,-1.5779032386882086,1.0009841999861062,0.06652589099537476,-0.19088142807155922,-0.14483175024674738,-0.11340342963858771,-0.111143263876741,-0.08244628449077665,0.27461751819054514,2.676551364055038,0.2914152926350998,-0.42645833726990007,-0.23855760955043356,-2.3639178158254763,0.0,0.0,1.3257339602457885,-0.14804151506455437,0.15759187832582447,-0.677156499989075,0.9536919799837233,0.5493971881446129
1.338976023848802,-2.399141440565807,-0.31378087963814716,-0.12043863543416607,-0.3204758654601415,-0.17453775587990636,-0.1522352181290584,-0.12323208933257893,-0.14065746898533213,-1.995553965517959,-1.0255386431153437,0.2914152926350998,-1.8778572337794477,-0.23855760955043356,1.5752620419646008,0.0,0.0,-0.6550870005359198,-0.11129374185410275,1.384564273264258,-0.29780018905800265,0.9536919799837233,0.5493971881446129
0.75608465884935,-1.5779032386882086,-0.31378087963814716,-0.16358429537944472,-0.26976499865591363,-0.17453775587990636,-0.155300885641464,-0.12726169781785823,-0.14065746898533213,0.27461751819054514,2.3894505063561104,0.2914152926350998,-1.022283523315217,-0.23855760955043356,-1.7057360695704826,0.0,0.0,-0.2426420881539751,-0.13946624956869305,-0.7418753830924125,0.04238502084534942,-1.0485565790508873,0.5493971881446129
-0.005660140081993974,-2.399141440565807,-0.31378087963814716,-0.16358429537944472,-0.33737948772821746,-0.17453775587990636,-0.162454109837077,-0.12726169781785823,-0.14065746898533213,0.27461751819054514,-0.05846206981369299,0.2914152926350998,-0.9268117787998951,-0.23855760955043356,0.7717382244454979,0.0,0.0,-0.6469466404231183,-0.12816147186988602,-0.8612912158775589,0.7620088254072684,-1.0485565790508873,0.5493971881446129
1.419731843511248,0.8858113669445872,-0.31378087963814716,-0.16358429537944472,-0.34301402848424273,-0.17453775587990636,-0.16449788817868072,-0.12726169781785823,-0.14065746898533213,0.27461751819054514,-0.7082166425007396,0.2914152926350998,1.833790433762375,-0.23855760955043356,0.7602593127666541,0.0,0.0,-0.7283502415511337,-0.0008992486613747532,-0.3695037486790324,0.036925967645886404,-1.0485565790508873,-1.8201767711573702
-1.5458444506633608,0.06457316506698858,-0.31378087963814716,-0.15399637094716057,-0.30920678394809087,-0.17453775587990636,-0.15938844232467142,-0.12591849498943178,-0.14065746898533213,0.27461751819054514,-1.0557597860310204,0.2914152926350998,-0.5412528105649415,-0.23855760955043356,1.5752620419646008,0.0,0.0,0.18065663771170504,-0.14952242312851546,0.1997550234776168,-1.154699150219956,0.9536919799837233,0.5493971881446129
0.5127818688406979,-2.399141440565807,-0.31378087963814716,-0.16358429537944472,-0.3599176507523187,-0.17453775587990636,-0.16449788817868072,-0.12726169781785823,-0.14065746898533213,0.27461751819054514,-0.7535483568742545,0.2914152926350998,-3.510056865974085,-0.23855760955043356,-0.2503440714388009,0.0,0.0,-0.7256367881801998,-0.10329414089810797,3.540540776562717,-0.2549552409999044,-1.0485565790508873,-1.8201767711573702
0.9542211330532046,-2.399141440565807,-0.31378087963814716,-0.15399637094716057,-0.35428310999629337,-0.17453775587990636,-0.16449788817868072,-0.12726169781785823,-0.12125374082048031,0.27461751819054514,-1.0255386431153437,0.2914152926350998,-1.7750415089167937,-0.23855760955043356,1.5752620419646008,0.0,0.0,0.5171248557075021,-0.1534985331046959,0.8753350659853014,1.0411044377575518,0.9536919799837233,-1.8201767711573702
1.6191624814917445,0.8858113669445872,-0.31378087963814716,-0.16358429537944472,-0.29793770243604023,-0.17453775587990636,-0.15938844232467142,-0.12726169781785823,-0.14065746898533213,0.27461751819054514,0.1530859305960431,0.2914152926350998,0.9129470979612269,-0.23855760955043356,-0.7067455997896503,0.0,0.0,-0.7229233348092661,0.1307513270715679,-0.9530319324858647,1.4254488247493113,-1.0485565790508873,0.5493971881446129
1.4799104591250902,0.06457316506698858,-0.31378087963814716,0.25349041742491557,0.6993760113804407,-0.17453775587990636,-0.034717963486844465,-0.06547436771024222,0.3638394633008153,0.27461751819054514,0.10775421622252823,0.2914152926350998,0.6861829275148582,1.3853293146004428,-0.23364645454791613,0.0,0.0,-0.2317882746702397,0.0007347123849561067,-0.45137039484202884,0.564323765769575,0.9536919799837233,0.5493971881446129
-0.7862997301523078,0.06457316506698858,-0.31378087963814716,-0.16358429537944472,-0.258495917143863,-0.17453775587990636,-0.1604103314954733,-0.12726169781785823,-0.14065746898533213,-1.995553965517959,-0.783769499789931,0.2914152926350998,1.065242890414033,7.447536692619099,-0.9051810468987159,0.0,0.0,-0.7202098814383322,0.22948925887127497,-0.6862124609088535,-1.2524974012221366,-1.0485565790508873,0.5493971881446129
-0.786429146529972,0.8858113669445872,-0.31378087963814716,-0.16358429537944472,-0.35428310999629337,-0.17453775587990636,-0.16449788817868072,-0.12726169781785823,-0.14065746898533213,-1.995553965517959,-0.013130355440178116,0.2914152926350998,-0.6868701708893924,-0.23855760955043356,0.34174439777311333,0.0,0.0,-0.7174964280673983,-0.10329414089810797,-0.6862124609088535,0.09663387667955488,-1.0485565790508873,-1.8201767711573702
-1.7732290262193193,0.8858113669445872,-0.31378087963814716,0.3206058884509046,0.5585124924798078,-0.05571373334727045,0.13491563886626437,-0.08696561296506518,-0.10185001265562847,2.544789001899049,0.7575087889095748,0.2914152926350998,-0.4937589558414536,-0.025116779001508424,-0.2503440714388009,0.0,0.0,1.6784828984671887,-0.1260804481951837,-1.6917206589063898,0.6147972045794804,0.9536919799837233,0.5493971881446129
0.9014192509662204,0.06457316506698858,0.34360166017397953,-0.03414731554360876,0.11901831350983315,0.033404283552206475,-0.0980750920765598,-0.10174084407775597,0.40264691963051896,-1.995553965517959,-0.13401492710288446,0.2914152926350998,0.327540064524488,-0.23855760955043356,0.7108652079667777,0.0,0.0,0.3570311068224051,-0.12149767729574942,1.4322266993301151,0.765208938898589,0.9536919799837233,0.5493971881446129
-0.40167425573437465,0.8858113669445872,-0.31378087963814716,-0.15879033316330265,-0.35428310999629337,-0.14483175024674738,-0.162454109837077,-0.12726169781785823,-0.14065746898533213,0.27461751819054514,-0.5571109279223566,0.2914152926350998,1.8866670922631685,-0.23855760955043356,0.37420538840973155,0.0,0.0,-0.46514526457055055,-0.14997416530014812,0.10425151138888096,-0.5726279808780371,0.9536919799837233,0.5493971881446129
-1.5383383007588385,0.06457316506698858,-0.31378087963814716,-0.11085071100188193,-0.12326693899925543,-0.17453775587990636,-0.14406010476264353,-0.12054568367572605,-0.12125374082048031,0.27461751819054514,-0.6024426422958715,0.2914152926350998,-0.5109588916321948,-0.23855760955043356,1.5752620419646008,0.0,0.0,0.606668816948319,-0.14089387496894057,0.1997550234776168,1.5231101034111514,0.9536919799837233,0.5493971881446129
0.148863014849033,0.06457316506698858,0.34360166017397953,-0.11564467321802399,-0.35428310999629337,-0.17453775587990636,-0.162454109837077,-0.12726169781785823,-0.14065746898533213,0.27461751819054514,-0.2700100702234291,0.2914152926350998,1.5664695491194733,-0.23855760955043356,0.5743814973355438,0.0,0.0,-0.6252390134556475,-0.14377584248007225,-0.23248505412478784,0.331719881093873,0.9536919799837233,0.5493971881446129
-1.4896777427571082,0.06457316506698858,-0.31378087963814716,-0.16358429537944472,-0.10072877597515417,-0.1151257446135884,-0.15427899647066212,-0.12591849498943178,-0.10185001265562847,0.27461751819054514,-0.9953175001996671,0.2914152926350998,0.5383123004929298,2.194126560151819,1.5752620419646008,0.0,0.0,-0.13139049994568738,-0.12172522150071995,-0.6297126490264175,4.135461797509054,-1.0485565790508873,0.5493971881446129
0.24010156110227757,0.06457316506698858,-0.31378087963814716,0.2343145685603473,-0.30920678394809087,-0.17453775587990636,-0.162454109837077,-0.12726169781785823,-0.14065746898533213,0.27461751819054514,-0.6024426422958715,0.2914152926350998,1.0395389591983701,-0.23855760955043356,-0.7067455997896503,0.0,0.0,-0.706642614583663,-0.024528839177543955,-0.5572324372941792,-0.7798058547116021,0.9536919799837233,0.5493971881446129
-0.11216981889961139,0.8858113669445872,-0.31378087963814716,-0.16358429537944472,-0.2246886726077111,-0.17453775587990636,-0.15632277481226584,-0.12591849498943178,-0.14065746898533213,0.27461751819054514,-0.17934664147639934,0.2914152926350998,0.3321562807428115,-0.23855760955043356,0.6697034539668812,0.0,0.0,-0.706642614583663,0.15269308969372505,0.25366429330206547,1.1898716185148368,-1.0485565790508873,0.5493971881446129
-0.09663985357991019,0.8858113669445872,-0.31378087963814716,-0.16358429537944472,-0.365552191508344,-0.17453775587990636,-0.16449788817868072,-0.12726169781785823,-0.14065746898533213,0.27461751819054514,-0.11890435564504617,0.2914152926350998,0.3544303310270283,-0.23855760955043356,-0.29802781320680016,0.0,0.0,-0.706642614583663,-0.14267679175838996,0.25366429330206547,-0.4216988261663072,-1.0485565790508873,-1.8201767711573702
-0.43635784494837404,-2.399141440565807,-0.31378087963814716,-0.16358429537944472,-0.20215050958360986,-0.17453775587990636,-0.14814766144585095,-0.12726169781785823,-0.14065746898533213,-1.995553965517959,-0.37578407042829715,0.2914152926350998,-0.46414101691795057,0.5272874068373126,0.20605745691204982,0.0,0.0,2.1858986788318178,-0.1502211790918657,0.22152724227200443,-0.7798058547116021,-1.0485565790508873,0.5493971881446129
-0.5087016000626488,-0.75666503681061,-0.31378087963814716,-0.16358429537944472,-0.21905413185168582,-0.1151257446135884,-0.1522352181290584,-0.12457529216100535,-0.14065746898533213,-1.995553965517959,-0.08868321272936958,0.2914152926350998,-0.2288511850207221,-0.23855760955043356,-0.57445530171694,0.0,0.0,-0.2887707954598505,-0.12965929279139857,-0.5782055760576401,-1.0623341353845643,-1.0485565790508873,0.5493971881446129
-0.5301847187549021,0.06457316506698858,0.34360166017397953,-0.14440844651487644,-0.26976499865591363,0.06311028918536546,-0.15427899647066212,-0.12591849498943178,-0.12125374082048031,-1.995553965517959,-0.5117792135488418,0.2914152926350998,1.0836028412823642,-0.23855760955043356,0.46208758257228444,0.0,0.0,0.6229495371739221,-0.14899524091231592,-0.5782055760576401,-0.07573795826908077,0.9536919799837233,0.5493971881446129
0.07846050539972088,0.8858113669445872,-0.31378087963814716,-0.15879033316330265,-0.35428310999629337,-0.17453775587990636,-0.162454109837077,-0.12726169781785823,-0.14065746898533213,0.27461751819054514,-0.10379378418720787,0.2914152926350998,0.5847367476885666,-0.23855760955043356,0.40069928517932457,0.0,0.0,-0.03913308533393658,-0.15271252518224562,1.7862885274902995,0.9623453420625195,0.9536919799837233,0.5493971881446129
0.27245565551832174,0.8858113669445872,-0.31378087963814716,-0.1300265598664502,-0.35428310999629337,-0.17453775587990636,-0.162454109837077,-0.12726169781785823,-0.14065746898533213,0.27461751819054514,-0.7384377854164161,0.2914152926350998,1.0703836766571662,-0.23855760955043356,0.2587191717217629,0.0,0.0,-0.6035313864881767,-0.14545674358382163,1.9915405920719578,-0.9672525024657791,0.9536919799837233,0.5493971881446129
-1.7843588346984385,0.8858113669445872,-0.31378087963814716,-0.15399637094716057,-0.2246886726077111,-0.17453775587990636,-0.13997254807943607,-0.12726169781785823,-0.14065746898533213,2.544789001899049,0.01709078747549847,0.2914152926350998,-0.8037133154870627,-0.23855760955043356,0.37420538840973155,0.0,0.0,2.204892852428355,-0.15081442237813886,-1.6917206589063898,-0.5972920134772701,0.9536919799837233,0.5493971881446129
0.7559552424716859,0.06457316506698858,-0.31378087963814716,-0.14440844651487644,-0.3261104062161668,-0.17453775587990636,-0.15632277481226584,-0.12591849498943178,0.1115909971577416,0.27461751819054514,0.06242250184901335,0.2914152926350998,0.11034184575213087,-0.23855760955043356,0.27538427134508975,0.0,0.0,0.9648446619115868,-0.15253810735536044,-0.7418753830924125,-0.8367516717508445,0.9536919799837233,0.5493971881446129
1.2222424511957144,0.06457316506698858,-0.31378087963814716,-0.15879033316330265,-0.30920678394809087,-0.17453775587990636,-0.16143222066627516,-0.12591849498943178,-0.14065746898533213,-1.995553965517959,-0.013130355440178116,0.2914152926350998,-0.6299313732589805,-0.23855760955043356,0.9585032198688583,0.0,0.0,-0.6822215342452583,-0.07769541783892465,1.2098853973525376,1.0591977435253295,0.9536919799837233,0.5493971881446129
0.649833812787061,0.8858113669445872,-0.31378087963814716,-0.08208693770502949,-0.26976499865591363,-0.17453775587990636,-0.16143222066627516,-0.12726169781785823,-0.14065746898533213,0.27461751819054514,-0.20956778439207593,0.2914152926350998,0.9255236643060335,-0.23855760955043356,-0.29523602504708046,0.0,0.0,-0.5981044797463091,-0.10232815134870483,-1.4612372771973,0.24654136413914135,0.9536919799837233,0.5493971881446129
-0.3817441335740914,0.06457316506698858,0.34360166017397953,0.13364136202136379,0.9754685084256811,-0.17453775587990636,-0.0061050667043923736,-0.07756319316608012,4.787889484887031,0.27461751819054514,-0.8895434999947991,0.2914152926350998,0.07564153861098499,0.3020388726056208,1.5752620419646008,0.0,0.0,0.39230600064454507,-0.06667204427276917,0.25910696682602397,-1.08440665731214,0.9536919799837233,0.5493971881446129
-0.12666445319799918,-0.75666503681061,-0.31378087963814716,-0.16358429537944472,-0.3599176507523187,-0.17453775587990636,-0.16347599900787887,-0.12726169781785823,-0.14065746898533213,0.27461751819054514,2.313897649066919,0.2914152926350998,-1.2459048221324596,-0.23855760955043356,-2.1279959731629132,0.0,0.0,-0.6795080808743245,-0.14113573150733547,-0.8463320514089613,-0.20266749188952823,-1.0485565790508873,0.5493971881446129
-0.2792463624640635,0.8858113669445872,-0.31378087963814716,-0.06770505105660327,1.2346573832028456,0.12252230045168341,-0.07865919783132445,-0.10980006104831457,0.16980218165229705,-1.995553965517959,-0.7535483568742545,0.2914152926350998,0.15450587302268004,-0.23855760955043356,1.1188605136137502,0.0,0.0,-0.18837302073529816,0.06008594450903251,1.0092000616362544,-0.704827195609931,0.9536919799837233,0.5493971881446129
-0.6568833524881311,-0.75666503681061,0.34360166017397953,-0.06770505105660327,-0.19088142807155922,-0.1151257446135884,-0.08887808953934306,-0.12188888650415249,-0.10185001265562847,-1.995553965517959,2.1325707915728596,0.2914152926350998,-0.5684950079344383,-0.23855760955043356,-1.1187747573286135,0.0,0.0,1.2171958254084345,-0.1476841703580768,1.5183936778193632,0.959282488341046,0.9536919799837233,0.5493971881446129
1.185358783561424,0.06457316506698858,-0.31378087963814716,0.282254190721768,2.930654150766466,3.211946886300217,0.759289922226201,0.2797287591953516,0.5966842012790372,0.27461751819054514,0.6517347887047068,0.2914152926350998,0.3991805928127161,-0.23855760955043356,-1.4222903688142887,0.0,0.0,2.2944368136691717,-0.07405806576885303,-0.8865596275407771,-0.9672525024657791,0.9536919799837233,0.5493971881446129
0.10421436455489204,-0.75666503681061,-0.31378087963814716,0.061731928779232684,0.2880545361905926,-0.17453775587990636,-0.032674185145240744,-0.08965201862191804,-0.14065746898533213,0.27461751819054514,1.7094747907533874,0.2914152926350998,-0.83241630726651,-0.23855760955043356,-1.6413976658272964,0.0,0.0,0.7260607652694083,-0.12127475968274688,0.43836893607345584,-1.0868992989046158,0.9536919799837233,0.5493971881446129
0.3260340358712909,0.8858113669445872,-0.31378087963814716,-0.12043863543416607,-0.24722683563181239,-0.17453775587990636,-0.14303821559184166,-0.12457529216100535,-0.14065746898533213,0.27461751819054514,-0.0433514983558547,0.2914152926350998,0.07564153861098499,-0.23855760955043356,-0.009465487031406757,0.0,0.0,-0.5926775730044413,-0.09305465167443464,0.22490829069474474,-1.0453552723633537,0.9536919799837233,0.5493971881446129
1.4105432806970917,0.06457316506698858,-0.31378087963814716,-0.16358429537944472,-0.1458051020233567,-0.05571373334727045,-0.155300885641464,-0.12457529216100535,-0.14065746898533213,0.27461751819054514,-0.31534178459694395,0.2914152926350998,0.12704940104231224,-0.23855760955043356,1.5752620419646008,0.0,0.0,-0.6767946275033906,0.10149564357535847,-0.3695037486790324,0.14354244718860665,-1.0485565790508873,0.5493971881446129
1.3151634103585934,0.8858113669445872,-0.31378087963814716,-0.16358429537944472,-0.29793770243604023,-0.17453775587990636,-0.15325710729986028,-0.12726169781785823,-0.14065746898533213,0.27461751819054514,-0.8744329285369609,0.2914152926350998,1.4173867480686244,-0.23855760955043356,1.5752620419646008,0.0,0.0,0.23221225175944812,-0.14892974746601134,-0.2977270072934111,1.0726080760355647,-1.0485565790508873,0.5493971881446129
-1.5735395554834946,-1.5779032386882086,-0.31378087963814716,-0.16358429537944472,-0.34864856924026805,-0.17453775587990636,-0.15325710729986028,-0.12726169781785823,-0.14065746898533213,0.27461751819054514,0.8935039320301195,0.2914152926350998,-1.7935326022913267,-0.23855760955043356,-0.5534764298210816,0.0,0.0,0.06669159613248346,-0.15242994489090275,0.88008349752086,1.1869850911270081,-1.0485565790508873,0.5493971881446129
-1.3021534115217162,-1.5779032386882086,-0.31378087963814716,-0.15879033316330265,-0.34301402848424273,-0.17453775587990636,-0.16449788817868072,-0.12726169781785823,0.5772804731141854,0.27461751819054514,1.2561576470182385,0.2914152926350998,-0.6262987258371752,-0.23855760955043356,-1.2411397943776716,0.0,0.0,-0.2589228083795782,-0.15017719548964592,-1.5576287384669998,-0.516431450905098,0.9536919799837233,-1.8201767711573702
-0.15448897439579717,0.8858113669445872,-0.31378087963814716,-0.16358429537944472,-0.30357224319206555,-0.17453775587990636,-0.1604103314954733,-0.12726169781785823,-0.14065746898533213,0.27461751819054514,0.22863878788523456,0.2914152926350998,0.5853805381735605,-0.23855760955043356,-1.0870802067486922,0.0,0.0,0.7342011253822098,-0.15110352072922972,-0.35445850688810554,0.03246295222316791,-1.0485565790508873,0.5493971881446129
0.04649466011666923,-1.5779032386882086,-0.31378087963814716,-0.16358429537944472,-0.34301402848424273,-0.17453775587990636,-0.16449788817868072,-0.12726169781785823,-0.14065746898533213,0.27461751819054514,-0.8744329285369609,0.2914152926350998,-2.6772494945865852,-0.23855760955043356,1.5752620419646008,0.0,0.0,-0.6659408140196552,-0.12706438373877818,0.7937221444573845,0.6315571401433822,-1.0485565790508873,-1.8201767711573702
1.091402493377232,-2.399141440565807,-0.31378087963814716,-0.16358429537944472,-0.365552191508344,-0.17453775587990636,-0.16449788817868072,-0.12726169781785823,-0.14065746898533213,0.27461751819054514,0.6064030743311919,0.2914152926350998,-0.8495223082090171,-0.23855760955043356,-0.7067455997896503,0.0,0.0,-0.6632273606487213,-0.14919529948698837,1.887783148630462,0.10037840430801433,-1.0485565790508873,-1.8201767711573702
0.01142282176967735,0.8858113669445872,2.9731318194224863,1.8786436086970781,2.423545482724187,0.003698277919047501,1.4449775558342492,1.0426679657415667,0.033976084498334294,0.27461751819054514,1.029499075150664,0.2914152926350998,-0.30440944436346934,-0.23855760955043356,-1.6163570374119747,0.0,0.0,1.7327519658858654,-0.07095891177071852,0.7937221444573845,-0.8689413235737278,0.9536919799837233,0.5493971881446129
0.8707475694598106,0.8858113669445872,-0.31378087963814716,-0.16358429537944472,-0.33174494697219215,-0.17453775587990636,-0.16347599900787887,-0.12726169781785823,-0.14065746898533213,0.27461751819054514,-0.7384377854164161,0.2914152926350998,0.5383123004929298,-0.23855760955043356,0.2587191717217629,0.0,0.0,-0.6632273606487213,-0.11741757431007116,-0.4594159100683915,-0.8951576379449417,-1.0485565790508873,0.5493971881446129
-0.8204656538556504,0.8858113669445872,-0.31378087963814716,-0.05811712662431912,0.051403824437529354,0.1522283060848424,-0.09398753539335236,-0.11651607519044675,-0.14065746898533213,-1.995553965517959,0.5761819314155153,0.2914152926350998,-0.23280563597697815,-0.23855760955043356,-1.1510302734055233,0.0,0.0,0.6636513377379298,-0.13225331408861263,-0.6862124609088535,-0.5110770322675587,0.9536919799837233,0.5493971881446129
-1.3770854941892745,0.06457316506698858,-0.31378087963814716,-0.1492024087310185,0.2880545361905926,-0.026007727714111476,-0.11340342963858771,-0.12457529216100535,-0.14065746898533213,0.27461751819054514,-0.4060052133439737,0.2914152926350998,0.2741167802137508,-0.23855760955043356,-0.08870186348120815,0.0,0.0,0.4981306821109651,-0.11516925969142715,-0.12446840774978787,0.28239181589540546,0.9536919799837233,0.5493971881446129
-0.35793152008388296,-0.75666503681061,-0.31378087963814716,-0.13961448429873435,-0.258495917143863,-0.1151257446135884,-0.1287317672006156,-0.12726169781785823,-0.14065746898533213,0.27461751819054514,-0.6931060710429013,0.2914152926350998,-1.4135799761965242,-0.23855760955043356,0.39491326174688457,0.0,0.0,-0.4895663449089552,-0.12146097661752836,0.25910696682602397,-0.03001926369489107,0.9536919799837233,0.5493971881446129
-0.18024283355096835,0.06457316506698858,-0.31378087963814716,-0.12523259765030814,0.18099826182611162,0.24134632298431935,-0.10114075958896539,-0.11382966953359387,0.014572356333482469,0.27461751819054514,-0.5873320708380333,0.2914152926350998,-1.936976275575474,-0.23855760955043356,-0.6433564986298103,0.0,0.0,0.3353234798549343,-0.11657710550816278,-0.3264081370708519,-0.9672525024657791,0.9536919799837233,0.5493971881446129
0.3776711705592974,0.06457316506698858,-0.31378087963814716,-0.16358429537944472,-0.34301402848424273,-0.14483175024674738,-0.15427899647066212,-0.12726169781785823,-0.14065746898533213,0.27461751819054514,-0.6931060710429013,0.2914152926350998,0.16239230646384956,-0.23855760955043356,1.1818124485586958,0.0,0.0,2.324284800749444,-0.1538119748998591,0.22490829069474474,-0.28856636404548136,-1.0485565790508873,0.5493971881446129
1.0428713517531656,0.06457316506698858,-0.31378087963814716,-0.16358429537944472,-0.2810340801679643,-0.17453775587990636,-0.15325710729986028,-0.12726169781785823,-0.14065746898533213,2.544789001899049,-0.9197646429104757,0.2914152926350998,-0.03176417396875203,-0.23855760955043356,1.5752620419646008,0.0,0.0,-0.7310636949220676,0.45987776640392464,-0.8936620082071127,1.5766662884837732,-1.0485565790508873,0.5493971881446129
-0.156559636438424,-1.5779032386882086,2.9731318194224863,0.042556079914664396,-0.0387488276588757,0.033404283552206475,-0.06844030612330586,-0.0762199903376537,-0.12125374082048031,0.27461751819054514,0.3948550739214558,0.2914152926350998,-0.8060116475184894,-0.23855760955043356,-1.4749461920633595,0.0,0.0,1.830436287239484,-0.14493257017791877,-0.35445850688810554,-0.902295743343045,0.9536919799837233,0.5493971881446129
-1.4437349286863255,0.8858113669445872,0.34360166017397953,-0.06770505105660327,0.11338377275380783,-0.05571373334727045,-0.10522831627217283,-0.11651607519044675,0.26682082247655614,0.27461751819054514,0.6215136457890302,0.2914152926350998,0.5244370122316842,0.4407750230941566,-0.9821603151737848,0.0,0.0,-0.3945954769262705,-0.05129673468414188,-0.5668106997522169,0.8910547813040847,0.9536919799837233,0.5493971881446129
-0.09689868633523854,0.8858113669445872,-0.31378087963814716,-0.15879033316330265,-0.34864856924026805,-0.17453775587990636,-0.1604103314954733,-0.12726169781785823,-0.14065746898533213,0.27461751819054514,0.1379753591382048,0.2914152926350998,0.23893710162814186,-0.23855760955043356,0.3527579481676808,0.0,0.0,-0.5601161325532352,-0.14532189517437907,0.25366429330206547,-0.11927957214926103,0.9536919799837233,0.5493971881446129
-0.07502731850999268,0.06457316506698858,-0.31378087963814716,-0.03414731554360876,-0.24722683563181239,-0.17453775587990636,-0.1471257722750491,-0.12591849498943178,-0.08244628449077665,0.27461751819054514,1.1503836468133704,0.2914152926350998,-0.7603748328848062,0.7302018684483993,-0.16269079778201473,0.0,0.0,2.3324251608622455,-0.1515092115144338,-0.8612912158775589,0.4789418328561877,0.9536919799837233,0.5493971881446129
-0.3933916075638674,0.06457316506698858,-0.31378087963814716,-0.16358429537944472,-0.35428310999629337,-0.17453775587990636,-0.16449788817868072,-0.12726169781785823,-0.14065746898533213,0.27461751819054514,-0.7082166425007396,0.2914152926350998,-6.822242424254357e-05,-0.23855760955043356,0.7602593127666541,0.0,0.0,-0.7256367881801998,-0.07769541783892465,0.10425151138888096,1.5097210571429958,-1.0485565790508873,-1.8201767711573702
0.1871702626376293,-0.75666503681061,1.0009841999861062,3.129867747110159,-0.16834326504745797,-0.14483175024674738,-0.017345847583212837,-0.0533855422544043,-0.14065746898533213,0.27461751819054514,0.9690567893193109,0.2914152926350998,0.2849449785099597,-0.23855760955043356,-0.9694227384088447,0.0,0.0,-0.06355416567234119,-0.1323742902933402,-0.5572324372941792,-0.21881444848327186,0.9536919799837233,0.5493971881446129
-1.7381571878723274,0.06457316506698858,-0.31378087963814716,-0.1348205220825923,0.47962892189545336,0.36017034551695526,-0.032674185145240744,-0.09099522145034449,0.732510298433,0.27461751819054514,0.1530859305960431,0.2914152926350998,0.05395384664776878,3.055702203588035,-0.30403836889184144,0.0,0.0,-0.7229233348092661,3.15871456892925,-1.1699181340241418,1.6459742926954035,0.9536919799837233,0.5493971881446129
0.6947412958365303,0.8858113669445872,-0.31378087963814716,0.00899834440166989,-0.09509423521912885,-0.17453775587990636,-0.12362232134660632,-0.07890639599450656,-0.14065746898533213,0.27461751819054514,0.01709078747549847,0.2914152926350998,0.11034184575213087,0.17057563717221824,-0.6767191834507785,0.0,0.0,-0.6388062803103167,0.04356169138878572,2.6855336471000912,0.33994122529361787,0.9536919799837233,0.5493971881446129
-0.1737720146677595,0.8858113669445872,-0.31378087963814716,-0.16358429537944472,-0.33737948772821746,-0.17453775587990636,-0.16347599900787887,-0.12726169781785823,-0.14065746898533213,0.27461751819054514,-0.9197646429104757,0.2914152926350998,-1.0232015208586334,-0.23855760955043356,1.5752620419646008,0.0,0.0,-0.7229233348092661,-0.022841011283531876,-0.3264081370708519,-1.101142965147334,-1.0485565790508873,0.5493971881446129
-0.2659164755646533,0.06457316506698858,-0.31378087963814716,0.00899834440166989,-0.09509423521912885,-0.17453775587990636,-0.12362232134660632,-0.07890639599450656,-0.14065746898533213,0.27461751819054514,-0.2548994987655908,0.2914152926350998,0.22706106068143955,0.17057563717221824,1.378537245261649,0.0,0.0,-0.6388062803103167,0.04356169138878572,-0.8603242518026359,2.135312701741298,0.9536919799837233,0.5493971881446129
0.707682933602948,-1.5779032386882086,-0.31378087963814716,-0.16358429537944472,-0.2866686209239896,-0.14483175024674738,-0.1450819939334454,-0.12726169781785823,-0.14065746898533213,0.27461751819054514,0.3948550739214558,0.2914152926350998,-0.7349336013614088,-0.23855760955043356,0.10664326261780512,0.0,0.0,0.9295697680894468,-0.15075151384224325,2.6855336471000912,-0.5867914847469042,-1.0485565790508873,0.5493971881446129
1.026306055412151,0.8858113669445872,0.34360166017397953,-0.15879033316330265,-0.33737948772821746,-0.17453775587990636,-0.15325710729986028,-0.12726169781785823,-0.14065746898533213,2.544789001899049,-0.22467835584991422,0.2914152926350998,-0.41331733474152466,-0.23855760955043356,0.24409091760795365,0.0,0.0,-0.636092826939383,-0.1308619965003054,-0.8936620082071127,-0.09250147961295005,0.9536919799837233,0.5493971881446129
-1.3385194136453498,0.8858113669445872,-0.31378087963814716,-0.13961448429873435,-0.050017909170926335,-0.1151257446135884,-0.11340342963858771,-0.12054568367572605,-0.14065746898533213,0.27461751819054514,-0.3304523560547823,0.2914152926350998,-0.47863930869868637,-0.23855760955043356,-0.14700787634049445,0.0,0.0,3.4150930558648507,-0.14877698957114774,-0.4616244828756293,-0.7019978122476026,0.9536919799837233,0.5493971881446129
0.7277424721408954,0.8858113669445872,1.0009841999861062,-0.1300265598664502,-0.3204758654601415,-0.17453775587990636,-0.15836655315386958,-0.12726169781785823,-0.14065746898533213,0.27461751819054514,0.3797445024636175,0.2914152926350998,0.16689049442659062,-0.23855760955043356,-0.3644444535265136,0.0,0.0,-0.7174964280673983,-0.0008992486613747532,-0.7418753830924125,-0.5361252126311697,0.9536919799837233,0.5493971881446129
0.8693239893055047,0.8858113669445872,-0.31378087963814716,-0.16358429537944472,-0.34301402848424273,-0.17453775587990636,-0.15325710729986028,-0.12726169781785823,-0.14065746898533213,0.27461751819054514,-0.9197646429104757,0.2914152926350998,-0.5026969137414458,-0.23855760955043356,-0.05474341643129381,0.0,0.0,-0.7174964280673983,-0.06916251015253022,-0.4594159100683915,-1.2350334278288906,-1.0485565790508873,0.5493971881446129
1.1161210215110897,-2.399141440565807,-0.31378087963814716,-0.16358429537944472,-0.365552191508344,-0.17453775587990636,-0.16143222066627516,-0.12726169781785823,-0.14065746898533213,0.27461751819054514,0.42507621683713237,0.2914152926350998,-0.9969134093880688,-0.23855760955043356,-0.41872521782066807,0.0,0.0,-0.7147829746964645,-0.1391323531809646,2.3081001784106907,0.9709094379050868,-1.0485565790508873,0.5493971881446129
1.4465210336877328,0.06457316506698858,-0.31378087963814716,-0.16358429537944472,-0.3204758654601415,-0.17453775587990636,-0.16449788817868072,-0.12726169781785823,-0.14065746898533213,2.544789001899049,-0.7233272139585779,0.2914152926350998,-0.4564298375532513,-0.23855760955043356,0.30748001876779374,0.0,0.0,-0.4488645443449475,-0.14169222548688293,-1.455640001332804,0.03940542065850835,-1.0485565790508873,-1.8201767711573702
-1.058074123247079,0.8858113669445872,-0.31378087963814716,-0.16358429537944472,-0.365552191508344,-0.17453775587990636,-0.16347599900787887,-0.12726169781785823,-0.14065746898533213,0.27461751819054514,-0.7535483568742545,0.2914152926350998,1.3190692111687112,-0.23855760955043356,1.1188605136137502,0.0,0.0,-0.6957888010999276,-0.14545674358382163,-1.3024883843945956,0.41985269091513555,-1.0485565790508873,0.5493971881446129
0.8559941024060944,0.06457316506698858,0.34360166017397953,0.25828437964105766,1.5558262062962886,0.21164031735116035,1.5236630219859926,1.1313193524177114,-0.14065746898533213,0.27461751819054514,0.04731193039117505,0.2914152926350998,-0.6954763978589228,0.3439492270584868,-0.9115411573829812,0.0,0.0,0.2132180781629112,-0.005262667364644622,-0.4594159100683915,-0.9672525024657791,0.9536919799837233,0.5493971881446129
-1.2810585419624554,0.8858113669445872,-0.31378087963814716,0.042556079914664396,0.7331832559165926,0.4195823567832732,0.11141218793782157,0.20853900928875055,-0.12125374082048031,0.27461751819054514,1.633921933464196,0.2914152926350998,0.3594183316650336,1.2547089086910854,-1.4175348652540896,0.0,0.0,1.7029039788055933,-0.12107971319005996,0.08020828975698321,0.33872824008381935,0.9536919799837233,0.5493971881446129
-1.0582035396247431,0.8858113669445872,-0.31378087963814716,-0.06770505105660327,-0.24159229487578707,-0.1151257446135884,-0.15121332895825654,-0.12591849498943178,-0.12125374082048031,0.27461751819054514,-0.8442117856212842,0.2914152926350998,0.7310917846104068,-0.23855760955043356,1.5752620419646008,0.0,0.0,-0.6930753477289937,0.0417652897705974,-1.3024883843945956,2.4363839962284985,0.9536919799837233,0.5493971881446129
0.3161983911688135,0.06457316506698858,-0.31378087963814716,-0.16358429537944472,-0.34864856924026805,-0.17453775587990636,-0.1604103314954733,-0.12726169781785823,-0.14065746898533213,0.27461751819054514,0.198417644969558,0.2914152926350998,-0.24887059298676836,-0.23855760955043356,-0.23997130943082634,0.0,0.0,-0.5221277853601614,-0.14690678018412395,0.6756377459576545,-0.4773351276537234,-1.0485565790508873,0.5493971881446129
-0.23382121390393748,-2.399141440565807,0.34360166017397953,-0.16358429537944472,-0.33174494697219215,-0.14483175024674738,-0.1604103314954733,-0.12726169781785823,-0.14065746898533213,0.27461751819054514,0.7877299318252514,0.2914152926350998,-1.601849245110718,-0.23855760955043356,-1.2997082153635904,0.0,0.0,-0.6903618943580598,-0.09790493604354306,0.353181127794314,-0.339970413524633,-1.0485565790508873,0.5493971881446129
0.044941663584699115,0.8858113669445872,-0.31378087963814716,-0.16358429537944472,-0.24159229487578707,-0.14483175024674738,-0.15836655315386958,-0.12726169781785823,-0.14065746898533213,0.27461751819054514,-0.30023121313910567,0.2914152926350998,1.1937625464923516,-0.23855760955043356,-0.4992903596301729,0.0,0.0,-0.6903618943580598,0.03143598046601468,0.7937221444573845,-0.03001926369489107,-1.0485565790508873,0.5493971881446129
1.5459128117338203,-0.75666503681061,-0.31378087963814716,-0.16358429537944472,-0.35428310999629337,-0.17453775587990636,-0.16449788817868072,-0.12726169781785823,-0.14065746898533213,0.27461751819054514,-0.10379378418720787,0.2914152926350998,0.3069769195519573,-0.23855760955043356,-2.45181026701349,0.0,0.0,-0.687648440987126,-0.13145273626320958,-0.7390669220744036,-1.353172071371439,-1.0485565790508873,-1.8201767711573702
-1.7469575015534915,0.06457316506698858,0.34360166017397953,0.23910853077648936,1.150139271862466,0.2710523286174783,0.16046286813631086,-0.05472874508283073,-0.12125374082048031,0.27461751819054514,1.5885902190906809,0.2914152926350998,-0.21871790444531644,2.4468431848701337,-0.5165782963101301,0.0,0.0,1.29859942653645,-0.09934540170280841,-1.1699181340241418,0.23032330263035633,0.9536919799837233,0.5493971881446129
-0.911704200108895,-0.75666503681061,-0.31378087963814716,-0.16358429537944472,-0.365552191508344,-0.17453775587990636,-0.16449788817868072,-0.12726169781785823,-0.14065746898533213,0.27461751819054514,0.8783933605722811,0.2914152926350998,-0.6967156945425349,-0.23855760955043356,-0.9126410261133433,0.0,0.0,-0.6822215342452583,-0.14751011709124276,0.525188694702774,0.20957419584052359,-1.0485565790508873,-1.8201767711573702
-0.6540361921795192,0.06457316506698858,-0.31378087963814716,-0.1300265598664502,-0.33174494697219215,-0.17453775587990636,-0.1604103314954733,-0.12591849498943178,-0.14065746898533213,-1.995553965517959,0.28908107371658776,0.2914152926350998,-1.0636852125233036,-0.23855760955043356,-1.2165558176283664,0.0,0.0,0.06669159613248346,-0.1508837132967239,1.5183936778193632,-1.2663694935628718,0.9536919799837233,0.5493971881446129
-1.5690099822652483,0.06457316506698858,1.6583667397982327,1.8978194575616465,3.3363410852002886,1.0137024694464527,4.884656504753311,7.1300631841701705,1.7997153474998502,0.27461751819054514,-0.934875214368314,0.2914152926350998,-3.6257245564445717,8.930881236885055,1.5752620419646008,0.0,0.0,1.8033017535301454,-0.046747707871852305,0.1997550234776168,-1.904485741236667,0.9536919799837233,0.5493971881446129
-0.38575604128168095,0.06457316506698858,-0.31378087963814716,0.25349041742491557,0.6993760113804407,-0.17453775587990636,-0.034717963486844465,-0.06547436771024222,0.3638394633008153,0.27461751819054514,0.6064030743311919,0.2914152926350998,0.564016231708593,1.3853293146004428,-1.0043987704532493,0.0,0.0,-0.0988290594944812,-0.03135848875711185,0.25910696682602397,0.34487403181346443,0.9536919799837233,0.5493971881446129
1.0121996702467557,0.8858113669445872,-0.31378087963814716,-0.12043863543416607,-0.23032321336373643,-0.17453775587990636,-0.15325710729986028,-0.12323208933257893,-0.10185001265562847,2.544789001899049,1.5885902190906809,0.2914152926350998,-0.07271484699246494,-0.23855760955043356,-1.784360319506936,0.0,0.0,1.1466460377641545,-0.14897462083992646,-0.8936620082071127,0.07411776283520723,0.9536919799837233,0.5493971881446129
1.2469609793295722,0.06457316506698858,-0.31378087963814716,-0.16358429537944472,-0.3599176507523187,-0.17453775587990636,-0.16449788817868072,-0.12726169781785823,-0.14065746898533213,0.27461751819054514,0.24374935934307287,0.2914152926350998,-0.2084545432463493,-0.23855760955043356,-0.30551348695373814,0.0,0.0,-0.6686542673905891,-0.14311437676794866,0.9494396672975342,-0.07121632913536952,-1.0485565790508873,-1.8201767711573702
0.4325437146889083,-0.75666503681061,-0.31378087963814716,-0.12043863543416607,-0.19651596882758454,-0.17453775587990636,-0.15325710729986028,-0.12591849498943178,-0.14065746898533213,0.27461751819054514,-0.7988800712477694,0.2914152926350998,-1.6786517668580547,-0.23855760955043356,1.0566239415659078,0.0,0.0,-0.6686542673905891,0.021855171835677034,0.16008876236159203,2.2704623223791054,0.9536919799837233,0.5493971881446129
-1.573798388238823,-2.399141440565807,-0.31378087963814716,-0.16358429537944472,-0.3599176507523187,-0.17453775587990636,-0.16143222066627516,-0.12726169781785823,-0.14065746898533213,0.27461751819054514,1.6188113620063576,0.2914152926350998,-0.847290241601436,-0.23855760955043356,-0.8697461456292405,0.0,0.0,-0.6686542673905891,-0.14311437676794866,0.88008349752086,-0.18450825909668525,-1.0485565790508873,0.5493971881446129
0.6481513998774266,0.8858113669445872,-0.31378087963814716,-0.16358429537944472,-0.33737948772821746,-0.17453775587990636,-0.16449788817868072,-0.12726169781785823,-0.14065746898533213,0.27461751819054514,-0.17934664147639934,0.2914152926350998,0.40859924760817007,-0.23855760955043356,-0.7791902868294689,0.0,0.0,-0.6605139072777876,-0.12377311934545461,-1.4612372771973,-0.05977269984634773,-1.0485565790508873,-1.8201767711573702
0.6526809730956729,-0.75666503681061,1.0009841999861062,0.03296815548238025,0.6092233592840356,-0.14483175024674738,0.016376495053248553,-0.021148674372169853,-0.14065746898533213,0.27461751819054514,0.8632827891144429,0.2914152926350998,-0.4188378381503433,-0.23855760955043356,-1.6230062438273425,0.0,0.0,1.40442410800287,-0.12070515607616185,1.6646001096915513,-1.6204756688818527,0.9536919799837233,0.5493971881446129
-1.650671716571344,0.8858113669445872,0.34360166017397953,-0.11564467321802399,-0.34864856924026805,-0.14483175024674738,-0.162454109837077,-0.12726169781785823,-0.14065746898533213,0.27461751819054514,-0.43622635625965034,0.2914152926350998,-0.0014702550360057643,-0.23855760955043356,0.8311291153056062,0.0,0.0,-0.23992863478304124,-0.15117067159258052,-0.5976524898668184,-1.0895003162185033,0.9536919799837233,0.5493971881446129
-1.2418453795302098,0.06457316506698858,-0.31378087963814716,-0.11085071100188193,0.057038365193554666,-0.17453775587990636,-0.11238154046778585,-0.11920248084729962,-0.14065746898533213,0.27461751819054514,0.07753307330685164,0.2914152926350998,0.26942247459400737,-0.23855760955043356,-0.7067455997896503,0.0,0.0,-0.4868528915380213,-0.030310547495330045,0.08020828975698321,-0.14717341854125207,0.9536919799837233,0.5493971881446129
1.5457833953561562,0.8858113669445872,-0.31378087963814716,-0.16358429537944472,-0.3261104062161668,-0.17453775587990636,-0.15938844232467142,-0.12726169781785823,-0.14065746898533213,0.27461751819054514,-0.421115784801812,0.2914152926350998,0.5730126076340754,-0.23855760955043356,0.6041949603670468,0.0,0.0,-0.23992863478304124,-0.14784975616868645,-0.7390669220744036,0.40868565658084416,-1.0485565790508873,0.5493971881446129
-0.48773614688105216,0.06457316506698858,1.0009841999861062,0.04735004213080647,-0.10636331673117949,-0.17453775587990636,-0.13281932388382306,-0.10845685821988814,-0.14065746898533213,-1.995553965517959,-0.7988800712477694,0.2914152926350998,1.39939399621766,-0.23855760955043356,0.019347740768520215,0.0,0.0,-0.3186187825401228,-0.10821697225564322,0.22152724227200443,1.5888381487275511,0.9536919799837233,0.5493971881446129
-0.475182758247627,0.8858113669445872,-0.31378087963814716,-0.15399637094716057,-0.29793770243604023,-0.17453775587990636,-0.1501914397874547,-0.12726169781785823,-0.14065746898533213,-1.995553965517959,0.1379753591382048,0.2914152926350998,0.4682106699047559,-0.23855760955043356,-0.8697461456292405,0.0,0.0,-0.652373547164986,-0.09398551433113221,0.22152724227200443,0.014610890532293915,0.9536919799837233,0.5493971881446129
0.4888398389728252,0.06457316506698858,-0.31378087963814716,-0.1492024087310185,-0.34301402848424273,-0.14483175024674738,-0.155300885641464,-0.12591849498943178,-0.14065746898533213,0.27461751819054514,-0.2548994987655908,0.2914152926350998,-0.24822799470637666,-0.23855760955043356,0.001463668340978332,0.0,0.0,-0.7337771482930014,0.10149564357535847,0.09826072687203845,0.5840300996377594,0.9536919799837233,0.5493971881446129
-0.528631722222932,-0.75666503681061,-0.31378087963814716,0.013792306617811962,1.4149626873956558,0.033404283552206475,0.15944097896550902,-0.045326325283845684,-0.14065746898533213,-1.995553965517959,-0.0433514983558547,0.2914152926350998,-0.3784668098205468,-0.23855760955043356,-1.9111385218266173,0.0,0.0,1.3311608669876562,-0.09076282882463343,-0.5782055760576401,-0.8370812193031554,0.9536919799837233,0.5493971881446129
-1.6337181710973367,0.8858113669445872,0.34360166017397953,-0.1492024087310185,-0.365552191508344,-0.17453775587990636,-0.16347599900787887,-0.12726169781785823,-0.10185001265562847,0.27461751819054514,-0.9650963572839906,0.2914152926350998,-0.7725881915059133,-0.23855760955043356,-0.4992903596301729,0.0,0.0,0.6772186045925991,-0.15419791141732522,-0.5976524898668184,0.8220109533695518,0.9536919799837233,0.5493971881446129
-1.6970027797751193,0.8858113669445872,-0.31378087963814716,-0.0629110888404612,-0.20215050958360986,-0.14483175024674738,-0.14814766144585095,-0.12591849498943178,-0.14065746898533213,0.27461751819054514,-1.0708703574888587,0.2914152926350998,-1.312370747034849,-0.23855760955043356,1.5752620419646008,0.0,0.0,0.9187159546057114,-0.14696255082259713,-1.1699181340241418,-2.373102360622111,0.9536919799837233,0.5493971881446129
0.39902487287388655,0.06457316506698858,-0.31378087963814716,-0.16358429537944472,-0.34864856924026805,-0.17453775587990636,-0.16449788817868072,-0.12726169781785823,-0.14065746898533213,0.27461751819054514,0.18330707351171968,0.2914152926350998,0.48877381487728666,-0.23855760955043356,-1.4411848408140078,0.0,0.0,-0.7283502415511337,-0.031617716332394706,-1.2076488261201908,-1.40893713223137,-1.0485565790508873,-1.8201767711573702
-1.5455856179080325,-0.75666503681061,-0.31378087963814716,-0.16358429537944472,-0.2528613763878377,-0.17453775587990636,-0.15938844232467142,-0.12591849498943178,-0.14065746898533213,0.27461751819054514,1.3921527901387831,0.2914152926350998,-0.9520567112438504,-0.23855760955043356,-1.6359463161925798,0.0,0.0,0.012422528713806518,-0.14288928807598142,0.1997550234776168,-0.32185236798283245,-1.0485565790508873,0.5493971881446129
-0.27458737286815316,0.8858113669445872,-0.31378087963814716,-0.16358429537944472,0.1359219357779091,-0.17453775587990636,-0.1501914397874547,-0.12457529216100535,-0.14065746898533213,-1.995553965517959,-0.7988800712477694,0.2914152926350998,0.2298651259049665,-0.23855760955043356,0.019347740768520215,0.0,0.0,1.4179913748575392,-0.1371256191120035,1.0092000616362544,-1.7340796978237785,-1.0485565790508873,0.5493971881446129
-0.44399341123056046,0.8858113669445872,-0.31378087963814716,-0.1300265598664502,-0.2866686209239896,-0.17453775587990636,-0.15325710729986028,-0.12726169781785823,-0.08244628449077665,-1.995553965517959,-0.6477743566693864,0.2914152926350998,1.463653824256819,-0.23855760955043356,-0.20755642815590833,0.0,0.0,-0.47599907805428593,-0.13098255563559194,0.22152724227200443,1.3172535170382604,0.9536919799837233,0.5493971881446129
-1.6383771606932471,0.8858113669445872,-0.31378087963814716,-0.13961448429873435,0.09648015048573189,-0.14483175024674738,-0.11033776212618213,-0.11382966953359387,-0.14065746898533213,0.27461751819054514,2.8427676500912593,0.2914152926350998,0.008444118432892654,-0.23855760955043356,-0.9410201485629011,0.0,0.0,3.160028438997069,-0.14562638250780052,-0.5976524898668184,0.4831426617157846,0.9536919799837233,0.5493971881446129
-1.2871411117126716,0.8858113669445872,-0.31378087963814716,-0.16358429537944472,-0.3599176507523187,-0.17453775587990636,-0.16449788817868072,-0.12726169781785823,-0.14065746898533213,0.27461751819054514,-0.572221499380195,0.2914152926350998,-0.09917440266827249,-0.23855760955043356,1.2668826309167296,0.0,0.0,-0.2996246089435859,-0.15260701844770033,-1.5576287384669998,0.17262576090421944,-1.0485565790508873,-1.8201767711573702
1.5004876631736943,0.06457316506698858,0.34360166017397953,-0.13961448429873435,-0.15143964277938202,-0.08541973898042943,-0.11442531880938957,-0.12726169781785823,-0.14065746898533213,0.27461751819054514,-0.7988800712477694,0.2914152926350998,0.692535887786911,-0.23855760955043356,0.019347740768520215,0.0,0.0,0.6907858714472682,-0.1431466983879729,-0.45137039484202884,-1.5636736544108898,0.9536919799837233,0.5493971881446129
-0.3971446825161285,0.06457316506698858,-0.31378087963814716,-0.16358429537944472,0.3049581584586686,0.033404283552206475,-0.10420642710137097,-0.12726169781785823,-0.14065746898533213,0.27461751819054514,-0.572221499380195,0.2914152926350998,-0.1185399781182555,-0.23855760955043356,0.9585032198688583,0.0,0.0,0.606668816948319,-0.11740691779592732,0.10425151138888096,0.2739482732037755,-1.0485565790508873,0.5493971881446129
-1.4363581951594673,0.8858113669445872,-0.31378087963814716,-0.16358429537944472,-0.365552191508344,-0.17453775587990636,-0.16449788817868072,-0.12726169781785823,-0.14065746898533213,0.27461751819054514,-0.421115784801812,0.2914152926350998,0.1637693027789744,-0.23855760955043356,-0.12410535083111847,0.0,0.0,-0.7147829746964645,-0.1391323531809646,-0.5668106997522169,0.12950979822355735,-1.0485565790508873,-1.8201767711573702
0.3159395584134851,-2.399141440565807,-0.31378087963814716,-0.16358429537944472,-0.365552191508344,-0.17453775587990636,-0.16449788817868072,-0.12726169781785823,-0.14065746898533213,0.27461751819054514,0.561071359957677,0.2914152926350998,-2.846895440609965,-0.23855760955043356,-0.15661875758103683,0.0,0.0,-0.7147829746964645,-0.1391323531809646,0.6756377459576545,0.5724878183721078,-1.0485565790508873,-1.8201767711573702
-0.16290103894396865,0.8858113669445872,-0.31378087963814716,-0.12523259765030814,-0.33174494697219215,-0.17453775587990636,-0.1604103314954733,-0.12726169781785823,-0.14065746898533213,0.27461751819054514,-0.6175532137537099,0.2914152926350998,-0.07858204868299677,0.2651800215495274,0.9040833238015842,0.0,0.0,-0.7093560679545968,-0.064896056309333,-0.3264081370708519,0.741819874116429,0.9536919799837233,0.5493971881446129
-0.22838572604204208,0.06457316506698858,-0.31378087963814716,-0.12523259765030814,-0.33174494697219215,-0.17453775587990636,-0.1604103314954733,-0.12726169781785823,-0.14065746898533213,0.27461751819054514,-0.4060052133439737,0.2914152926350998,0.0651262940227593,0.2651800215495274,0.38671639521759515,0.0,0.0,-0.7093560679545968,-0.064896056309333,0.353181127794314,2.313063833232329,0.9536919799837233,0.5493971881446129
-0.7979472041420836,0.06457316506698858,-0.31378087963814716,-0.15879033316330265,-0.34301402848424273,-0.17453775587990636,-0.16449788817868072,-0.12726169781785823,-0.14065746898533213,-1.995553965517959,-0.17934664147639934,0.2914152926350998,0.3763775338342485,-0.23855760955043356,0.48859173636733816,0.0,0.0,-0.6252390134556475,-0.1366320127891374,-0.6862124609088535,0.3270219701225905,0.9536919799837233,-1.8201767711573702
-1.6370829969166054,0.06457316506698858,-0.31378087963814716,-0.15879033316330265,-0.34864856924026805,-0.17453775587990636,-0.1604103314954733,-0.12726169781785823,-0.14065746898533213,0.27461751819054514,-0.7233272139585779,0.2914152926350998,-0.2077443030417061,-0.23855760955043356,-0.11511398896447443,0.0,0.0,-0.706642614583663,-0.10723240598413616,-0.5976524898668184,0.6642275798390997,0.9536919799837233,0.5493971881446129
1.4316381502563524,0.8858113669445872,-0.31378087963814716,-0.16358429537944472,-0.24159229487578707,-0.17453775587990636,-0.15632277481226584,-0.12726169781785823,-0.14065746898533213,0.27461751819054514,0.8632827891144429,0.2914152926350998,-0.34895932514692013,-0.23855760955043356,-1.0179284600288672,0.0,0.0,2.1072085310747366,-0.15112718341441048,1.5923482278547976,-0.5270368903158174,-1.0485565790508873,0.5493971881446129
1.0514128326790013,-1.5779032386882086,1.0009841999861062,0.0952896642922272,0.14719101728995973,0.003698277919047501,-0.005083177533590513,-0.0883088157934916,0.732510298433,0.27461751819054514,-0.11890435564504617,0.2914152926350998,-0.946089727211643,-0.23855760955043356,-0.468326890949654,0.0,0.0,1.2009151051828315,-0.13475625862447851,1.887783148630462,-0.16990482172039756,0.9536919799837233,0.5493971881446129
1.1021440527233586,-0.75666503681061,-0.31378087963814716,-0.12523259765030814,-0.23595775411976175,-0.14483175024674738,-0.13384121305462493,-0.12591849498943178,-0.14065746898533213,0.27461751819054514,2.2836765061512425,0.2914152926350998,-0.5566751692943395,-0.23855760955043356,-1.7568730101544394,0.0,0.0,0.376025280418942,-0.14554446051035225,2.3081001784106907,0.6666850907896631,0.9536919799837233,0.5493971881446129
1.5180882905360225,-1.5779032386882086,-0.31378087963814716,-0.16358429537944472,-0.26976499865591363,-0.17453775587990636,-0.15121332895825654,-0.12591849498943178,-0.14065746898533213,0.27461751819054514,-0.6024426422958715,0.2914152926350998,-1.4164716684582865,-0.23855760955043356,0.9232598586062429,0.0,0.0,-0.1965133808480997,-0.1407370492533313,-0.7390669220744036,0.5590987721039524,-1.0485565790508873,0.5493971881446129
-0.43571076306005313,0.06457316506698858,-0.31378087963814716,-0.16358429537944472,-0.33174494697219215,-0.17453775587990636,-0.16449788817868072,-0.12726169781785823,-0.14065746898533213,-1.995553965517959,-0.7535483568742545,0.2914152926350998,0.13733097352857748,-0.23855760955043356,0.6624589852629006,0.0,0.0,-0.6903618943580598,-0.09790493604354306,0.22152724227200443,-0.1799765818982333,-1.0485565790508873,-1.8201767711573702
0.5315472436020034,0.8858113669445872,-0.31378087963814716,-0.16358429537944472,-0.365552191508344,-0.17453775587990636,-0.16449788817868072,-0.12726169781785823,-0.14065746898533213,-1.995553965517959,0.1681965020538814,0.2914152926350998,0.8913240830976601,-0.23855760955043356,-1.3435849416745584,0.0,0.0,-0.6903618943580598,-0.1464077797346272,0.48190937141612833,-0.8800680151382544,-1.0485565790508873,-1.8201767711573702
-0.6876844503722052,0.06457316506698858,-0.31378087963814716,-0.15399637094716057,-0.34301402848424273,-0.17453775587990636,-0.16347599900787887,-0.12726169781785823,-0.14065746898533213,0.27461751819054514,-0.14912549856072274,0.2914152926350998,0.3551717905813263,-0.23855760955043356,-0.8822846491553626,0.0,0.0,2.0339452900595227,-0.15374089132558943,-0.32224024759188413,0.08533251953844859,0.9536919799837233,0.5493971881446129
0.5314178272243393,0.8858113669445872,-0.31378087963814716,-0.16358429537944472,-0.365552191508344,-0.17453775587990636,-0.16449788817868072,-0.12726169781785823,-0.14065746898533213,-1.995553965517959,0.45529735975280894,0.2914152926350998,-0.6459045305144288,-0.23855760955043356,-0.1634104469910197,0.0,0.0,-0.6903618943580598,-0.1464077797346272,0.48190937141612833,0.39843021688608643,-1.0485565790508873,-1.8201767711573702
-1.3660851020878193,-1.5779032386882086,-0.31378087963814716,-0.16358429537944472,-0.35428310999629337,-0.17453775587990636,-0.16347599900787887,-0.12726169781785823,-0.14065746898533213,0.27461751819054514,0.1681965020538814,0.2914152926350998,-1.4963567809995986,-0.23855760955043356,-0.41486090142573473,0.0,0.0,-0.6903618943580598,-0.1302401651709325,-0.12446840774978787,0.38410705111085086,-1.0485565790508873,0.5493971881446129
-1.189302330198554,0.8858113669445872,0.34360166017397953,-0.12523259765030814,-0.2528613763878377,-0.14483175024674738,-0.14610388310424724,-0.12188888650415249,-0.14065746898533213,0.27461751819054514,-0.36067349897045886,0.2914152926350998,-0.7918661399176612,-0.23855760955043356,-0.21454787313677307,0.0,0.0,3.355397081704306,-0.15235553462875465,-0.8250350993391762,-0.3608074656140285,0.9536919799837233,0.5493971881446129
1.2442432353986246,0.06457316506698858,-0.31378087963814716,-0.16358429537944472,-0.34864856924026805,-0.17453775587990636,-0.16449788817868072,-0.12726169781785823,-0.14065746898533213,0.27461751819054514,-0.6931060710429013,0.2914152926350998,0.42815259528294286,-0.23855760955043356,1.1818124485586958,0.0,0.0,-0.6903618943580598,-0.12215635788908515,0.9494396672975342,1.3273530131457059,-1.0485565790508873,-1.8201767711573702
0.8649238324649227,0.06457316506698858,-0.31378087963814716,-0.16358429537944472,-0.2866686209239896,-0.17453775587990636,-0.15427899647066212,-0.12726169781785823,-0.14065746898533213,0.27461751819054514,-0.5571109279223566,0.2914152926350998,-0.040026151859501015,-0.23855760955043356,-1.1271154285338547,0.0,0.0,0.8834410607835714,-0.15064536819289112,-0.4594159100683915,-0.42464378528263125,-1.0485565790508873,0.5493971881446129
0.5861609549762861,0.06457316506698858,-0.31378087963814716,-0.16358429537944472,-0.35428310999629337,-0.17453775587990636,-0.16449788817868072,-0.12726169781785823,-0.14065746898533213,0.27461751819054514,-0.2851206416812674,0.2914152926350998,1.3711196718804304,-0.23855760955043356,0.3527579481676808,0.0,0.0,-0.5221277853601614,-0.1488029818922116,-0.8053730648020195,-0.732944192773057,-1.0485565790508873,-1.8201767711573702
0.4765452830947284,0.06457316506698858,-0.31378087963814716,-0.11564467321802399,0.3162272399707192,-0.026007727714111476,-0.08376864368533377,-0.10577045256303527,-0.14065746898533213,0.27461751819054514,-0.8139906427056076,0.2914152926350998,0.8071019812052971,-0.23855760955043356,1.03192688916597,0.0,0.0,1.7083308855474608,-0.13374046267613993,0.09826072687203845,2.0229678307556247,0.9536919799837233,0.5493971881446129
0.1738403757382191,-0.75666503681061,-0.31378087963814716,-0.15879033316330265,-0.2810340801679643,-0.17453775587990636,-0.162454109837077,-0.12591849498943178,0.1115909971577416,0.27461751819054514,0.817951074740928,0.2914152926350998,0.08390351650173423,-0.23855760955043356,-0.7244355815086764,0.0,0.0,0.13995483714769733,-0.14693011805130043,-0.5572324372941792,0.02810372785679201,0.9536919799837233,0.5493971881446129
1.5447480643348428,0.06457316506698858,-0.31378087963814716,-0.16358429537944472,-0.365552191508344,-0.17453775587990636,-0.16449788817868072,-0.12726169781785823,-0.14065746898533213,0.27461751819054514,-0.7384377854164161,0.2914152926350998,-0.5798087073884367,-0.23855760955043356,1.136414418550322,0.0,0.0,-0.6849349876161922,-0.1471776661424222,-0.7390669220744036,0.330455058909297,-1.0485565790508873,-1.8201767711573702
-1.5992934146386657,0.8858113669445872,-0.31378087963814716,-0.16358429537944472,-0.365552191508344,-0.17453775587990636,-0.16347599900787887,-0.12726169781785823,-0.14065746898533213,2.544789001899049,0.12286478768036652,0.2914152926350998,0.40061266898044595,-0.23855760955043356,0.338028983182175,0.0,0.0,-0.5167008786182936,-0.15264107691581072,-1.68924287342001,0.46682727252100087,-1.0485565790508873,0.5493971881446129
-0.048367544711172286,0.8858113669445872,-0.31378087963814716,-0.0629110888404612,0.39511081055507363,-0.026007727714111476,-0.06128708192769283,-0.09233842427877091,-0.14065746898533213,0.27461751819054514,0.4704079312106473,0.2914152926350998,0.1487988813017198,-0.23855760955043356,-0.4699334860226998,0.0,0.0,0.058551236019681915,-0.08368291577480143,-0.8612912158775589,-0.13612113978216098,0.9536919799837233,0.5493971881446129
-1.6268591030811355,-1.5779032386882086,-0.31378087963814716,-0.16358429537944472,-0.3599176507523187,-0.17453775587990636,-0.16143222066627516,-0.12726169781785823,-0.14065746898533213,0.27461751819054514,-0.9046540714526374,0.2914152926350998,1.0009830623748743,-0.23855760955043356,1.5752620419646008,0.0,0.0,0.058551236019681915,-0.15345028302762645,-0.5976524898668184,-0.15498369553100902,-1.0485565790508873,0.5493971881446129
-1.2365393080459786,0.8858113669445872,-0.31378087963814716,-0.15399637094716057,-0.30357224319206555,-0.17453775587990636,-0.16143222066627516,-0.12726169781785823,-0.12125374082048031,0.27461751819054514,-0.31534178459694395,0.2914152926350998,0.1874960085165102,-0.23855760955043356,0.9413710303661973,0.0,0.0,-0.6795080808743245,-0.07435645396163988,0.08020828975698321,1.42789910772649,0.9536919799837233,0.5493971881446129
-0.5625388131709463,0.8858113669445872,-0.31378087963814716,-0.16358429537944472,-0.26976499865591363,-0.17453775587990636,-0.16449788817868072,-0.12726169781785823,-0.14065746898533213,-1.995553965517959,-0.4815580706331652,0.2914152926350998,-0.3697541785903027,-0.23855760955043356,0.5138631388230865,0.0,0.0,-0.6740811741324568,-0.043905103400802704,-0.0044208516090499346,0.40590317294273204,-1.0485565790508873,-1.8201767711573702
0.7379663659763653,0.06457316506698858,-0.31378087963814716,-0.12043863543416607,-0.30357224319206555,-0.17453775587990636,-0.1522352181290584,-0.12457529216100535,-0.14065746898533213,0.27461751819054514,0.12286478768036652,0.2914152926350998,-0.3329508225315114,-0.23855760955043356,-0.07438203641196693,0.0,0.0,-0.34303986287852745,-0.1419534369466705,-0.7418753830924125,-0.03001926369489107,0.9536919799837233,0.5493971881446129
-1.5911401828458227,-0.75666503681061,12.17648737679226,6.063772623389108,4.711169029670466,1.3404685314112015,10.106510167550818,16.364582629601912,-0.14065746898533213,0.27461751819054514,3.09964736487451,0.2914152926350998,-0.2554896852104934,0.7822528770104777,-0.5437450539500616,0.0,0.0,2.717735539534852,-0.04583253666643533,0.88008349752086,1.0879660996960987,0.9536919799837233,0.5493971881446129
0.31568072565815675,0.8858113669445872,-0.31378087963814716,-0.16358429537944472,-0.365552191508344,-0.17453775587990636,-0.16449788817868072,-0.12726169781785823,-0.14065746898533213,0.27461751819054514,-0.4815580706331652,0.2914152926350998,0.4375829336834946,-0.23855760955043356,0.24851341303771046,0.0,0.0,-0.1748057538806289,-0.15375669544539755,0.6756377459576545,2.106000675829459,-1.0485565790508873,-1.8201767711573702
-0.9179161862367755,0.8858113669445872,-0.31378087963814716,-0.16358429537944472,-0.2923031616800149,-0.17453775587990636,-0.1604103314954733,-0.12726169781785823,-0.14065746898533213,0.27461751819054514,-0.39089464188613543,0.2914152926350998,0.14311435805210218,-0.23855760955043356,0.6438303514526629,0.0,0.0,-0.6686542673905891,-0.07485111527679318,0.525188694702774,1.4236486168477114,-1.0485565790508873,0.5493971881446129
-0.43105177346414275,0.06457316506698858,-0.31378087963814716,-0.16358429537944472,-0.3148413247041162,-0.17453775587990636,-0.162454109837077,-0.12726169781785823,-0.14065746898533213,-1.995553965517959,-0.9953175001996671,0.2914152926350998,0.09009999991979571,-0.23855760955043356,1.5752620419646008,0.0,0.0,0.4031598141282805,-0.15085195814550065,0.22152724227200443,-0.6548414228754825,-1.0485565790508873,0.5493971881446129
1.4461327845547403,0.8858113669445872,-0.31378087963814716,-0.11564467321802399,-0.35428310999629337,-0.17453775587990636,-0.16449788817868072,-0.12726169781785823,-0.14065746898533213,2.544789001899049,-0.7988800712477694,0.2914152926350998,0.2298651259049665,-0.23855760955043356,0.5379858411672146,0.0,0.0,-0.6686542673905891,-0.1374257716436857,-1.455640001332804,0.5664018882502198,0.9536919799837233,-1.8201767711573702
1.3182694034225335,0.8858113669445872,-0.31378087963814716,-0.16358429537944472,-0.34301402848424273,-0.17453775587990636,-0.16347599900787887,-0.12726169781785823,-0.14065746898533213,0.27461751819054514,-0.7988800712477694,0.2914152926350998,1.1552066496688558,-0.23855760955043356,1.0566239415659078,0.0,0.0,-0.6605139072777876,-0.12889286395729127,-0.2977270072934111,0.6516049099566632,-1.0485565790508873,0.5493971881446129
-0.9212810120560441,0.8858113669445872,-0.31378087963814716,-0.16358429537944472,-0.365552191508344,-0.17453775587990636,-0.16449788817868072,-0.12726169781785823,-0.14065746898533213,0.27461751819054514,-0.5117792135488418,0.2914152926350998,-0.10942676614179277,-0.23855760955043356,0.18379396772420345,0.0,0.0,-0.6578004539068537,-0.14953699545663263,0.525188694702774,-0.8072370714561159,-1.0485565790508873,-1.8201767711573702
-1.3901565483333562,0.8858113669445872,12.17648737679226,0.05214400434694854,-0.34301402848424273,-0.17453775587990636,-0.1420163264210398,-0.12591849498943178,-0.14065746898533213,0.27461751819054514,6.741295086213539,0.2914152926350998,-0.7044748235396856,-0.23855760955043356,-2.5419878299144716,0.0,0.0,-0.40816274378093975,-0.14824799602642985,-0.5269982379698451,-0.2422908993474143,0.9536919799837233,0.5493971881446129
-0.294258662273108,-2.399141440565807,-0.31378087963814716,-0.16358429537944472,-0.3599176507523187,-0.17453775587990636,-0.16449788817868072,-0.12726169781785823,-0.14065746898533213,-1.995553965517959,0.4099656453792941,0.2914152926350998,-1.312370747034849,-0.23855760955043356,-0.7738634716059529,0.0,0.0,-0.15852503365502585,-0.1530628210782876,1.3461489899198527,1.6422988682296353,-1.0485565790508873,-1.8201767711573702
0.09476696898540714,0.8858113669445872,-0.31378087963814716,-0.16358429537944472,-0.34864856924026805,-0.17453775587990636,-0.16347599900787887,-0.12726169781785823,-0.14065746898533213,0.27461751819054514,-0.4664474991753269,0.2914152926350998,0.8018693952078231,-0.23855760955043356,-0.23997130943082634,0.0,0.0,-0.7392040550348691,0.45987776640392464,-0.08566515728005454,0.5664018882502198,-1.0485565790508873,0.5493971881446129
1.2037359091897373,0.8858113669445872,-0.31378087963814716,-0.16358429537944472,-0.3599176507523187,-0.17453775587990636,-0.16449788817868072,-0.12726169781785823,-0.14065746898533213,0.27461751819054514,-0.36067349897045886,0.2914152926350998,0.4379395112416817,-0.23855760955043356,0.009178366250899156,0.0,0.0,-0.7364906016639352,-0.0008992486613747532,-0.8865596275407771,0.5212944061703368,-1.0485565790508873,-1.8201767711573702
-1.4975721417946228,0.06457316506698858,-0.31378087963814716,-0.15879033316330265,-0.3204758654601415,-0.17453775587990636,-0.16143222066627516,-0.12726169781785823,-0.14065746898533213,0.27461751819054514,0.5006290741263238,0.2914152926350998,-0.03199367335460617,-0.23855760955043356,-0.2207624908975421,0.0,0.0,-0.6496600937940521,-0.11383479156953638,-0.6297126490264175,1.1675565414012443,0.9536919799837233,0.5493971881446129
0.9676804363302789,-0.75666503681061,-0.31378087963814716,-0.16358429537944472,-0.1458051020233567,-0.17453775587990636,-0.14303821559184166,-0.12591849498943178,-0.14065746898533213,-1.995553965517959,-0.2851206416812674,0.2914152926350998,0.03073027417922078,-0.23855760955043356,0.1490072658681935,0.0,0.0,0.6717916978507313,-0.14269946890859742,0.2566349450779528,0.003453351975498502,-1.0485565790508873,0.5493971881446129
0.3772829214263049,-1.5779032386882086,-0.31378087963814716,-0.16358429537944472,-0.34864856924026805,-0.14483175024674738,-0.162454109837077,-0.12726169781785823,-0.14065746898533213,0.27461751819054514,1.1503836468133704,0.2914152926350998,-0.6126650368554153,-0.23855760955043356,-0.9938856341825705,0.0,0.0,-0.5682564926660367,-0.14489206586928083,0.22490829069474474,0.29273655363018375,-1.0485565790508873,0.5493971881446129
0.11754425145430224,-0.75666503681061,-0.31378087963814716,-0.16358429537944472,-0.34864856924026805,-0.17453775587990636,-0.16449788817868072,-0.12726169781785823,-0.14065746898533213,0.27461751819054514,-0.7233272139585779,0.2914152926350998,0.769647681433902,-0.23855760955043356,1.15266803423233,0.0,0.0,-0.6469466404231183,-0.13693817691874888,0.43836893607345584,-0.8631154759356807,-1.0485565790508873,-1.8201767711573702
-0.044226220625918626,0.06457316506698858,-0.31378087963814716,0.03776211769852232,-0.23032321336373643,-0.17453775587990636,-0.15427899647066212,-0.11651607519044675,-0.14065746898533213,0.27461751819054514,0.561071359957677,0.2914152926350998,-0.564979516302477,-0.23855760955043356,0.04713192471845048,0.0,0.0,-0.06626761904327505,-0.13907066951094246,-0.8612912158775589,0.5222788948665243,0.9536919799837233,0.5493971881446129
-0.7699932665666215,0.06457316506698858,0.34360166017397953,0.08570173985994305,1.1219665680823394,0.47899436804959117,0.15126586559909413,-0.04398312245541925,-0.02423509999622118,0.27461751819054514,0.45529735975280894,0.2914152926350998,-0.02442019362141986,-0.23855760955043356,-0.4894115386701986,0.0,0.0,0.4275808944666851,-0.06005546250579834,0.9627557498998675,0.5412467104130784,0.9536919799837233,0.5493971881446129
1.203606492812073,0.06457316506698858,-0.31378087963814716,-0.16358429537944472,-0.33737948772821746,-0.17453775587990636,-0.16143222066627516,-0.12726169781785823,-0.14065746898533213,0.27461751819054514,0.42507621683713237,0.2914152926350998,0.8467594750808926,-0.23855760955043356,-0.41872521782066807,0.0,0.0,-0.4787125314252198,-0.14499103000481892,-0.8865596275407771,0.35215351327964645,-1.0485565790508873,0.5493971881446129
0.9339027617599288,0.06457316506698858,-0.31378087963814716,-0.06770505105660327,0.15282555804598505,-0.08541973898042943,0.03987994598169134,-0.0883088157934916,-0.14065746898533213,0.27461751819054514,-1.0557597860310204,0.2914152926350998,-1.312370747034849,-0.23855760955043356,1.5752620419646008,0.0,0.0,1.5862254838554377,-0.1378434664255372,0.8753350659853014,0.34487403181346443,0.9536919799837233,0.5493971881446129
0.6719640133676352,0.06457316506698858,-0.31378087963814716,-0.16358429537944472,-0.3599176507523187,-0.17453775587990636,-0.16347599900787887,-0.12726169781785823,-0.14065746898533213,0.27461751819054514,-0.9650963572839906,0.2914152926350998,2.62033072896168,-0.23855760955043356,0.5379858411672146,0.0,0.0,-0.7256367881801998,-0.10329414089810797,1.6646001096915513,0.48119886654377464,-1.0485565790508873,0.5493971881446129
-1.4306638745422435,0.06457316506698858,-0.31378087963814716,-0.16358429537944472,-0.29793770243604023,-0.17453775587990636,-0.16347599900787887,-0.12726169781785823,-0.14065746898533213,0.27461751819054514,-0.8895434999947991,0.2914152926350998,0.7696476814339015,-0.23855760955043356,0.1490072658681935,0.0,0.0,-0.6415197336812506,-0.10052671137819626,-0.5668106997522169,1.141522284768719,-1.0485565790508873,0.5493971881446129
1.3726242820414878,-1.5779032386882086,-0.31378087963814716,-0.16358429537944472,-0.34864856924026805,-0.17453775587990636,-0.16449788817868072,-0.12726169781785823,-0.14065746898533213,0.27461751819054514,-1.0104280716575054,0.2914152926350998,-4.126951215150012,-0.23855760955043356,1.5752620419646008,0.0,0.0,-0.6415197336812506,-0.1378870098970043,0.18990449525929096,-0.03001926369489107,-1.0485565790508873,-1.8201767711573702
-1.2323979839607249,0.06457316506698858,-0.31378087963814716,-0.14440844651487644,-0.3204758654601415,-0.17453775587990636,-0.162454109837077,-0.12188888650415249,-0.14065746898533213,0.27461751819054514,0.7877299318252514,0.2914152926350998,-0.8344471028930603,-0.23855760955043356,-2.1082936002371437,0.0,0.0,-0.5601161325532352,-0.13385978037175966,0.08020828975698321,0.08805736481167728,0.9536919799837233,0.5493971881446129
-0.5851866792621772,-0.75666503681061,-0.31378087963814716,-0.16358429537944472,-0.3148413247041162,-0.08541973898042943,-0.162454109837077,-0.12591849498943178,-0.14065746898533213,0.27461751819054514,-0.5873320708380333,0.2914152926350998,0.3301104576460545,-0.23855760955043356,-0.960302004429012,0.0,0.0,1.0923769703454775,-0.15221951100530445,-0.28057963301922584,-1.8003487147065687,-1.0485565790508873,0.5493971881446129
-0.21285576072234086,0.8858113669445872,0.34360166017397953,-0.10126278656959778,-0.004941583122723805,-0.17453775587990636,-0.13895065890863423,-0.10980006104831457,-0.12125374082048031,0.27461751819054514,1.9361333626209616,0.2914152926350998,0.2739902078251891,-0.23855760955043356,-1.01026385755992,0.0,0.0,1.0082599158465284,-0.13901328935278234,-0.3264081370708519,0.6809852622692311,0.9536919799837233,0.5493971881446129
0.9256201135894215,-1.5779032386882086,-0.31378087963814716,-0.16358429537944472,-0.3599176507523187,-0.17453775587990636,-0.162454109837077,-0.12726169781785823,-0.14065746898533213,-1.995553965517959,0.001980216017660177,0.2914152926350998,-1.7364856120932979,-0.23855760955043356,-1.163147128140501,0.0,0.0,-0.7202098814383322,-0.11609350242769961,1.4322266993301151,0.34487403181346443,-1.0485565790508873,0.5493971881446129
0.3671884439684991,0.06457316506698858,-0.31378087963814716,-0.15399637094716057,-0.35428310999629337,-0.17453775587990636,-0.16449788817868072,-0.12591849498943178,-0.14065746898533213,0.27461751819054514,-0.8593223570791225,0.2914152926350998,-0.17111620105938577,-0.23855760955043356,1.5752620419646008,0.0,0.0,-0.6333793735684491,-0.14297216163984208,0.22490829069474474,1.42789910772649,0.9536919799837233,-1.8201767711573702
1.073931282392568,0.8858113669445872,1.0009841999861062,-0.16358429537944472,-0.3148413247041162,-0.17453775587990636,-0.15938844232467142,-0.12591849498943178,-0.14065746898533213,0.27461751819054514,-0.6326637852115481,0.2914152926350998,0.6697528578457543,-0.23855760955043356,-0.15353162603104414,0.0,0.0,0.4384347079504205,-0.15096072866348376,1.887783148630462,0.3675948376018489,-1.0485565790508873,0.5493971881446129
-0.8648554713944631,0.8858113669445872,-0.31378087963814716,-0.16358429537944472,-0.23595775411976175,-0.17453775587990636,-0.15427899647066212,-0.12726169781785823,-0.14065746898533213,0.27461751819054514,-0.4815580706331652,0.2914152926350998,-0.5605307589766894,0.0993151917971007,0.7792128646084651,0.0,0.0,0.5306921225621712,-0.14663185115182129,0.15759187832582447,-1.4685633045990438,-1.0485565790508873,0.5493971881446129
-0.16911302507184914,0.8858113669445872,-0.31378087963814716,-0.16358429537944472,-0.365552191508344,-0.17453775587990636,-0.16449788817868072,-0.12726169781785823,-0.14065746898533213,0.27461751819054514,-0.2851206416812674,0.2914152926350998,-0.19128390093629072,-0.23855760955043356,-0.46224478103026717,0.0,0.0,-0.706642614583663,-0.14267679175838996,-0.3264081370708519,1.4093032101318306,-1.0485565790508873,-1.8201767711573702
-1.232527400338389,-1.5779032386882086,-0.31378087963814716,-0.16358429537944472,-0.34864856924026805,-0.17453775587990636,-0.16449788817868072,-0.12726169781785823,-0.14065746898533213,0.27461751819054514,-0.52688978500668,0.2914152926350998,-0.141373080652689,-0.23855760955043356,0.1490072658681935,0.0,0.0,-0.706642614583663,-0.10723240598413616,0.08020828975698321,0.39173569375200784,-1.0485565790508873,-1.8201767711573702
-0.17843100426366987,0.8858113669445872,-0.31378087963814716,-0.16358429537944472,-0.34864856924026805,-0.17453775587990636,-0.155300885641464,-0.12726169781785823,-0.14065746898533213,0.27461751819054514,-0.5873320708380333,0.2914152926350998,0.4301554990140333,-0.23855760955043356,-0.32641099283060854,0.0,0.0,-0.2887707954598505,-0.1508127286127596,-0.3264081370708519,0.33446032916045465,-1.0485565790508873,0.5493971881446129
-1.061180116311019,0.8858113669445872,-0.31378087963814716,-0.16358429537944472,-0.3599176507523187,-0.17453775587990636,-0.16347599900787887,-0.12726169781785823,-0.14065746898533213,0.27461751819054514,-0.4060052133439737,0.2914152926350998,1.0434732343844406,-0.23855760955043356,0.38671639521759515,0.0,0.0,-0.7039291612127291,-0.13254982439431745,-1.3024883843945956,1.8053958288980985,-1.0485565790508873,0.5493971881446129
-0.0971575190905669,0.06457316506698858,-0.31378087963814716,-0.16358429537944472,-0.33174494697219215,-0.17453775587990636,-0.16449788817868072,-0.12726169781785823,-0.14065746898533213,0.27461751819054514,-0.8895434999947991,0.2914152926350998,1.8106568956682776,-0.23855760955043356,0.1490072658681935,0.0,0.0,-0.617098653342846,-0.13111883987548112,0.25366429330206547,-0.3814817282339741,-1.0485565790508873,-1.8201767711573702
1.0876494184249708,-0.75666503681061,0.34360166017397953,-0.04373523997589291,-0.2134195910956605,-0.05571373334727045,-0.1317974347130212,-0.12323208933257893,-0.12125374082048031,0.27461751819054514,0.5308502170420004,0.2914152926350998,-0.7034143766167013,-0.23855760955043356,-1.7440218005870378,0.0,0.0,-0.617098653342846,-0.06100059845250076,1.887783148630462,-0.6434810199812903,0.9536919799837233,0.5493971881446129
1.203477076434409,0.8858113669445872,-0.31378087963814716,-0.16358429537944472,-0.365552191508344,-0.17453775587990636,-0.16449788817868072,-0.12726169781785823,-0.14065746898533213,0.27461751819054514,-0.9197646429104757,0.2914152926350998,1.0523909248062013,-0.23855760955043356,1.5752620419646008,0.0,0.0,-0.7012157078417952,-0.14425209779280124,-0.8865596275407771,-1.101142965147334,-1.0485565790508873,-1.8201767711573702
0.06940135896322851,0.8858113669445872,1.0009841999861062,-0.15879033316330265,-0.12890147975528074,-0.17453775587990636,-0.1522352181290584,-0.12591849498943178,-0.14065746898533213,0.27461751819054514,0.09264364476468993,0.2914152926350998,0.6488773552675414,0.8605215092424146,-0.11511398896447443,0.0,0.0,0.7070665916728713,-0.1421236646395658,1.7862885274902995,0.24767947371870494,0.9536919799837233,0.5493971881446129
0.15792216128552536,0.8858113669445872,-0.31378087963814716,-0.15399637094716057,-0.34864856924026805,-0.17453775587990636,-0.162454109837077,-0.12726169781785823,-0.14065746898533213,0.27461751819054514,-0.20956778439207593,0.2914152926350998,1.1235710420188085,-0.23855760955043356,0.07886358835525503,0.0,0.0,-0.6985022544708615,-0.11609350242769961,-0.23248505412478784,0.21581240549091588,0.9536919799837233,0.5493971881446129
-0.6170231081675647,-2.399141440565807,-0.31378087963814716,-0.16358429537944472,-0.365552191508344,-0.17453775587990636,-0.16449788817868072,-0.12726169781785823,-0.14065746898533213,-1.995553965517959,0.3948550739214558,0.2914152926350998,-2.0295104279518625,-0.23855760955043356,0.10664326261780512,0.0,0.0,-0.6930753477289937,-0.14595867933008014,0.01712614564697976,0.6566664756025918,-1.0485565790508873,-1.8201767711573702
-1.075027668721086,0.8858113669445872,-0.31378087963814716,-0.07249901327274534,-0.3261104062161668,-0.14483175024674738,-0.16449788817868072,-0.12726169781785823,-0.14065746898533213,0.27461751819054514,-0.52688978500668,0.2914152926350998,0.3366353017238764,-0.23855760955043356,-0.13624368935108822,0.0,0.0,-0.6930753477289937,-0.0862283255253191,1.095105628498168,-0.4986358830803351,0.9536919799837233,-1.8201767711573702
1.1629697502255216,-2.399141440565807,-0.31378087963814716,-0.16358429537944472,-0.33737948772821746,-0.1151257446135884,-0.1604103314954733,-0.12726169781785823,-0.14065746898533213,-1.995553965517959,0.10775421622252823,0.2914152926350998,-0.6355561945704601,-0.23855760955043356,-0.09449964712387626,0.0,0.0,1.0408213562977344,-0.153088917259807,1.410140971257745,1.0900887533727557,-1.0485565790508873,0.5493971881446129
0.6852939002670454,0.8858113669445872,-0.31378087963814716,-0.16358429537944472,-0.3599176507523187,-0.17453775587990636,-0.16449788817868072,-0.12726169781785823,-0.14065746898533213,0.27461751819054514,-0.9953175001996671,0.2914152926350998,2.2347717607267263,-0.23855760955043356,1.5752620419646008,0.0,0.0,-0.6903618943580598,-0.13832397245277986,0.4406937495547577,1.42789910772649,-1.0485565790508873,-1.8201767711573702
-0.12692328595332752,0.8858113669445872,-0.31378087963814716,-0.16358429537944472,-0.34864856924026805,-0.17453775587990636,-0.16449788817868072,-0.12726169781785823,-0.14065746898533213,0.27461751819054514,0.12286478768036652,0.2914152926350998,0.008234290422969524,-0.23855760955043356,-0.3493227161413945,0.0,0.0,-0.687648440987126,-0.12377311934545461,-0.8463320514089613,1.1669292099161224,-1.0485565790508873,-1.8201767711573702
-0.6439417147217135,-1.5779032386882086,-0.31378087963814716,-0.16358429537944472,-0.35428310999629337,-0.17453775587990636,-0.16449788817868072,-0.12726169781785823,-0.14065746898533213,-1.995553965517959,0.04731193039117505,0.2914152926350998,-1.5058387293098883,-0.23855760955043356,-0.32641099283060854,0.0,0.0,0.7179204051566067,-0.15363512416319336,1.5183936778193632,-0.5106516938338079,-1.0485565790508873,-1.8201767711573702
0.6797289960274858,-2.399141440565807,-0.31378087963814716,0.09049570207608512,-0.27539953941193895,-0.14483175024674738,-0.14610388310424724,-0.11651607519044675,0.5384730167844817,0.27461751819054514,0.561071359957677,0.2914152926350998,-2.122044580328252,-0.23855760955043356,-1.0734968279287265,0.0,0.0,0.4709961484016267,-0.14865026766068778,0.4406937495547577,-0.8333620397842241,0.9536919799837233,0.5493971881446129
-1.0851221461788918,0.8858113669445872,-0.31378087963814716,-0.15399637094716057,-0.27539953941193895,-0.17453775587990636,-0.16449788817868072,-0.12726169781785823,-0.14065746898533213,0.27461751819054514,0.8632827891144429,0.2914152926350998,0.12708133139164876,-0.23855760955043356,-1.0179284600288672,0.0,0.0,-0.5981044797463091,-0.10522611999691425,1.095105628498168,-0.07262077454811112,0.9536919799837233,-1.8201767711573702
-0.9025156372947385,0.06457316506698858,-0.31378087963814716,-0.16358429537944472,-0.29793770243604023,-0.17453775587990636,-0.14610388310424724,-0.12591849498943178,-0.14065746898533213,0.27461751819054514,-0.31534178459694395,0.2914152926350998,-0.42986910863039907,-0.23855760955043356,1.15266803423233,0.0,0.0,0.5578266562715097,-0.15032311019264097,0.525188694702774,-0.4118550276385854,-1.0485565790508873,0.5493971881446129
-1.6869083023173135,0.06457316506698858,3.630514359234613,-0.10605674878573985,-0.033114286902850384,0.18193431171800137,-0.12260043217580445,-0.12054568367572605,0.033976084498334294,0.27461751819054514,-0.05846206981369299,0.2914152926350998,-2.083488683504756,-0.23855760955043356,0.2896239339340369,0.0,0.0,4.606299085704809,-0.14981602116091597,-0.5976524898668184,-1.3500660788651557,0.9536919799837233,0.5493971881446129
-0.9727887303663864,0.8858113669445872,-0.31378087963814716,-0.15879033316330265,-0.3261104062161668,-0.17453775587990636,-0.15427899647066212,-0.12591849498943178,-0.14065746898533213,0.27461751819054514,-0.7384377854164161,0.2914152926350998,1.2323184433158467,-0.23855760955043356,1.136414418550322,0.0,0.0,-0.6822215342452583,-0.0986398276146201,0.03136051873977767,1.7002574848052103,0.9536919799837233,0.5493971881446129
-0.34887237364739054,0.8858113669445872,-0.31378087963814716,-0.12043863543416607,-0.365552191508344,-0.17453775587990636,-0.16449788817868072,-0.12591849498943178,-0.14065746898533213,0.27461751819054514,-0.4060052133439737,0.2914152926350998,-0.4101627613650573,-0.23855760955043356,-0.32641099283060854,0.0,0.0,-0.6795080808743245,-0.147813659261905,0.25910696682602397,1.7663444439493103,0.9536919799837233,-1.8201767711573702
0.04532991271769164,0.8858113669445872,-0.31378087963814716,-0.16358429537944472,-0.24722683563181239,-0.17453775587990636,-0.16449788817868072,-0.12591849498943178,-0.14065746898533213,0.27461751819054514,-1.040649214573182,0.2914152926350998,1.9263245861387635,-0.23855760955043356,-0.32641099283060854,0.0,0.0,-0.34575331624946126,-0.13134753603145954,0.7937221444573845,-2.841718980007555,-1.0485565790508873,-1.8201767711573702
0.08467249152760135,0.8858113669445872,-0.31378087963814716,-0.16358429537944472,0.13028739502188377,-0.026007727714111476,-0.14610388310424724,-0.12726169781785823,-0.14065746898533213,0.27461751819054514,-1.0557597860310204,0.2914152926350998,3.314336871784598,-0.23855760955043356,-0.7067455997896503,0.0,0.0,0.3109023995165297,-0.11926035476491817,-0.08566515728005454,-2.2793790367450226,-1.0485565790508873,0.5493971881446129
1.2033476600567448,0.8858113669445872,-0.31378087963814716,-0.16358429537944472,-0.365552191508344,-0.17453775587990636,-0.16449788817868072,-0.12726169781785823,-0.14065746898533213,0.27461751819054514,-0.6477743566693864,0.2914152926350998,0.7953516126495658,-0.23855760955043356,0.8621346539163971,0.0,0.0,-0.6686542673905891,-0.1488029818922116,-0.8865596275407771,-0.4986358830803351,-1.0485565790508873,-1.8201767711573702
-1.0613095326886832,0.06457316506698858,-0.31378087963814716,-0.15879033316330265,-0.30357224319206555,-0.17453775587990636,-0.16347599900787887,-0.12726169781785823,-0.14065746898533213,0.27461751819054514,-0.16423607001856105,0.2914152926350998,0.5744955267426709,-0.23855760955043356,-0.5641201221800102,0.0,0.0,0.3217562130002651,-0.14978978074029806,-1.3024883843945956,-0.7622327314846473,0.9536919799837233,0.5493971881446129
-0.34900179002505477,0.06457316506698858,-0.31378087963814716,-0.16358429537944472,-0.3599176507523187,-0.17453775587990636,-0.16347599900787887,-0.12726169781785823,-0.14065746898533213,0.27461751819054514,-0.31534178459694395,0.2914152926350998,0.8958306164926142,-0.23855760955043356,-0.11511398896447443,0.0,0.0,1.561804403517033,-0.15412976760927763,0.25910696682602397,1.289049739019691,-1.0485565790508873,0.5493971881446129
0.5413828883044809,0.8858113669445872,1.0009841999861062,-0.13961448429873435,-0.30920678394809087,-0.14483175024674738,-0.14303821559184166,-0.12591849498943178,-0.12125374082048031,0.27461751819054514,-0.028240926898016407,0.2914152926350998,0.8371205008750188,-0.23855760955043356,-0.45666257055630877,0.0,0.0,1.1466460377641545,-0.1520641218987934,-0.8053730648020195,0.3037898350454257,0.9536919799837233,0.5493971881446129
-0.737380339395249,0.8858113669445872,-0.31378087963814716,0.12405343758907963,0.7669905004527444,0.003698277919047501,0.20440410248079086,-0.06413116488181578,-0.14065746898533213,0.27461751819054514,0.3495233595479409,0.2914152926350998,-0.1942497391534825,0.8880000945230252,0.5274013901386677,0.0,0.0,1.7300385125149316,-0.12043488850085418,-0.32224024759188413,0.9454683929850124,0.9536919799837233,0.5493971881446129
-1.1946084016827854,0.06457316506698858,0.34360166017397953,-0.1492024087310185,-0.01057612387874912,0.003698277919047501,-0.08479053285613562,-0.12457529216100535,-0.14065746898533213,0.27461751819054514,0.3948550739214558,0.2914152926350998,-0.13090790865774057,-0.23855760955043356,-0.5711807893884076,0.0,0.0,-0.6659408140196552,0.19657661493803927,-0.8250350993391762,-0.21561000404556213,0.9536919799837233,0.5493971881446129
0.44677951623196777,0.06457316506698858,-0.31378087963814716,-0.16358429537944472,-0.33737948772821746,-0.17453775587990636,-0.15836655315386958,-0.12726169781785823,-0.14065746898533213,0.27461751819054514,0.12286478768036652,0.2914152926350998,-0.44578106604961976,-0.23855760955043356,0.750440002776317,0.0,0.0,-0.6659408140196552,-0.12157894308323891,0.16008876236159203,-0.30102646526719606,-1.0485565790508873,0.5493971881446129
-0.6880726995051977,0.8858113669445872,-0.31378087963814716,-0.16358429537944472,-0.365552191508344,-0.17453775587990636,-0.16449788817868072,-0.12726169781785823,-0.14065746898533213,0.27461751819054514,1.6641430763798724,0.2914152926350998,0.730537217179487,-0.23855760955043356,-2.310318537238584,0.0,0.0,-0.6632273606487213,-0.14919529948698837,-0.32224024759188413,-0.39478030797329033,-1.0485565790508873,-1.8201767711573702
1.2539494637234379,0.8858113669445872,-0.31378087963814716,-0.16358429537944472,-0.3599176507523187,-0.17453775587990636,-0.16449788817868072,-0.12726169781785823,-0.14065746898533213,0.27461751819054514,-0.39089464188613543,0.2914152926350998,0.07123515040258538,-0.23855760955043356,-0.05474341643129381,0.0,0.0,-0.6632273606487213,-0.14389901195750215,0.9494396672975342,-0.14478251742193912,-1.0485565790508873,-1.8201767711573702
0.7800266887172227,0.06457316506698858,-0.31378087963814716,-0.04373523997589291,0.011962039145352142,-0.17453775587990636,-0.11544720798019144,-0.11382966953359387,-0.14065746898533213,0.27461751819054514,-0.43622635625965034,0.2914152926350998,-0.9672954704645654,-0.23855760955043356,0.8311291153056062,0.0,0.0,0.907862141121976,-0.13731349654254893,1.2907930945589743,0.9479632463269044,0.9536919799837233,0.5493971881446129
0.552383280405936,0.06457316506698858,-0.31378087963814716,0.09049570207608512,-0.258495917143863,-0.14483175024674738,-0.15938844232467142,-0.12591849498943178,0.286224550641408,0.27461751819054514,-0.8593223570791225,0.2914152926350998,0.7696476814339015,-0.23855760955043356,0.9413710303661973,0.0,0.0,-0.49770670502175673,-0.12035995627089684,-0.8053730648020195,-1.487937635116272,0.9536919799837233,0.5493971881446129
-1.1508656660322936,0.8858113669445872,1.0009841999861062,4.083866228122432,4.914012496887377,5.350779291887663,1.8813242317666437,0.9567029847222749,13.28672242109213,0.27461751819054514,5.592891655417828,0.2914152926350998,-0.17564729836802237,1.4982239457680908,-1.0913536292987949,0.0,0.0,2.809992954146603,-0.04443076701870251,-1.2549162280750763,1.3136994022283148,0.9536919799837233,0.5493971881446129
-0.6171525245452288,-2.399141440565807,-0.31378087963814716,-0.16358429537944472,-0.3599176507523187,-0.17453775587990636,-0.16449788817868072,-0.12591849498943178,-0.14065746898533213,-1.995553965517959,0.7272876459938983,0.2914152926350998,-1.122557101134564,-0.23855760955043356,-1.578732259646966,0.0,0.0,0.33261002648400045,-0.15371586813589327,0.01712614564697976,-0.12145665284327047,-1.0485565790508873,-1.8201767711573702
-0.018213528715419113,0.8858113669445872,-0.31378087963814716,-0.15879033316330265,-0.258495917143863,-0.14483175024674738,-0.16143222066627516,-0.12726169781785823,-0.14065746898533213,0.27461751819054514,0.48551850266848556,0.2914152926350998,0.288031031495627,-0.23855760955043356,-0.34418363801561114,0.0,0.0,0.42215398772481744,-0.14733110504187785,-0.8612912158775589,0.39042181537989984,0.9536919799837233,0.5493971881446129
0.46929796594553447,-1.5779032386882086,0.34360166017397953,-0.11564467321802399,0.07957652821765593,-0.1151257446135884,-0.10522831627217283,-0.11785927801887318,-0.14065746898533213,0.27461751819054514,2.223234220319889,0.2914152926350998,-0.6216309675640886,-0.23855760955043356,-1.971101185085926,0.0,0.0,0.6745051512216652,-0.13095253132986923,0.09826072687203845,-0.4944141117345201,0.9536919799837233,0.5493971881446129
-0.887503337485694,0.06457316506698858,-0.31378087963814716,-0.053323164408177054,0.11338377275380783,-0.026007727714111476,-0.019389625924816557,-0.09905443842090308,-0.14065746898533213,0.27461751819054514,0.21352821642739628,0.2914152926350998,-0.2361438088621292,-0.23855760955043356,0.03682992392802667,0.0,0.0,2.8262736743722057,-0.14444676488830835,0.15759187832582447,0.559700526992409,0.9536919799837233,0.5493971881446129
-1.3158715475541187,-1.5779032386882086,-0.31378087963814716,-0.16358429537944472,-0.365552191508344,-0.17453775587990636,-0.16449788817868072,-0.12726169781785823,-0.14065746898533213,0.27461751819054514,-0.8895434999947991,0.2914152926350998,-2.0063768898577656,-0.23855760955043356,1.5752620419646008,0.0,0.0,-0.7283502415511337,-0.12377311934545461,-0.4616244828756293,1.610138904154163,-1.0485565790508873,-1.8201767711573702
1.4436738733791208,0.06457316506698858,-0.31378087963814716,-0.16358429537944472,-0.3261104062161668,-0.17453775587990636,-0.16347599900787887,-0.12726169781785823,-0.14065746898533213,2.544789001899049,-0.4815580706331652,0.2914152926350998,0.7184234185112579,4.543361510981571,0.5138631388230865,0.0,0.0,-0.7256367881801998,0.050298197456991836,-1.455640001332804,0.18794195462392047,-1.0485565790508873,0.5493971881446129
0.07470743044745976,0.06457316506698858,-0.31378087963814716,-0.16358429537944472,-0.3261104062161668,-0.17453775587990636,-0.16347599900787887,-0.12726169781785823,-0.14065746898533213,0.27461751819054514,-0.30023121313910567,0.2914152926350998,-0.6457821308419729,4.543361510981571,0.7454410813266908,0.0,0.0,-0.7229233348092661,0.021042513960782352,1.7862885274902995,2.321584135402974,-1.0485565790508873,0.5493971881446129
0.4848279312652357,0.8858113669445872,2.9731318194224863,-0.053323164408177054,-0.2528613763878377,-0.17453775587990636,-0.1369068805670305,-0.12323208933257893,0.286224550641408,0.27461751819054514,0.7877299318252514,0.2914152926350998,-0.2713615328004739,-0.23855760955043356,0.5869910160080356,0.0,0.0,0.27020059895252196,-0.14584429718951186,0.09826072687203845,0.25041272900820877,0.9536919799837233,0.5493971881446129
-0.22126782527051234,0.8858113669445872,-0.31378087963814716,-0.16358429537944472,-0.365552191508344,-0.17453775587990636,-0.16449788817868072,-0.12726169781785823,-0.14065746898533213,0.27461751819054514,-0.6024426422958715,0.2914152926350998,-0.43329629945915404,-0.23855760955043356,-0.38074450811047145,0.0,0.0,-0.7202098814383322,-0.1352925447220871,0.353181127794314,1.3624415481932854,-1.0485565790508873,-1.8201767711573702
0.35127022951580533,0.06457316506698858,0.34360166017397953,-0.15879033316330265,-0.33174494697219215,-0.05571373334727045,-0.15121332895825654,-0.12591849498943178,-0.14065746898533213,0.27461751819054514,2.0267967913679916,0.2914152926350998,-0.849185906528591,-0.23855760955043356,-0.9906317179026195,0.0,0.0,1.1792074782153608,-0.15297301869940438,0.22490829069474474,-1.124205437188176,0.9536919799837233,0.5493971881446129
1.5791728207935138,0.8858113669445872,-0.31378087963814716,-0.16358429537944472,-0.2866686209239896,-0.17453775587990636,-0.16143222066627516,-0.12726169781785823,-0.14065746898533213,0.27461751819054514,-0.7082166425007396,0.2914152926350998,0.9624271655513791,-0.23855760955043356,-0.46224478103026717,0.0,0.0,-0.7147829746964645,0.07589692051617515,-0.07111393835390431,-0.16390972637644602,-1.0485565790508873,0.5493971881446129
-0.22139724164817653,0.8858113669445872,-0.31378087963814716,-0.16358429537944472,-0.3261104062161668,-0.17453775587990636,-0.16449788817868072,-0.12726169781785823,-0.14065746898533213,0.27461751819054514,-0.421115784801812,0.2914152926350998,-0.26259882897695175,-0.23855760955043356,-0.12410535083111847,0.0,0.0,-0.21822100781557047,-0.148125065219372,0.353181127794314,0.00986300178472062,-1.0485565790508873,-1.8201767711573702
-1.2540105190306423,-1.5779032386882086,-0.31378087963814716,0.10487758872451133,-0.3261104062161668,-0.17453775587990636,-0.16143222066627516,-0.12457529216100535,-0.14065746898533213,0.27461751819054514,-0.2851206416812674,0.2914152926350998,-0.49718892848094637,-0.23855760955043356,0.5565086304671656,0.0,0.0,-0.21279410107370278,-0.14819036287882945,0.08020828975698321,0.40512474002016335,0.9536919799837233,0.5493971881446129
0.39475413241096874,0.06457316506698858,-0.31378087963814716,-0.16358429537944472,-0.2810340801679643,-0.17453775587990636,-0.15938844232467142,-0.12591849498943178,-0.14065746898533213,0.27461751819054514,0.22863878788523456,0.2914152926350998,-0.8111440883294091,-0.23855760955043356,-0.5799673974699702,0.0,0.0,-0.7093560679545968,0.050298197456991836,-1.2076488261201908,-0.3424303432851876,-1.0485565790508873,0.5493971881446129
1.6485399992215126,0.8858113669445872,-0.31378087963814716,-0.16358429537944472,-0.30920678394809087,-0.17453775587990636,-0.162454109837077,-0.12726169781785823,-0.14065746898533213,0.27461751819054514,0.24374935934307287,0.2914152926350998,0.012591307334916391,-0.23855760955043356,-1.1832087337822972,0.0,0.0,-0.7093560679545968,-0.01369861019096641,1.5074031198841442,0.21716312894798126,-1.0485565790508873,0.5493971881446129
-1.5180199294655627,-0.75666503681061,-0.31378087963814716,-0.16358429537944472,-0.365552191508344,-0.17453775587990636,-0.16449788817868072,-0.12726169781785823,-0.14065746898533213,0.27461751819054514,0.07753307330685164,0.2914152926350998,-0.13347830177930708,-0.23855760955043356,-0.5641201221800102,0.0,0.0,-0.706642614583663,-0.14267679175838996,0.1997550234776168,-0.217465911449068,-1.0485565790508873,-1.8201767711573702
1.2032182436790806,0.8858113669445872,-0.31378087963814716,-0.16358429537944472,-0.3148413247041162,-0.17453775587990636,-0.16143222066627516,-0.12726169781785823,-0.14065746898533213,0.27461751819054514,0.21352821642739628,0.2914152926350998,0.5078734345796436,-0.23855760955043356,0.03682992392802667,0.0,0.0,0.1155337568092927,-0.1496310699799208,-0.8865596275407771,0.5175776848004597,-1.0485565790508873,0.5493971881446129
-1.377473743322267,0.8858113669445872,-0.31378087963814716,0.41169117055760396,0.3782071882869977,-0.1151257446135884,-0.08989997871014492,-0.10442724973460883,0.3056282788062598,0.27461751819054514,0.01709078747549847,0.2914152926350998,0.33515238261528096,2.4087314823264085,-0.5265871017564207,0.0,0.0,1.5238160563239593,-0.13002717863177005,-0.12446840774978787,-0.3999797526834,0.9536919799837233,0.5493971881446129
-0.9027744700500668,0.8858113669445872,-0.31378087963814716,-0.16358429537944472,-0.365552191508344,-0.17453775587990636,-0.16449788817868072,-0.12726169781785823,-0.14065746898533213,0.27461751819054514,0.03220135893333676,0.2914152926350998,0.31458025025421293,-0.23855760955043356,-0.05474341643129381,0.0,0.0,-0.7012157078417952,-0.14425209779280124,0.525188694702774,0.21341794118066476,-1.0485565790508873,-1.8201767711573702
-1.4842422548952128,-2.399141440565807,-0.31378087963814716,-0.16358429537944472,-0.34301402848424273,-0.17453775587990636,-0.15325710729986028,-0.12726169781785823,-0.14065746898533213,0.27461751819054514,0.9539462178614726,0.2914152926350998,-1.4595716531216938,-0.23855760955043356,-2.1454025913303747,0.0,0.0,0.05041087590688038,-0.15186158122272286,-0.6297126490264175,-0.016436173277922447,-1.0485565790508873,0.5493971881446129
1.4260732460167929,0.8858113669445872,-0.31378087963814716,-0.16358429537944472,-0.33174494697219215,-0.17453775587990636,-0.162454109837077,-0.12726169781785823,-0.14065746898533213,0.27461751819054514,-0.19445721293423762,0.2914152926350998,0.14574316919915836,-0.23855760955043356,0.2870319216194586,0.0,0.0,-0.5302681454729629,-0.14070765921537587,1.5923482278547976,-0.9067858418999154,-1.0485565790508873,0.5493971881446129
-0.020801856268702647,0.8858113669445872,-0.31378087963814716,-0.03414731554360876,-0.34301402848424273,-0.17453775587990636,-0.162454109837077,-0.12726169781785823,-0.14065746898533213,0.27461751819054514,-0.14912549856072274,0.2914152926350998,0.09547028554878234,-0.23855760955043356,0.5220277457703295,0.0,0.0,-0.6957888010999276,-0.10931736985320992,-0.8612912158775589,0.6044155440884786,0.9536919799837233,0.5493971881446129
-0.6489889534506164,-0.75666503681061,-0.31378087963814716,-0.1492024087310185,-0.21905413185168582,-0.1151257446135884,-0.15632277481226584,-0.12188888650415249,-0.14065746898533213,-1.995553965517959,-0.9953175001996671,0.2914152926350998,2.3889953480207087,-0.23855760955043356,1.5752620419646008,0.0,0.0,-0.2779169819761151,-0.1302401651709325,1.5183936778193632,-0.4465673698152859,0.9536919799837233,0.5493971881446129
0.505534551691504,0.8858113669445872,-0.31378087963814716,-0.16358429537944472,-0.35428310999629337,-0.14483175024674738,-0.16449788817868072,-0.12726169781785823,-0.14065746898533213,0.27461751819054514,1.86058050533177,0.2914152926350998,-0.2124056905677216,-0.23855760955043356,-0.32641099283060854,0.0,0.0,-0.6930753477289937,-0.12889286395729127,3.540540776562717,1.626706158374861,-1.0485565790508873,-1.8201767711573702
-1.6539071260129483,0.8858113669445872,1.0009841999861062,-0.08688089992117157,-0.2923031616800149,-0.17453775587990636,-0.15632277481226584,-0.12726169781785823,-0.14065746898533213,0.27461751819054514,-0.07357264127153129,0.2914152926350998,0.1608150197756153,-0.23855760955043356,0.5972587669270653,0.0,0.0,0.4628557882888251,-0.14964858535662906,-0.5976524898668184,-0.5120249293484905,0.9536919799837233,0.5493971881446129
0.54073580641616,0.8858113669445872,1.6583667397982327,0.545922112609582,1.1106974865702888,0.24134632298431935,0.09199629369258622,-0.01443266023003768,0.7519140265978518,0.27461751819054514,2.7672147928020676,0.2914152926350998,-0.08475099217475639,0.8556442847926206,-2.051184210435567,0.0,0.0,1.7843075799336086,-0.11110298874859997,-0.8053730648020195,0.020838353912831627,0.9536919799837233,0.5493971881446129
0.5123936197077054,0.8858113669445872,-0.31378087963814716,-0.16358429537944472,-0.365552191508344,-0.17453775587990636,-0.16449788817868072,-0.12726169781785823,-0.14065746898533213,0.27461751819054514,-0.783769499789931,0.2914152926350998,-0.23280563597697815,-0.23855760955043356,1.0791734241919377,0.0,0.0,-0.6903618943580598,-0.1464077797346272,3.540540776562717,0.3774734488141908,-1.0485565790508873,-1.8201767711573702
1.0968379812391273,-2.399141440565807,-0.31378087963814716,-0.16358429537944472,-0.33737948772821746,-0.17453775587990636,-0.162454109837077,-0.12726169781785823,-0.14065746898533213,0.27461751819054514,-0.7384377854164161,0.2914152926350998,-0.07858204868299677,-0.23855760955043356,1.5752620419646008,0.0,0.0,-0.6903618943580598,-0.10598874332539042,1.887783148630462,0.04207560082594621,-1.0485565790508873,0.5493971881446129
0.7135066705978359,0.06457316506698858,-0.31378087963814716,-0.16358429537944472,-0.3204758654601415,-0.17453775587990636,-0.16347599900787887,-0.12726169781785823,-0.14065746898533213,0.27461751819054514,-0.9046540714526374,0.2914152926350998,2.62033072896168,-0.23855760955043356,0.8145928280465158,0.0,0.0,-0.6903618943580598,-0.08173732147984836,-0.7418753830924125,0.09494516814122689,-1.0485565790508873,0.5493971881446129
0.047788823893311,0.06457316506698858,-0.31378087963814716,-0.16358429537944472,-0.3204758654601415,-0.17453775587990636,-0.16347599900787887,-0.12726169781785823,-0.14065746898533213,0.27461751819054514,-0.9046540714526374,0.2914152926350998,0.009545715484992879,-0.23855760955043356,0.05392361412843334,0.0,0.0,-0.687648440987126,-0.08537503475667965,0.7937221444573845,-0.03001926369489107,-1.0485565790508873,0.5493971881446129
-1.6882024660939552,0.06457316506698858,1.0009841999861062,-0.053323164408177054,0.6092233592840356,-0.1151257446135884,-0.013258290900005396,-0.08965201862191804,-0.14065746898533213,0.27461751819054514,2.8125465071755826,0.2914152926350998,-0.056310630020977644,0.9207028591724136,-2.0969341631571843,0.0,0.0,0.6365168040285913,-0.1018831876586254,-0.5976524898668184,-0.34602127523450016,0.9536919799837233,0.5493971881446129
-0.7648166114600544,-2.399141440565807,1.0009841999861062,-0.1492024087310185,-0.365552191508344,-0.17453775587990636,-0.162454109837077,-0.12726169781785823,-0.14065746898533213,0.27461751819054514,-0.22467835584991422,0.2914152926350998,-1.4427263981999994,-0.23855760955043356,1.1949274350055603,0.0,0.0,-0.6822215342452583,-0.14751011709124276,0.9627557498998675,-0.1862248034900385,0.9536919799837233,0.5493971881446129
0.6717051806123069,0.8858113669445872,-0.31378087963814716,-0.16358429537944472,-0.34864856924026805,-0.1151257446135884,-0.15836655315386958,-0.12726169781785823,-0.14065746898533213,0.27461751819054514,0.6064030743311919,0.2914152926350998,0.11826285312675351,-0.23855760955043356,-0.8059633233441837,0.0,0.0,-0.18565956736436431,-0.1514946633412531,1.6646001096915513,-0.1930163486985245,-1.0485565790508873,0.5493971881446129
-0.3937798566968599,0.8858113669445872,-0.31378087963814716,-0.16358429537944472,-0.365552191508344,-0.17453775587990636,-0.16449788817868072,-0.12726169781785823,-0.14065746898533213,0.27461751819054514,-0.4815580706331652,0.2914152926350998,0.23372071558731586,-0.23855760955043356,0.24851341303771046,0.0,0.0,-0.6740811741324568,-0.14834789348227057,0.10425151138888096,0.6674566349253042,-1.0485565790508873,-1.8201767711573702
-1.7117562468288354,-0.75666503681061,-0.31378087963814716,-0.11564467321802399,0.3162272399707192,-0.1151257446135884,-0.10318453793056911,-0.12188888650415249,1.8773302601592576,0.27461751819054514,2.6463302211393613,0.2914152926350998,-0.7649573369262634,2.04627064324178,-1.3913478923159266,0.0,0.0,0.9811253821371899,-0.12498250783643965,-1.1699181340241418,0.6147972045794804,0.9536919799837233,0.5493971881446129
0.6953883777248512,0.06457316506698858,-0.31378087963814716,-0.11564467321802399,0.3162272399707192,-0.1151257446135884,-0.10318453793056911,-0.12188888650415249,1.8773302601592576,0.27461751819054514,2.419671649271787,0.2914152926350998,-0.11313213804431102,2.04627064324178,-2.503219700745125,0.0,0.0,0.9811253821371899,-0.12498250783643965,2.6855336471000912,0.7436966866095863,0.9536919799837233,0.5493971881446129
0.6999179509430974,0.8858113669445872,-0.31378087963814716,-0.16358429537944472,-0.3261104062161668,-0.17453775587990636,-0.15836655315386958,-0.12726169781785823,-0.14065746898533213,0.27461751819054514,-0.9953175001996671,0.2914152926350998,-0.07858204868299677,-0.23855760955043356,1.5752620419646008,0.0,0.0,-0.6686542673905891,-0.10898274602237092,2.6855336471000912,2.2609953199672796,-1.0485565790508873,0.5493971881446129
-1.7270273793932083,0.8858113669445872,1.0009841999861062,0.24390249299263145,0.051403824437529354,-0.08541973898042943,-0.09194375705174865,-0.111143263876741,-0.02423509999622118,0.27461751819054514,-0.20956778439207593,0.2914152926350998,-0.08681899027710711,-0.23855760955043356,-0.48228583174824885,0.0,0.0,1.067955890007073,-0.1372210842029326,-1.1699181340241418,0.15435448819446332,0.9536919799837233,0.5493971881446129
0.15740449577486865,0.8858113669445872,-0.31378087963814716,-0.16358429537944472,-0.3599176507523187,-0.17453775587990636,-0.16449788817868072,-0.12726169781785823,-0.14065746898533213,0.27461751819054514,-0.6931060710429013,0.2914152926350998,-0.49278254027254714,-0.23855760955043356,0.39491326174688457,0.0,0.0,-0.3348995027657259,-0.1524436891717399,-0.23248505412478784,-0.8702973398343075,-1.0485565790508873,-1.8201767711573702
-1.228903741763792,-0.75666503681061,-0.31378087963814716,0.023380231050096106,-0.24159229487578707,-0.1151257446135884,-0.0827467545145319,-0.111143263876741,-0.12125374082048031,0.27461751819054514,-0.9499857858261522,0.2914152926350998,-1.852153302563784,-0.23855760955043356,0.6244255245669955,0.0,0.0,-0.49770670502175673,-0.11524021165906018,0.08020828975698321,-0.3424303432851876,0.9536919799837233,0.5493971881446129
-0.31638886285368223,0.06457316506698858,-0.31378087963814716,0.0952896642922272,0.6993760113804407,0.627524396215386,0.12980619301225504,0.021833816137476068,-0.14065746898533213,-1.995553965517959,-0.783769499789931,0.2914152926350998,0.07564153861098499,-0.23855760955043356,0.5830848064192746,0.0,0.0,4.291538494676483,-0.1387597572119091,1.3461489899198527,-0.03001926369489107,0.9536919799837233,0.5493971881446129
1.111979697425836,0.8858113669445872,-0.31378087963814716,-0.15879033316330265,-0.365552191508344,-0.17453775587990636,-0.16449788817868072,-0.12726169781785823,-0.14065746898533213,0.27461751819054514,-0.39089464188613543,0.2914152926350998,0.53831230049293,-0.23855760955043356,0.8766882740806454,0.0,0.0,-0.6632273606487213,-0.14919529948698837,2.3081001784106907,1.7296839601198368,0.9536919799837233,-1.8201767711573702
-1.5996816637716582,0.8858113669445872,-0.31378087963814716,-0.16358429537944472,-0.33737948772821746,-0.17453775587990636,-0.15632277481226584,-0.12726169781785823,-0.14065746898533213,2.544789001899049,-0.572221499380195,0.2914152926350998,0.18648974197853407,-0.23855760955043356,0.6501238088209859,0.0,0.0,-0.0011447381408627166,-0.1511159312284504,-1.68924287342001,1.2871733961993297,-1.0485565790508873,0.5493971881446129
0.9254906972117574,0.8858113669445872,-0.31378087963814716,-0.16358429537944472,-0.365552191508344,-0.17453775587990636,-0.16449788817868072,-0.12726169781785823,-0.14065746898533213,-1.995553965517959,-0.829101214163446,0.2914152926350998,1.394253209974527,-0.23855760955043356,1.5752620419646008,0.0,0.0,-0.6605139072777876,-0.1493718424046379,1.4322266993301151,-0.03001926369489107,-1.0485565790508873,-1.8201767711573702
0.48832217346216844,-0.75666503681061,-0.31378087963814716,-0.038941277759750835,-0.3599176507523187,-0.17453775587990636,-0.16449788817868072,-0.12726169781785823,-0.14065746898533213,0.27461751819054514,0.48551850266848556,0.2914152926350998,-0.2401496163243107,-0.23855760955043356,-0.024276024685575798,0.0,0.0,-0.6605139072777876,-0.14425209779280124,0.09826072687203845,1.2838591084138304,0.9536919799837233,-1.8201767711573702
-0.21311459347766923,0.8858113669445872,0.34360166017397953,-0.15399637094716057,-0.15143964277938202,-0.14483175024674738,-0.15121332895825654,-0.12323208933257893,-0.004831371831369356,0.27461751819054514,-0.5117792135488418,1.0442381319422414,-0.1372921643005918,-0.23855760955043356,0.18379396772420345,0.0,0.0,0.9132890478638437,-0.1446717489904928,-0.3264081370708519,-0.5786435985851675,0.9536919799837233,0.5493971881446129
-0.990130524973386,0.06457316506698858,-0.31378087963814716,-0.10605674878573985,-0.23595775411976175,-0.17453775587990636,-0.1604103314954733,-0.12591849498943178,0.15039845348744524,0.27461751819054514,-0.5571109279223566,1.0442381319422414,0.576868197316425,-0.23855760955043356,-0.2263229383677037,0.0,0.0,-0.7392040550348691,3.531724533505921,0.03136051873977767,0.31527719269438326,0.9536919799837233,0.5493971881446129
-0.6498948680942656,0.8858113669445872,-0.31378087963814716,-0.12523259765030814,1.2121192201787445,1.4889985595769963,-0.060265192756890976,-0.11785927801887318,0.6937028421032962,-1.995553965517959,-0.7535483568742545,1.0442381319422414,0.44388969602722667,-0.23855760955043356,1.5752620419646008,0.0,0.0,0.08839922309995424,-0.013447642317837162,1.5183936778193632,0.9447033046268316,0.9536919799837233,0.5493971881446129
-1.7139563252491263,-0.75666503681061,-0.31378087963814716,-0.10126278656959778,0.01759657990137746,-0.17453775587990636,-0.1266879888590119,-0.11785927801887318,-0.14065746898533213,0.27461751819054514,-0.10379378418720787,1.0442381319422414,0.06535996612471923,-0.23855760955043356,-0.10268475344293758,0.0,0.0,2.397548041764658,-0.14533180192874606,-1.1699181340241418,0.05267778678489287,0.9536919799837233,0.5493971881446129
0.737707533221037,0.8858113669445872,-0.31378087963814716,-0.15879033316330265,-0.258495917143863,-0.14483175024674738,-0.15938844232467142,-0.12591849498943178,-0.04363882816107301,0.27461751819054514,-0.9197646429104757,1.0442381319422414,-0.6646316804001263,-0.23855760955043356,1.5752620419646008,0.0,0.0,0.8318854467358283,-0.14919529948698837,-0.7418753830924125,1.8444472138468848,0.9536919799837233,0.5493971881446129
-0.8124418384404715,0.8858113669445872,-0.31378087963814716,0.7760322989844015,1.0205448344738837,-0.026007727714111476,0.006157603345229951,-0.09771123559247666,-0.14065746898533213,-1.995553965517959,-0.14912549856072274,1.0442381319422414,0.2973379453460832,-0.23855760955043356,0.5220277457703295,0.0,0.0,-0.155811580284092,0.021144096195144214,-0.6862124609088535,0.9504708937884992,0.9536919799837233,0.5493971881446129
0.18535843335033084,0.8858113669445872,-0.31378087963814716,-0.03414731554360876,-0.24722683563181239,-0.17453775587990636,-0.1471257722750491,-0.12591849498943178,-0.08244628449077665,0.27461751819054514,0.923725074945796,1.0442381319422414,-0.48400314558459967,0.7302018684483993,-0.43827411252444526,0.0,0.0,2.6526126586324397,-0.1517905227128677,-0.5572324372941792,-0.01623642194825958,0.9536919799837233,0.5493971881446129
0.5856432894656294,0.8858113669445872,-0.31378087963814716,-0.16358429537944472,-0.33737948772821746,-0.17453775587990636,-0.16449788817868072,-0.12726169781785823,-0.14065746898533213,0.27461751819054514,-0.8593223570791225,1.0442381319422414,-0.12264593076699135,-0.23855760955043356,0.9413710303661973,0.0,0.0,-0.652373547164986,-0.12656570731554734,-0.8053730648020195,-0.8631154759356807,-1.0485565790508873,-1.8201767711573702
-0.023390183821986182,0.06457316506698858,-0.31378087963814716,-0.14440844651487644,-0.1852468873155339,-0.1151257446135884,-0.15325710729986028,-0.12591849498943178,-0.10185001265562847,0.27461751819054514,-0.8139906427056076,1.0442381319422414,1.347986133786333,-0.23855760955043356,-0.05474341643129381,0.0,0.0,1.4179913748575392,-0.14812406545150184,-0.8612912158775589,-0.5655811144211126,0.9536919799837233,0.5493971881446129
-0.7411334143475101,-2.399141440565807,-0.31378087963814716,-0.16358429537944472,-0.365552191508344,-0.17453775587990636,-0.16449788817868072,-0.12726169781785823,-0.14065746898533213,0.27461751819054514,-0.10379378418720787,1.0442381319422414,-3.442125047761261,-0.23855760955043356,0.5684939647200765,0.0,0.0,-0.7256367881801998,-0.12889286395729127,0.9627557498998675,0.08024347027815419,-1.0485565790508873,-1.8201767711573702
-0.27005779964990695,-2.399141440565807,-0.31378087963814716,-0.16358429537944472,-0.3599176507523187,-0.17453775587990636,-0.162454109837077,-0.12726169781785823,-0.14065746898533213,-1.995553965517959,-0.934875214368314,1.0442381319422414,0.36481076478720037,-0.23855760955043356,0.6975667951360444,0.0,0.0,-0.7256367881801998,-0.10329414089810797,1.0092000616362544,-0.31839872177824186,-1.0485565790508873,0.5493971881446129
-0.7394510014378758,0.8858113669445872,1.6583667397982327,1.2506345583824667,4.390000206577023,4.073421049661827,2.3892031496551684,1.722328596925343,-0.10185001265562847,0.27461751819054514,1.6037007905485192,1.0442381319422414,-0.5915827662033536,1.0856002687197774,-0.9462933632887158,0.0,0.0,3.56975989800808,-0.07281410060359896,-0.32224024759188413,-0.07144393723172496,0.9536919799837233,0.5493971881446129
0.0039166718651551,-1.5779032386882086,0.34360166017397953,-0.10605674878573985,0.9923721306937571,0.003698277919047501,0.203382213309989,-0.0883088157934916,0.7519140265978518,0.27461751819054514,1.482816218885813,1.0442381319422414,-0.7155254642071402,2.678039241911427,-0.9969431033653366,0.0,0.0,0.9295697680894468,-0.0941517398055425,0.7937221444573845,0.08916646609100204,0.9536919799837233,0.5493971881446129
-0.5216432378290664,0.06457316506698858,-0.31378087963814716,-0.15399637094716057,-0.35428310999629337,-0.14483175024674738,-0.16347599900787887,-0.12591849498943178,-0.14065746898533213,-1.995553965517959,-1.1162020718623735,1.0442381319422414,-1.312370747034849,-0.23855760955043356,1.5752620419646008,0.0,0.0,-0.4732856246833521,-0.1498372737329867,-0.5782055760576401,-5.653418696320219,0.9536919799837233,0.5493971881446129
-0.6133994495929678,-0.75666503681061,-0.31378087963814716,0.545922112609582,0.8064322857449217,-0.1151257446135884,0.042945613494096924,-0.005030240431052634,-0.004831371831369356,0.27461751819054514,-0.08868321272936958,1.0442381319422414,-0.18461076494760922,-0.23855760955043356,-1.0705439194896045,0.0,0.0,2.999934690111972,-0.13121327032596272,-0.28057963301922584,-1.3068297628900145,0.9536919799837233,0.5493971881446129
-1.0372380864431463,0.06457316506698858,-0.31378087963814716,-0.0629110888404612,0.4627252996273774,-0.14483175024674738,-0.09603131373495609,-0.1071136553914617,-0.14065746898533213,0.27461751819054514,-0.677995499585063,1.0442381319422414,1.1552066496688558,7.0594948995563245,1.1949274350055603,0.0,0.0,-0.7174964280673983,2.3712490881562776,-2.5432043536965194,0.4698384636495824,0.9536919799837233,0.5493971881446129
0.39682479445359553,0.06457316506698858,-0.31378087963814716,-0.16358429537944472,-0.3599176507523187,-0.17453775587990636,-0.16347599900787887,-0.12726169781785823,-0.14065746898533213,0.27461751819054514,-0.572221499380195,1.0442381319422414,-0.10405648051280587,-0.23855760955043356,0.6501238088209859,0.0,0.0,2.093641264220067,-0.15419763038804377,-1.2076488261201908,0.6792383224019966,-1.0485565790508873,0.5493971881446129
1.6090680040339387,0.06457316506698858,-0.31378087963814716,-0.1492024087310185,-0.08945969446310355,0.1522283060848424,-0.10829398378457841,-0.12054568367572605,0.22801336614685253,0.27461751819054514,-0.8895434999947991,1.0442381319422414,1.6178774115508003,-0.23855760955043356,1.5752620419646008,0.0,0.0,2.1044950777038025,-0.14717069386322862,-0.9530319324858647,1.141522284768719,0.9536919799837233,0.5493971881446129
0.591208193705189,0.06457316506698858,1.0009841999861062,-0.11085071100188193,-0.24722683563181239,-0.17453775587990636,-0.13997254807943607,-0.12457529216100535,-0.14065746898533213,2.544789001899049,-0.013130355440178116,1.0442381319422414,-0.8662239409344022,1.684421305547536,-0.2750144243226304,0.0,0.0,-0.5411219589566982,-0.10882899993793137,-1.9800182878510795,0.14729513282933127,0.9536919799837233,0.5493971881446129
-0.617281940922893,0.8858113669445872,-0.31378087963814716,-0.16358429537944472,-0.34864856924026805,-0.17453775587990636,-0.16449788817868072,-0.12726169781785823,-0.14065746898533213,-1.995553965517959,-1.040649214573182,1.0442381319422414,-1.312370747034849,-0.23855760955043356,1.5752620419646008,0.0,0.0,-0.706642614583663,-0.10723240598413616,0.01712614564697976,-0.03001926369489107,-1.0485565790508873,-1.8201767711573702
-1.242751294173859,0.06457316506698858,1.0009841999861062,-0.15399637094716057,-0.2810340801679643,-0.17453775587990636,-0.15938844232467142,-0.12457529216100535,-0.14065746898533213,0.27461751819054514,0.6215136457890302,1.0442381319422414,-0.41202836927587105,-0.23855760955043356,0.001463668340978332,0.0,0.0,-0.706642614583663,0.03454513711287906,0.08020828975698321,1.2788754318299693,0.9536919799837233,0.5493971881446129
-0.39390927307452406,0.06457316506698858,-0.31378087963814716,-0.16358429537944472,-0.35428310999629337,-0.17453775587990636,-0.16449788817868072,-0.12726169781785823,-0.14065746898533213,0.27461751819054514,1.649032504922034,1.0442381319422414,-0.16578346987535686,-0.23855760955043356,-0.7811588924555507,0.0,0.0,-0.7039291612127291,-0.12157894308323891,0.10425151138888096,0.2959749063123741,-1.0485565790508873,-1.8201767711573702
-0.12731153508632007,0.06457316506698858,-0.31378087963814716,-0.15879033316330265,-0.2923031616800149,-0.17453775587990636,-0.16347599900787887,-0.12726169781785823,-0.14065746898533213,0.27461751819054514,-0.5117792135488418,1.0442381319422414,0.08206752141490087,-0.23855760955043356,-0.372793261971956,0.0,0.0,-0.617098653342846,-0.10774609273448767,-0.8463320514089613,-0.5786435985851675,0.9536919799837233,0.5493971881446129
-0.011095627943889396,0.06457316506698858,-0.31378087963814716,-0.15879033316330265,-0.34301402848424273,-0.17453775587990636,-0.16347599900787887,-0.12726169781785823,-0.14065746898533213,0.27461751819054514,-0.9197646429104757,1.0442381319422414,-4.782401461149433,-0.23855760955043356,1.5752620419646008,0.0,0.0,-0.2019402875899674,-0.1506324830377032,-0.8612912158775589,-0.16390972637644602,0.9536919799837233,0.5493971881446129
0.8347698164691695,0.8858113669445872,-0.31378087963814716,-0.16358429537944472,-0.2923031616800149,-0.17453775587990636,-0.16347599900787887,-0.12726169781785823,-0.14065746898533213,0.27461751819054514,-0.7686589283320927,1.0442381319422414,0.029374462422790487,-0.23855760955043356,0.6244255245669955,0.0,0.0,-0.6143851999719121,-0.1087406777192108,0.21014974599229677,-1.9825885111342416,-1.0485565790508873,0.5493971881446129
1.4307322356127032,-2.399141440565807,-0.31378087963814716,-0.16358429537944472,-0.33174494697219215,-0.17453775587990636,-0.16347599900787887,-0.12726169781785823,-0.14065746898533213,0.27461751819054514,-0.6477743566693864,1.0442381319422414,-2.231140242931097,-0.23855760955043356,-0.5641201221800102,0.0,0.0,1.8629977276906902,-0.1533716428826353,1.5923482278547976,-1.08440665731214,-1.0485565790508873,0.5493971881446129
1.1646521631351558,0.8858113669445872,-0.31378087963814716,-0.16358429537944472,-0.3599176507523187,-0.17453775587990636,-0.16449788817868072,-0.12726169781785823,-0.14065746898533213,-1.995553965517959,0.28908107371658776,1.0442381319422414,0.5640162317085935,-0.23855760955043356,-1.5807059732274489,0.0,0.0,-0.6985022544708615,-0.1352925447220871,1.410140971257745,-0.8675468387667482,-1.0485565790508873,-1.8201767711573702
-0.7787935802477856,0.8858113669445872,-0.31378087963814716,-0.15879033316330265,-0.23595775411976175,-0.17453775587990636,-0.14916955061665282,-0.12591849498943178,-0.14065746898533213,0.27461751819054514,-0.4060052133439737,1.0442381319422414,-0.06481208553174796,2.585093658853968,0.6244255245669955,0.0,0.0,1.6133600175647762,-0.15024479425089576,0.9627557498998675,0.4385973556905529,0.9536919799837233,0.5493971881446129
-1.6636133543377616,0.06457316506698858,1.6583667397982327,-0.15879033316330265,-0.23595775411976175,-0.17453775587990636,-0.14916955061665282,-0.12591849498943178,-0.14065746898533213,0.27461751819054514,-0.19445721293423762,1.0442381319422414,0.7407307588162804,2.585093658853968,0.8391305446245203,0.0,0.0,1.6133600175647762,-0.15024479425089576,-0.5976524898668184,0.1513807180027,0.9536919799837233,0.5493971881446129
-1.7127915778501488,-0.75666503681061,-0.31378087963814716,-0.11564467321802399,-0.16834326504745797,-0.17453775587990636,-0.16143222066627516,-0.12457529216100535,-0.14065746898533213,0.27461751819054514,-0.13401492710288446,1.0442381319422414,0.8371205008750188,0.06552791166234659,-0.32641099283060854,0.0,0.0,1.6133600175647762,-0.14812139786810638,-1.1699181340241418,-0.7684454518174082,0.9536919799837233,0.5493971881446129
-0.12135838171376793,0.06457316506698858,0.34360166017397953,0.8575296566588168,5.291526727541074,1.0434084750796118,0.993302542339827,0.26898313656794015,7.892485991263324,0.27461751819054514,2.4650033636453017,1.0442381319422414,0.11792342546364129,-0.23855760955043356,-1.0135701566641717,0.0,0.0,3.5968944317174185,-0.05795606478578332,0.25366429330206547,0.09599528941716065,0.9536919799837233,0.5493971881446129
-0.8921623270816044,-0.75666503681061,-0.31378087963814716,0.21993268191192109,0.4570907588713521,-0.14483175024674738,-0.06333086026929656,-0.09905443842090308,-0.14065746898533213,0.27461751819054514,1.8756910767896084,1.0442381319422414,-0.19775482068289135,-0.23855760955043356,-1.520929230767298,0.0,0.0,0.8753007006707698,-0.11660891295909258,0.15759187832582447,-0.22782728393799287,0.9536919799837233,0.5493971881446129
0.4102840977306699,0.06457316506698858,0.34360166017397953,0.19116890861506863,0.50780162567558,0.12252230045168341,0.22075432921362062,0.003028976539505977,-0.14065746898533213,0.27461751819054514,-0.4815580706331652,1.0442381319422414,0.8724634062965563,-0.23855760955043356,1.5752620419646008,0.0,0.0,2.4436767490705336,-0.134082383623463,-0.7007813668592946,0.7982333659165911,0.9536919799837233,0.5493971881446129
0.7572494062483276,0.8858113669445872,-0.31378087963814716,-0.16358429537944472,-0.365552191508344,-0.17453775587990636,-0.16449788817868072,-0.12726169781785823,-0.14065746898533213,0.27461751819054514,-0.783769499789931,1.0442381319422414,0.36481076478720037,-0.23855760955043356,1.5752620419646008,0.0,0.0,-0.6930753477289937,-0.14595867933008014,-0.7418753830924125,2.3334384688577834,-1.0485565790508873,-1.8201767711573702
0.0032695899768342175,0.8858113669445872,0.34360166017397953,-0.038941277759750835,0.6092233592840356,0.003698277919047501,-0.06844030612330586,-0.09905443842090308,-0.14065746898533213,0.27461751819054514,-0.3455629275126206,1.0442381319422414,0.081650249804257,-0.23855760955043356,0.9169906068431831,0.0,0.0,3.1871629727064077,-0.13603504912021258,0.7937221444573845,0.5106922202113902,0.9536919799837233,0.5493971881446129
-1.0616977818216757,0.8858113669445872,-0.31378087963814716,-0.16358429537944472,-0.365552191508344,-0.17453775587990636,-0.16347599900787887,-0.12726169781785823,-0.14065746898533213,0.27461751819054514,0.6819559316203834,1.0442381319422414,0.5090776094948944,-0.23855760955043356,-0.041160037611328075,0.0,0.0,-0.6903618943580598,-0.1464077797346272,-1.3024883843945956,-0.623600314916453,-1.0485565790508873,0.5493971881446129
-1.6840611420087015,0.8858113669445872,0.34360166017397953,-0.15399637094716057,0.06267290594957999,0.003698277919047501,-0.1287317672006156,-0.11785927801887318,-0.14065746898533213,0.27461751819054514,-0.7082166425007396,1.0442381319422414,0.18167025487559743,-0.23855760955043356,0.7602593127666541,0.0,0.0,0.8807276074126376,-0.13471464712794165,-0.5976524898668184,-1.301978659169668,0.9536919799837233,0.5493971881446129
-0.019766525247389234,0.06457316506698858,-0.31378087963814716,-0.15879033316330265,-0.34301402848424273,-0.14483175024674738,-0.16347599900787887,-0.12726169781785823,-0.14065746898533213,0.27461751819054514,-0.8442117856212842,1.0442381319422414,-0.602942245482534,-0.23855760955043356,1.5752620419646008,0.0,0.0,-0.44072418423214593,-0.1475730132166953,-0.8612912158775589,-0.7206121764734398,0.9536919799837233,0.5493971881446129
0.7475431779235144,0.8858113669445872,-0.31378087963814716,-0.16358429537944472,-0.3261104062161668,-0.17453775587990636,-0.16347599900787887,-0.12726169781785823,-0.14065746898533213,0.27461751819054514,0.3344127880901026,1.0442381319422414,-0.33497876255924086,-0.23855760955043356,-1.012581675488674,0.0,0.0,1.048961716410536,-0.15262986170307943,-0.7418753830924125,0.3371442731431891,-1.0485565790508873,0.5493971881446129
1.231431014009871,-1.5779032386882086,-0.31378087963814716,0.17199305975050036,1.7304969697330734,0.21164031735116035,0.18396631906475366,-0.04935593376912499,5.661057252305364,0.27461751819054514,-0.677995499585063,1.0442381319422414,-1.6053955628934136,2.6938822652154673,0.4342582210874752,0.0,0.0,-0.43529727749027824,0.35249905197867787,0.9494396672975342,0.9696961909940559,0.9536919799837233,0.5493971881446129
-1.4775126032566754,0.8858113669445872,-0.31378087963814716,-0.16358429537944472,-0.3599176507523187,-0.17453775587990636,-0.16449788817868072,-0.12726169781785823,-0.14065746898533213,0.27461751819054514,0.8935039320301195,1.0442381319422414,0.020561686005991262,-0.23855760955043356,-0.21287827433537262,0.0,0.0,-0.5194143319892275,-0.15074543242244773,-0.6297126490264175,-0.9392753908606775,-1.0485565790508873,-1.8201767711573702
0.014399398455953413,0.8858113669445872,-0.31378087963814716,-0.16358429537944472,0.13028739502188377,0.09281629481852444,-0.11544720798019144,-0.12726169781785823,-0.14065746898533213,0.27461751819054514,0.001980216017660177,1.0442381319422414,-0.04225665828730698,-0.23855760955043356,0.6624589852629006,0.0,0.0,0.305475492774662,-0.11907780952009146,0.7937221444573845,-0.8547845138132733,-1.0485565790508873,0.5493971881446129
0.8210516804367668,0.8858113669445872,-0.31378087963814716,-0.16358429537944472,-0.34301402848424273,-0.17453775587990636,-0.16347599900787887,-0.12726169781785823,-0.14065746898533213,0.27461751819054514,-0.8895434999947991,1.0442381319422414,1.1552066496688558,-0.23855760955043356,1.5752620419646008,0.0,0.0,-0.6849349876161922,-0.11792198264621272,0.21014974599229677,-1.670177431543945,-1.0485565790508873,0.5493971881446129
-1.4943367323530186,0.06457316506698858,-0.31378087963814716,-0.02455939111132462,-0.33737948772821746,-0.17453775587990636,-0.16347599900787887,-0.10845685821988814,0.07278354082803794,0.27461751819054514,-1.0859809289466968,1.0442381319422414,0.5383123004929298,-0.23855760955043356,1.5752620419646008,0.0,0.0,-0.2697766218633136,-0.14919529948698837,-0.6297126490264175,-0.03001926369489107,0.9536919799837233,0.5493971881446129
1.096579148483799,-0.75666503681061,-0.31378087963814716,-0.15879033316330265,-0.33737948772821746,-0.17453775587990636,-0.16347599900787887,-0.12726169781785823,-0.14065746898533213,0.27461751819054514,-0.4966686420910035,1.0442381319422414,-0.2087707912038901,-0.23855760955043356,0.21692415996802217,0.0,0.0,-0.2697766218633136,-0.14919529948698837,1.887783148630462,0.28239181589540546,0.9536919799837233,0.5493971881446129
-1.4272990487229749,0.8858113669445872,-0.31378087963814716,-0.16358429537944472,-0.35428310999629337,-0.17453775587990636,-0.162454109837077,-0.12726169781785823,-0.14065746898533213,0.27461751819054514,-0.2851206416812674,1.0442381319422414,0.2859464303755051,-0.23855760955043356,0.5565086304671656,0.0,0.0,-0.5981044797463091,-0.14579768107184626,-0.5668106997522169,-0.19738234204683558,-1.0485565790508873,0.5493971881446129
1.3173634887788843,0.06457316506698858,-0.31378087963814716,-0.10605674878573985,-0.258495917143863,-0.17453775587990636,-0.15836655315386958,-0.12726169781785823,-0.14065746898533213,0.27461751819054514,-0.30023121313910567,1.0442381319422414,-1.5943107425566587,-0.23855760955043356,0.5379858411672146,0.0,0.0,-0.5139874252473599,-0.11792198264621272,-0.2977270072934111,-0.882049480759334,0.9536919799837233,0.5493971881446129
1.4428973751131358,0.06457316506698858,-0.31378087963814716,-0.14440844651487644,-0.2810340801679643,-0.17453775587990636,-0.162454109837077,-0.12726169781785823,-0.14065746898533213,2.544789001899049,-1.0255386431153437,1.0442381319422414,1.0009830623748743,-0.23855760955043356,1.5752620419646008,0.0,0.0,-0.6767946275033906,-0.05209669477974136,-1.455640001332804,-2.4400475919628883,0.9536919799837233,0.5493971881446129
1.638574938141371,0.06457316506698858,-0.31378087963814716,-0.16358429537944472,-0.29793770243604023,-0.17453775587990636,-0.162454109837077,-0.12726169781785823,-0.14065746898533213,0.27461751819054514,-1.040649214573182,1.0442381319422414,3.314336871784598,-0.23855760955043356,1.5752620419646008,0.0,0.0,-0.6767946275033906,-0.07129573707412884,0.17886163122310664,-0.9672525024657791,-1.0485565790508873,0.5493971881446129
-1.1134643328873466,-1.5779032386882086,-0.31378087963814716,-0.0629110888404612,0.20917096560623819,-0.14483175024674738,-0.09092186788094678,-0.10039764124932953,0.033976084498334294,0.27461751819054514,0.9086145034879578,1.0442381319422414,-1.2846806029525204,-0.23855760955043356,-0.5377079966967439,0.0,0.0,-0.1748057538806289,-0.0787977551955402,1.095105628498168,-0.2660631904964478,0.9536919799837233,0.5493971881446129
0.10227311888992939,0.06457316506698858,-0.31378087963814716,-0.05811712662431912,0.5021670849195546,-0.05571373334727045,-0.04698063353646679,-0.10039764124932953,-0.14065746898533213,0.27461751819054514,0.30419164517442604,1.0442381319422414,-0.41444674990100067,-0.23855760955043356,0.37420538840973155,0.0,0.0,0.8970083276382407,-0.11507633462402346,0.43836893607345584,0.8776171359569157,0.9536919799837233,0.5493971881446129
-1.287399944468,0.8858113669445872,-0.31378087963814716,-0.16358429537944472,-0.34864856924026805,-0.17453775587990636,-0.16449788817868072,-0.12726169781785823,-0.14065746898533213,0.27461751819054514,-0.8139906427056076,1.0442381319422414,1.6383356425183693,-0.23855760955043356,1.5752620419646008,0.0,0.0,0.3190427596293312,-0.15292030989775232,-1.5576287384669998,-0.03001926369489107,-1.0485565790508873,-1.8201767711573702
0.09373163796409373,-0.75666503681061,-0.31378087963814716,-0.16358429537944472,-0.35428310999629337,-0.17453775587990636,-0.16449788817868072,-0.12726169781785823,-0.14065746898533213,0.27461751819054514,0.12286478768036652,1.0442381319422414,0.19306176984617554,-0.23855760955043356,0.338028983182175,0.0,0.0,0.8997217810091744,-0.15372997211554018,-0.08566515728005454,0.828170207950742,-1.0485565790508873,-1.8201767711573702
1.4778397970824635,0.8858113669445872,-0.31378087963814716,-0.16358429537944472,-0.3261104062161668,-0.17453775587990636,-0.155300885641464,-0.12726169781785823,-0.14065746898533213,0.27461751819054514,-0.6326637852115481,1.0442381319422414,0.03708564178748974,-0.23855760955043356,0.1922271075680846,0.0,0.0,0.5768208298680467,-0.15196331807235772,-1.3456603565416556,-0.7684454518174082,-1.0485565790508873,0.5493971881446129
1.4237437512188376,-0.75666503681061,-0.31378087963814716,-0.15399637094716057,-0.15707418353540734,-0.14483175024674738,-0.14406010476264353,-0.12323208933257893,-0.14065746898533213,0.27461751819054514,0.8632827891144429,1.0442381319422414,-0.5444280020680528,-0.23855760955043356,-1.9687649774264713,0.0,0.0,1.4858277091308854,-0.14738256282951503,1.5923482278547976,-0.37083135052066823,0.9536919799837233,0.5493971881446129
0.18484076783967412,-0.75666503681061,1.6583667397982327,-0.10605674878573985,0.9923721306937571,0.003698277919047501,0.203382213309989,-0.0883088157934916,0.7519140265978518,0.27461751819054514,1.8756910767896084,1.0442381319422414,-1.0443154643572143,2.678039241911427,-1.1769079782415324,0.0,0.0,0.9946926489918592,-0.09641448407595245,-0.5572324372941792,0.04533617258819573,0.9536919799837233,0.5493971881446129
-0.35508435977527103,-0.75666503681061,-0.31378087963814716,-0.15879033316330265,-0.33737948772821746,-0.17453775587990636,-0.16449788817868072,-0.12726169781785823,-0.12125374082048031,0.27461751819054514,-0.4513369277174886,1.0442381319422414,0.8335403104556942,-0.23855760955043356,-0.960302004429012,0.0,0.0,1.9851031293827133,-0.15357461783226503,0.25910696682602397,-0.32160293797916795,0.9536919799837233,-1.8201767711573702
-0.07865097708458962,0.06457316506698858,0.34360166017397953,0.10487758872451133,0.8177013672569723,0.21164031735116035,0.05827395105612483,-0.039953513970139944,-0.14065746898533213,0.27461751819054514,0.8783933605722811,1.0442381319422414,-0.35513298135334115,-0.23855760955043356,-0.4836922212723179,0.0,0.0,2.6444722985196383,-0.12852365160547613,-0.8612912158775589,-0.5092061827657187,0.9536919799837233,0.5493971881446129
0.6715757642346427,0.8858113669445872,-0.31378087963814716,-0.16358429537944472,-0.34301402848424273,-0.14483175024674738,-0.15836655315386958,-0.12726169781785823,-0.14065746898533213,0.27461751819054514,-0.5420003564645184,1.0442381319422414,1.1744845980806033,-0.23855760955043356,-0.18012845169251598,0.0,0.0,0.5795342832389806,-0.15291466362473843,1.6646001096915513,0.018043979319000453,-1.0485565790508873,0.5493971881446129
-0.22191490715883322,-2.399141440565807,-0.31378087963814716,-0.16358429537944472,-0.35428310999629337,-0.17453775587990636,-0.16347599900787887,-0.12726169781785823,-0.14065746898533213,0.27461751819054514,-0.013130355440178116,1.0442381319422414,-2.570639379877809,-0.23855760955043356,-0.7375835408944386,0.0,0.0,0.24849297198505121,-0.15322918423547374,0.353181127794314,-1.017913758615557,-1.0485565790508873,0.5493971881446129
1.4637334119170682,0.8858113669445872,-0.31378087963814716,-0.12523259765030814,-0.16834326504745797,-0.1151257446135884,-0.14610388310424724,-0.12457529216100535,-0.12125374082048031,0.27461751819054514,0.817951074740928,1.0442381319422414,-0.301349452552081,-0.23855760955043356,-1.7858344846501881,0.0,0.0,-0.49227979827988905,-0.09439023722534856,-1.3456603565416556,-1.265132834168155,0.9536919799837233,0.5493971881446129
-1.8121833558962364,0.8858113669445872,1.0009841999861062,0.5075704148804454,1.7981114588053773,0.3898763511501142,0.8972449602844521,0.561801353164903,-0.08244628449077665,2.544789001899049,-0.05846206981369299,1.0442381319422414,-0.26365035343577464,-0.23855760955043356,-0.8353094105927079,0.0,0.0,2.5657821507625567,-0.10598211181818627,-1.6917206589063898,-0.18842488151532263,0.9536919799837233,0.5493971881446129
0.26624366939044125,-2.399141440565807,-0.31378087963814716,-0.16358429537944472,-0.365552191508344,-0.17453775587990636,-0.16347599900787887,-0.12726169781785823,-0.14065746898533213,0.27461751819054514,-0.4664474991753269,1.0442381319422414,-1.995360919336767,-0.23855760955043356,-0.23997130943082634,0.0,0.0,-0.7392040550348691,-0.0008992486613747532,1.9915405920719578,-0.6264404156400019,-1.0485565790508873,0.5493971881446129
0.09360222158642954,0.8858113669445872,-0.31378087963814716,-0.16358429537944472,-0.365552191508344,-0.17453775587990636,-0.16449788817868072,-0.12726169781785823,-0.14065746898533213,0.27461751819054514,0.18330707351171968,1.0442381319422414,1.2344214922334922,-0.23855760955043356,-0.12968619612765667,0.0,0.0,-0.7364906016639352,-0.07769541783892465,-0.08566515728005454,0.8102588124445254,-1.0485565790508873,-1.8201767711573702
0.5715369043002341,0.8858113669445872,-0.31378087963814716,0.2678723040733418,-0.16834326504745797,-0.14483175024674738,-0.13997254807943607,-0.12188888650415249,-0.10185001265562847,0.27461751819054514,-0.9046540714526374,1.0442381319422414,-0.3870292232709595,-0.23855760955043356,1.5752620419646008,0.0,0.0,1.4125644681156715,-0.14752770265780504,-0.8053730648020195,0.71976732732182,0.9536919799837233,0.5493971881446129
0.46230948155166895,0.06457316506698858,0.34360166017397953,-0.04852920219203498,0.581050655503909,-0.14483175024674738,0.009223270857635532,-0.10174084407775597,-0.14065746898533213,0.27461751819054514,2.5556667923923317,1.0442381319422414,-0.1616501519721557,-0.23855760955043356,-1.136960155202338,0.0,0.0,0.2539198787269189,-0.08376377998101987,0.09826072687203845,-0.23743973457041537,0.9536919799837233,0.5493971881446129
-0.22204432353649742,0.06457316506698858,-0.31378087963814716,-0.16358429537944472,-0.3599176507523187,-0.14483175024674738,-0.16449788817868072,-0.12726169781785823,-0.14065746898533213,0.27461751819054514,-0.5873320708380333,1.0442381319422414,1.0370854021277836,-0.23855760955043356,-0.009465487031406757,0.0,0.0,-0.7310636949220676,-0.07769541783892465,0.353181127794314,0.23032330263035633,-1.0485565790508873,-1.8201767711573702
0.516534943792959,-2.399141440565807,-0.31378087963814716,-0.16358429537944472,-0.365552191508344,-0.17453775587990636,-0.1604103314954733,-0.12726169781785823,-0.14065746898533213,0.27461751819054514,0.1681965020538814,1.0442381319422414,-1.525492222171215,-0.23855760955043356,-0.1495111756403574,0.0,0.0,1.33387432035859,-0.15429081271797115,3.540540776562717,-0.4877378221643953,-1.0485565790508873,0.5493971881446129
-0.24443335687239998,0.06457316506698858,-0.31378087963814716,-0.16358429537944472,-0.34864856924026805,-0.17453775587990636,-0.16449788817868072,-0.12726169781785823,-0.14065746898533213,0.27461751819054514,0.44018678829497065,1.0442381319422414,-0.40463082834255554,-0.23855760955043356,-1.277247510228214,0.0,0.0,0.7613356590915483,-0.1533826170644522,-0.8603242518026359,-0.12013784434593851,-1.0485565790508873,-1.8201767711573702
-0.397532931649121,0.8858113669445872,-0.31378087963814716,-0.15399637094716057,-0.3599176507523187,-0.17453775587990636,-0.16449788817868072,-0.12591849498943178,-0.14065746898533213,0.27461751819054514,-0.934875214368314,1.0442381319422414,1.2323184433158467,-0.23855760955043356,1.5752620419646008,0.0,0.0,-0.7283502415511337,-0.09305465167443464,0.10425151138888096,-0.4625884508199164,0.9536919799837233,-1.8201767711573702
1.6482811664661843,0.06457316506698858,-0.31378087963814716,-0.16358429537944472,-0.3599176507523187,-0.17453775587990636,-0.16449788817868072,-0.12726169781785823,-0.14065746898533213,0.27461751819054514,1.0748307895241789,1.0442381319422414,0.5380828011070754,-0.23855760955043356,-0.5348135171917274,0.0,0.0,-0.7283502415511337,-0.09305465167443464,1.5074031198841442,0.39366151547551,-1.0485565790508873,-1.8201767711573702
0.4831455183556014,0.8858113669445872,-0.31378087963814716,-0.05811712662431912,-0.12326693899925543,-0.14483175024674738,-0.1369068805670305,-0.11517287236202031,-0.06304255632592483,0.27461751819054514,1.1352730753555322,1.0442381319422414,0.7624184507794965,-0.23855760955043356,-0.7828125211814593,0.0,0.0,1.0136868225883962,-0.14404635844209376,0.09826072687203845,-0.217465911449068,0.9536919799837233,0.5493971881446129
-1.3355428369590736,0.8858113669445872,-0.31378087963814716,-0.07249901327274534,0.006327498389326827,-0.17453775587990636,-0.11544720798019144,-0.12323208933257893,-0.10185001265562847,0.27461751819054514,-0.7082166425007396,1.0442381319422414,0.46303650193277185,-0.23855760955043356,-1.277247510228214,0.0,0.0,-0.5574026791823014,-0.0031579595195379948,-0.4616244828756293,-0.09696449503566855,0.9536919799837233,0.5493971881446129
1.5114880552751495,0.8858113669445872,-0.31378087963814716,-0.16358429537944472,-0.3599176507523187,-0.17453775587990636,-0.16449788817868072,-0.12726169781785823,-0.14065746898533213,0.27461751819054514,-0.6024426422958715,1.0442381319422414,0.19987720615335924,-0.23855760955043356,0.5972587669270653,0.0,0.0,-0.7256367881801998,-0.10329414089810797,-0.45137039484202884,0.773323512394442,-1.0485565790508873,-1.8201767711573702
1.6384455217637068,0.06457316506698858,-0.31378087963814716,-0.16358429537944472,-0.365552191508344,-0.17453775587990636,-0.16449788817868072,-0.12726169781785823,-0.14065746898533213,0.27461751819054514,2.4952245065609784,1.0442381319422414,-0.29939105779279246,-0.23855760955043356,-0.944454729139052,0.0,0.0,-0.6388062803103167,-0.1504496833755509,0.17886163122310664,0.0637040601821974,-1.0485565790508873,-1.8201767711573702
-1.38407397858314,0.8858113669445872,-0.31378087963814716,-0.14440844651487644,-0.09509423521912885,-0.08541973898042943,-0.10318453793056911,-0.12457529216100535,-0.14065746898533213,0.27461751819054514,-0.4664474991753269,1.0442381319422414,1.493029745646148,-0.23855760955043356,-0.23997130943082634,0.0,0.0,-0.13681740668755507,-0.12074259787118358,-0.5269982379698451,-1.6488766761173332,0.9536919799837233,0.5493971881446129
-1.5136197726249807,0.06457316506698858,0.34360166017397953,0.42607305720603017,1.0881593235461875,0.12252230045168341,0.4721390652308783,0.6826896077232821,0.014572356333482469,0.27461751819054514,1.4979267903436513,1.0442381319422414,0.16883758807975796,-0.23855760955043356,-1.1133101796424199,0.0,0.0,1.3447281338423254,-0.10276152767450988,-0.6297126490264175,-0.6225230353316598,0.9536919799837233,0.5493971881446129
0.8992191725459294,0.8858113669445872,-0.31378087963814716,-0.16358429537944472,-0.365552191508344,-0.17453775587990636,-0.16449788817868072,-0.12726169781785823,-0.14065746898533213,0.27461751819054514,1.9210227911631235,1.0442381319422414,0.21223957307136856,-0.23855760955043356,-1.3619755167289906,0.0,0.0,-0.7202098814383322,-0.1352925447220871,0.12066573775241146,1.5289429552507459,-1.0485565790508873,-1.8201767711573702
0.09010797938949677,-0.75666503681061,-0.31378087963814716,-0.16358429537944472,-0.27539953941193895,-0.17453775587990636,-0.16143222066627516,-0.12726169781785823,-0.14065746898533213,0.27461751819054514,-0.31534178459694395,1.0442381319422414,-0.022500744212458186,-0.23855760955043356,0.30748001876779374,0.0,0.0,0.6039553635773852,-0.14922733348414252,-0.08566515728005454,-0.2730056589317882,-1.0485565790508873,0.5493971881446129
-1.329977932719514,-1.5779032386882086,-0.31378087963814716,-0.15879033316330265,-0.33737948772821746,-0.17453775587990636,-0.16449788817868072,-0.12726169781785823,-0.14065746898533213,0.27461751819054514,-0.37578407042829715,1.0442381319422414,-0.20827006527111755,-0.23855760955043356,-0.2503440714388009,0.0,0.0,0.8535930737032991,-0.15292431825774908,-0.4616244828756293,-0.892273843364108,0.9536919799837233,-1.8201767711573702
1.3836246741429428,-0.75666503681061,-0.31378087963814716,-0.14440844651487644,-0.27539953941193895,-0.17453775587990636,-0.14099443725023794,-0.12323208933257893,-0.14065746898533213,0.27461751819054514,0.7575087889095748,1.0442381319422414,-1.0083723297726737,-0.23855760955043356,-0.8893062111299906,0.0,0.0,-0.21550755444463662,-0.14103246458329574,-0.9421468236501976,-0.9297631729149444,0.9536919799837233,0.5493971881446129
-0.7895351395939122,0.8858113669445872,-0.31378087963814716,-0.16358429537944472,-0.35428310999629337,-0.17453775587990636,-0.16449788817868072,-0.12726169781785823,-0.14065746898533213,-1.995553965517959,-0.421115784801812,1.0442381319422414,0.7182398190025748,-0.23855760955043356,1.5752620419646008,0.0,0.0,-0.7147829746964645,-0.10841388550994462,-0.6862124609088535,-0.5484887149298496,-1.0485565790508873,-1.8201767711573702
0.8988309234129369,0.8858113669445872,-0.31378087963814716,-0.16358429537944472,-0.365552191508344,-0.17453775587990636,-0.16449788817868072,-0.12726169781785823,-0.14065746898533213,0.27461751819054514,-0.39089464188613543,1.0442381319422414,1.4085739716518255,-0.23855760955043356,-0.05474341643129381,0.0,0.0,-0.7147829746964645,-0.1391323531809646,0.12066573775241146,0.5055425870313304,-1.0485565790508873,-1.8201767711573702
-1.0931459615940706,0.8858113669445872,1.0009841999861062,-0.15879033316330265,-0.16834326504745797,-0.1151257446135884,-0.13997254807943607,-0.12591849498943178,-0.14065746898533213,0.27461751819054514,-0.8139906427056076,1.0442381319422414,1.0340309739378701,-0.23855760955043356,0.48859173636733816,0.0,0.0,1.352868493955127,-0.14732924999473418,1.095105628498168,2.8263106068449577,0.9536919799837233,0.5493971881446129
1.6076444238796328,0.06457316506698858,-0.31378087963814716,-0.12523259765030814,-0.27539953941193895,-0.17453775587990636,-0.15121332895825654,-0.12591849498943178,-0.14065746898533213,0.27461751819054514,-0.7233272139585779,1.0442381319422414,-1.8984203787519784,-0.23855760955043356,1.15266803423233,0.0,0.0,0.20236426467917581,-0.14698851301636912,-0.9530319324858647,-0.5159920541686853,0.9536919799837233,0.5493971881446129
0.8987015070352727,0.8858113669445872,-0.31378087963814716,-0.16358429537944472,-0.3599176507523187,-0.14483175024674738,-0.16449788817868072,-0.12726169781785823,-0.14065746898533213,0.27461751819054514,1.1050519324398556,1.0442381319422414,0.513622157868691,-0.23855760955043356,-1.508532068514118,0.0,0.0,1.602506204081041,-0.15413604919620813,0.12066573775241146,0.489258611840331,-1.0485565790508873,-1.8201767711573702
0.35075256400514865,0.06457316506698858,-0.31378087963814716,-0.14440844651487644,0.1753637210700863,-0.05571373334727045,-0.030630406803637024,-0.11382966953359387,-0.12125374082048031,0.27461751819054514,-1.040649214573182,1.0442381319422414,-0.8496999851529047,-0.23855760955043356,1.5752620419646008,0.0,0.0,2.7611507934697936,-0.14295134160946862,0.22490829069474474,-1.5920746616463706,0.9536919799837233,0.5493971881446129
1.4444503716451058,0.8858113669445872,-0.31378087963814716,-0.15399637094716057,-0.35428310999629337,-0.17453775587990636,-0.16449788817868072,-0.12726169781785823,-0.14065746898533213,2.544789001899049,-0.5571109279223566,1.0442381319422414,-0.1970037317837327,-0.23855760955043356,-0.8268512651451377,0.0,0.0,-0.7093560679545968,-0.11609350242769961,-1.455640001332804,-0.42464378528263125,0.9536919799837233,-1.8201767711573702
-1.1627719727773977,0.8858113669445872,-0.31378087963814716,-0.15399637094716057,-0.24159229487578707,-0.17453775587990636,-0.16143222066627516,-0.12726169781785823,-0.14065746898533213,0.27461751819054514,-1.0708703574888587,1.0442381319422414,2.3889953480207087,-0.23855760955043356,1.5752620419646008,0.0,0.0,-0.37288784995879976,-0.1285164121475974,-0.8250350993391762,-0.03001926369489107,0.9536919799837233,0.5493971881446129
-1.2228211720135758,-2.399141440565807,-0.31378087963814716,-0.16358429537944472,-0.365552191508344,-0.17453775587990636,-0.16347599900787887,-0.12726169781785823,-0.14065746898533213,0.27461751819054514,0.561071359957677,1.0442381319422414,-1.4490689266817867,-0.23855760955043356,-1.4809981925277012,0.0,0.0,-0.706642614583663,-0.14267679175838996,0.08020828975698321,-0.5321084987507246,-1.0485565790508873,0.5493971881446129
-1.425098970302684,0.06457316506698858,-0.31378087963814716,-0.16358429537944472,-0.365552191508344,-0.17453775587990636,-0.16449788817868072,-0.12726169781785823,-0.14065746898533213,0.27461751819054514,3.4169693654891145,1.0442381319422414,-0.2510821325231808,-0.23855760955043356,-1.4193991490418099,0.0,0.0,0.6989262315600698,-0.1542023359084612,-0.5668106997522169,0.22530673490714506,-1.0485565790508873,-1.8201767711573702
1.2134421375145505,-1.5779032386882086,2.3157492796103596,0.11446551315679548,0.02886566141342809,0.033404283552206475,0.05009883768970995,0.126603636754738,-0.14065746898533213,-1.995553965517959,0.1530859305960431,1.0442381319422414,-0.5489639899296401,-0.23855760955043356,0.2329046056385701,0.0,0.0,-0.6225255600847137,0.09335059532925466,1.2098853973525376,-0.4049125592032466,0.9536919799837233,0.5493971881446129
1.2236660313500205,0.8858113669445872,-0.31378087963814716,-0.16358429537944472,-0.365552191508344,-0.17453775587990636,-0.16347599900787887,-0.12726169781785823,-0.14065746898533213,-1.995553965517959,-0.6931060710429013,1.0442381319422414,1.3865420306098284,-0.23855760955043356,1.1818124485586958,0.0,0.0,-0.6985022544708615,-0.14489206586928083,1.2098853973525376,0.7456220373568782,-1.0485565790508873,0.5493971881446129
-0.9101512035769249,0.06457316506698858,-0.31378087963814716,-0.16358429537944472,-0.365552191508344,-0.17453775587990636,-0.16449788817868072,-0.12726169781785823,-0.14065746898533213,0.27461751819054514,-0.31534178459694395,1.0442381319422414,0.820596545093521,-0.23855760955043356,0.7300740265000645,0.0,0.0,-0.6957888010999276,-0.14545674358382163,0.525188694702774,0.07411776283520723,-1.0485565790508873,-1.8201767711573702
0.15701624664187613,0.06457316506698858,-0.31378087963814716,-0.16358429537944472,-0.35428310999629337,-0.17453775587990636,-0.162454109837077,-0.12726169781785823,-0.14065746898533213,0.27461751819054514,-0.20956778439207593,1.0442381319422414,-0.7505562504639163,-0.23855760955043356,0.4529632017575931,0.0,0.0,-0.6957888010999276,-0.12738705671851577,-0.23248505412478784,0.03143865360155984,-1.0485565790508873,0.5493971881446129
-1.366602767598476,0.06457316506698858,-0.31378087963814716,-0.16358429537944472,-0.35428310999629337,-0.17453775587990636,-0.16449788817868072,-0.12726169781785823,-0.14065746898533213,0.27461751819054514,-0.14912549856072274,1.0442381319422414,0.8036970448624431,-0.23855760955043356,-0.5312065504239394,0.0,0.0,-0.6930753477289937,-0.12889286395729127,-0.12446840774978787,-0.5202643424365863,-1.0485565790508873,-1.8201767711573702
-0.29283508211880205,-2.399141440565807,-0.31378087963814716,-0.16358429537944472,-0.365552191508344,-0.17453775587990636,-0.16449788817868072,-0.12726169781785823,-0.14065746898533213,-1.995553965517959,0.198417644969558,1.0442381319422414,-1.4946349865640995,-0.23855760955043356,-0.11031178433115306,0.0,0.0,-0.6930753477289937,-0.14595867933008014,1.3461489899198527,0.22558980142444263,-1.0485565790508873,-1.8201767711573702
0.3370344279727459,0.8858113669445872,-0.31378087963814716,-0.14440844651487644,-0.07819061295105291,-0.17453775587990636,-0.12464421051740818,-0.12323208933257893,-0.14065746898533213,0.27461751819054514,2.6463302211393613,1.0442381319422414,0.5733260702098768,-0.23855760955043356,-2.8518327830386476,0.0,0.0,1.8738515411744257,-0.14620652312180113,0.22490829069474474,0.31488256817279603,0.9536919799837233,0.5493971881446129
0.6867174804213514,-0.75666503681061,-0.31378087963814716,-0.16358429537944472,-0.365552191508344,-0.17453775587990636,-0.16449788817868072,-0.12726169781785823,-0.14065746898533213,0.27461751819054514,-0.3304523560547823,1.0442381319422414,0.5603442415349268,-0.23855760955043356,-0.14700787634049445,0.0,0.0,-0.6903618943580598,-0.1464077797346272,0.4406937495547577,-1.091038024567595,-1.0485565790508873,-1.8201767711573702
-1.4275578814783032,0.06457316506698858,-0.31378087963814716,-0.16358429537944472,-0.23032321336373643,-0.17453775587990636,-0.15938844232467142,-0.12591849498943178,-0.14065746898533213,0.27461751819054514,-0.829101214163446,1.0442381319422414,0.678765924635663,-0.23855760955043356,1.5752620419646008,0.0,0.0,-0.687648440987126,0.0374988359274002,-0.5668106997522169,0.0637040601821974,-1.0485565790508873,0.5493971881446129
0.10783802312948898,0.06457316506698858,-0.31378087963814716,-0.1300265598664502,0.16409463955803566,-0.1151257446135884,-0.12157854300500259,-0.12054568367572605,0.1309947253225934,0.27461751819054514,-0.6931060710429013,1.0442381319422414,1.0009830623748739,-0.23855760955043356,0.7883628551527908,0.0,0.0,1.6269272844194456,-0.13777764412559887,0.43836893607345584,-0.48247668930842286,0.9536919799837233,0.5493971881446129
-0.38886203434562117,0.06457316506698858,2.3157492796103596,18.74859664730103,11.252870847415858,10.13344619882626,12.772619014172871,9.205311554089013,11.598598070750022,0.27461751819054514,0.9690567893193109,1.0442381319422414,-0.36389568517686244,0.639003768779409,-0.9694227384088447,0.0,0.0,4.351234468837028,0.014320876503275501,0.25910696682602397,-0.5154925960078693,0.9536919799837233,0.5493971881446129
-1.554774180722189,0.06457316506698858,-0.31378087963814716,0.13843532423750585,1.1726774348865672,0.18193431171800137,0.015354605882446694,-0.07487678750922726,-0.10185001265562847,0.27461751819054514,-0.20956778439207593,1.0442381319422414,-0.1851365271770203,-0.23855760955043356,-0.48228583174824885,0.0,0.0,0.3868790939026774,-0.05332740261912517,0.1997550234776168,-0.6445984366594084,0.9536919799837233,0.5493971881446129
0.587584535130592,0.06457316506698858,-0.31378087963814716,0.04735004213080647,0.3274963214827698,-0.1151257446135884,-0.08172486534373004,-0.10845685821988814,-0.02423509999622118,2.544789001899049,3.3111953652842465,1.0442381319422414,-0.5418198090476397,-0.23855760955043356,-1.684748874827187,0.0,0.0,-0.34846676962039513,-0.02314365628521679,-1.9800182878510795,0.04648957212313986,0.9536919799837233,0.5493971881446129
0.28242071659846335,-2.399141440565807,0.34360166017397953,0.08570173985994305,0.14719101728995973,-0.08541973898042943,-0.10011887041816353,-0.111143263876741,0.07278354082803794,0.27461751819054514,2.9032099359226122,1.0442381319422414,-0.6196068306749384,-0.23855760955043356,-2.142615576623787,0.0,0.0,1.4695469889052823,-0.13715355618375166,0.6756377459576545,-0.8092918442459671,0.9536919799837233,0.5493971881446129
1.2707735928197808,0.8858113669445872,-0.31378087963814716,-0.16358429537944472,-0.33737948772821746,-0.17453775587990636,-0.162454109837077,-0.12726169781785823,-0.14065746898533213,-1.995553965517959,-0.7686589283320927,1.0442381319422414,0.8504314652545587,-0.23855760955043356,0.6244255245669955,0.0,0.0,-0.6795080808743245,-0.11442402048905721,-1.2083802365953147,0.12618627610025637,-1.0485565790508873,0.5493971881446129
1.1454985392408576,0.06457316506698858,-0.31378087963814716,-0.05811712662431912,-0.033114286902850384,-0.08541973898042943,-0.03778363099925004,-0.08562241013663874,-0.14065746898533213,-1.995553965517959,0.30419164517442604,1.0442381319422414,0.630846452869318,-0.23855760955043356,-0.46653426907867707,0.0,0.0,3.208870599673878,-0.14816223241392926,1.410140971257745,-0.2470627505681492,0.9536919799837233,0.5493971881446129
-0.5721156251180953,-0.75666503681061,-0.31378087963814716,-0.0629110888404612,-0.33174494697219215,-0.17453775587990636,-0.16449788817868072,-0.12726169781785823,-0.14065746898533213,-1.995553965517959,-0.7082166425007396,1.0442381319422414,-1.9485430446225223,-0.23855760955043356,0.7602593127666541,0.0,0.0,-0.671367720761523,-0.11313980361317848,-0.0044208516090499346,0.036925967645886404,0.9536919799837233,-1.8201767711573702
1.4777103807047993,-0.75666503681061,-0.31378087963814716,0.00899834440166989,-0.24722683563181239,-0.17453775587990636,-0.16143222066627516,-0.11785927801887318,-0.004831371831369356,0.27461751819054514,-0.6477743566693864,1.0442381319422414,-0.03360016905558565,1.6490251073111286,0.8621346539163971,0.0,0.0,-0.6659408140196552,-0.033811892594610427,-1.3456603565416556,-1.9630628186598476,0.9536919799837233,0.5493971881446129
-0.09806343373421614,-1.5779032386882086,-0.31378087963814716,-0.16358429537944472,-0.34864856924026805,-0.17453775587990636,-0.16449788817868072,-0.12726169781785823,-0.14065746898533213,0.27461751819054514,-0.6326637852115481,1.0442381319422414,-0.42007713483395587,-0.23855760955043356,0.5379858411672146,0.0,0.0,-0.6659408140196552,-0.13254982439431745,0.25366429330206547,-0.7116434373464453,-1.0485565790508873,-1.8201767711573702
-1.3667321839761402,0.06457316506698858,-0.31378087963814716,-0.1492024087310185,-0.2810340801679643,-0.17453775587990636,-0.15836655315386958,-0.12457529216100535,-0.14065746898533213,0.27461751819054514,-0.7082166425007396,1.0442381319422414,0.3720399954416054,-0.23855760955043356,-0.46224478103026717,0.0,0.0,-0.7392040550348691,2.302985826665122,-0.12446840774978787,0.17081643032744134,0.9536919799837233,0.5493971881446129
1.5442303988241861,0.8858113669445872,-0.31378087963814716,-0.16358429537944472,-0.34864856924026805,-0.14483175024674738,-0.16347599900787887,-0.12726169781785823,-0.14065746898533213,0.27461751819054514,-0.6326637852115481,1.0442381319422414,0.769647681433902,-0.23855760955043356,1.2295033083654707,0.0,0.0,-0.7392040550348691,0.45987776640392464,-0.7390669220744036,0.02678275077607179,-1.0485565790508873,0.5493971881446129
1.254855378367087,0.06457316506698858,-0.31378087963814716,-0.16358429537944472,-0.20215050958360986,-0.17453775587990636,-0.14814766144585095,-0.12726169781785823,-0.14065746898533213,0.27461751819054514,0.1530859305960431,1.0442381319422414,-0.6826244322510909,0.5272874068373126,0.6356118365363791,0.0,0.0,2.728589353018587,-0.15088895202769192,0.9494396672975342,0.14640111066198133,-1.0485565790508873,0.5493971881446129
-0.07916864259524634,-0.75666503681061,-0.31378087963814716,-0.11085071100188193,-0.23032321336373643,-0.17453775587990636,-0.155300885641464,-0.12591849498943178,-0.12125374082048031,0.27461751819054514,-0.13401492710288446,1.0442381319422414,-1.2034503385084745,5.549203477532843,-0.32641099283060854,0.0,0.0,0.32989657311306664,-0.144770552943367,-0.8612912158775589,-0.31402933604970534,0.9536919799837233,0.5493971881446129
-0.024037265710307065,0.06457316506698858,-0.31378087963814716,0.10487758872451133,-0.08382515370707823,-0.14483175024674738,-0.12260043217580445,-0.12591849498943178,0.053379812663186116,0.27461751819054514,-0.8744329285369609,1.0442381319422414,0.6539799909634157,-0.23855760955043356,0.9040833238015842,0.0,0.0,2.5630686973916226,-0.1480603807306699,-0.8612912158775589,0.19050620425119943,0.9536919799837233,0.5493971881446129
-1.330754430985499,0.8858113669445872,-0.31378087963814716,-0.15879033316330265,-0.3204758654601415,-0.17453775587990636,-0.15938844232467142,-0.12726169781785823,-0.14065746898533213,0.27461751819054514,0.8028405032830896,1.0442381319422414,0.6036069621264855,-0.23855760955043356,-0.2966973516619338,0.0,0.0,1.1602133046188239,-0.1525196454398756,-0.4616244828756293,0.3067989314883968,0.9536919799837233,0.5493971881446129
-0.007989634879949156,-1.5779032386882086,-0.31378087963814716,-0.11085071100188193,-0.34864856924026805,-0.17453775587990636,-0.16347599900787887,-0.12726169781785823,-0.14065746898533213,0.27461751819054514,1.5281479332593277,1.0442381319422414,-1.1885860256541536,-0.23855760955043356,-1.2124177476783766,0.0,0.0,-0.6550870005359198,-0.1352925447220871,-0.8612912158775589,-0.3282298396674465,0.9536919799837233,0.5493971881446129
-1.0152373022402363,0.8858113669445872,1.6583667397982327,-0.11564467321802399,-0.033114286902850384,-0.17453775587990636,-0.07968108700212632,-0.11382966953359387,-0.14065746898533213,0.27461751819054514,0.3344127880901026,1.0442381319422414,0.07660543603157227,-0.23855760955043356,-1.9536157545625927,0.0,0.0,3.309268374398431,-0.14831908848914305,0.03136051873977767,-0.49380478391141297,0.9536919799837233,0.5493971881446129
-0.6175407736782214,0.06457316506698858,-0.31378087963814716,-0.16358429537944472,-0.3148413247041162,-0.17453775587990636,-0.16347599900787887,-0.12726169781785823,-0.14065746898533213,-1.995553965517959,-0.4815580706331652,1.0442381319422414,-0.2713615328004734,-0.23855760955043356,-0.547535764318424,0.0,0.0,-0.652373547164986,-0.10794845418159583,0.01712614564697976,-0.2915727256774649,-1.0485565790508873,0.5493971881446129
0.3763770067826556,0.06457316506698858,-0.31378087963814716,-0.16358429537944472,-0.30357224319206555,-0.17453775587990636,-0.15632277481226584,-0.12591849498943178,-0.14065746898533213,0.27461751819054514,-0.39089464188613543,1.0442381319422414,1.28739829592084,-0.23855760955043356,-0.28760133905927765,0.0,0.0,-0.652373547164986,-0.0986398276146201,0.22490829069474474,0.2377616616682205,-1.0485565790508873,0.5493971881446129
1.2693500126654749,0.8858113669445872,-0.31378087963814716,0.20555079526349487,-0.2134195910956605,-0.14483175024674738,-0.15836655315386958,-0.12591849498943178,-0.14065746898533213,-1.995553965517959,-0.9802069287418289,1.0442381319422414,0.9752791311592105,-0.23855760955043356,1.5752620419646008,0.0,0.0,-0.3186187825401228,-0.12692373141427715,-1.2083802365953147,-1.5295924457283114,0.9536919799837233,0.5493971881446129
-0.27070488153822786,-0.75666503681061,-0.31378087963814716,-0.08208693770502949,-0.34864856924026805,-0.14483175024674738,-0.15938844232467142,-0.12726169781785823,-0.14065746898533213,-1.995553965517959,-0.9650963572839906,1.0442381319422414,-0.09785999709474466,-0.23855760955043356,0.5379858411672146,0.0,0.0,-0.5682564926660367,-0.14489206586928083,1.0092000616362544,-2.586109914888221,0.9536919799837233,0.5493971881446129
0.4915575829037729,0.06457316506698858,-0.31378087963814716,-0.16358429537944472,-0.34301402848424273,-0.14483175024674738,-0.16449788817868072,-0.12726169781785823,-0.14065746898533213,0.27461751819054514,-0.677995499585063,1.0442381319422414,-0.12998991111432404,-0.23855760955043356,-1.0870802067486922,0.0,0.0,1.0896635169745439,-0.15335386599162198,0.09826072687203845,-0.09250147961295005,-1.0485565790508873,-1.8201767711573702
1.1418748806662609,0.06457316506698858,0.34360166017397953,0.5075704148804454,3.0602485881550483,0.47899436804959117,0.6724293427080429,0.16958612726438393,0.6354916576087408,-1.995553965517959,1.633921933464196,1.0442381319422414,0.10564038690477616,2.977729435472973,-1.043435251851754,0.0,0.0,2.4084018552483935,-0.07392506327982015,1.410140971257745,-0.531925588282579,0.9536919799837233,0.5493971881446129
-0.9188221008804247,0.8858113669445872,-0.31378087963814716,-0.16358429537944472,-0.26976499865591363,-0.17453775587990636,-0.1604103314954733,-0.12591849498943178,-0.14065746898533213,0.27461751819054514,-0.7384377854164161,1.0442381319422414,-0.12677691971236585,-0.23855760955043356,0.2587191717217629,0.0,0.0,1.3311608669876562,-0.1508729193588937,0.525188694702774,1.1234985686385088,-1.0485565790508873,0.5493971881446129
0.043388667052728994,0.06457316506698858,-0.31378087963814716,-0.16358429537944472,-0.24722683563181239,-0.1151257446135884,-0.162454109837077,-0.12726169781785823,-0.12125374082048031,0.27461751819054514,-1.0708703574888587,1.0442381319422414,2.3889953480207087,-0.23855760955043356,1.5752620419646008,0.0,0.0,-0.7256367881801998,0.40868032028555806,0.7937221444573845,-2.373102360622111,-1.0485565790508873,0.5493971881446129
0.46308597981765404,-0.75666503681061,-0.31378087963814716,-0.16358429537944472,-0.23595775411976175,-0.17453775587990636,-0.14814766144585095,-0.12591849498943178,-0.14065746898533213,0.27461751819054514,1.0597202180663408,1.0442381319422414,-0.8166074745189731,-0.23855760955043356,-1.5723347052826429,0.0,0.0,-0.31590532916918895,-0.13101250344626822,0.09826072687203845,-0.585895529448659,-1.0485565790508873,0.5493971881446129
0.8980544251469519,0.06457316506698858,-0.31378087963814716,-0.16358429537944472,-0.3599176507523187,-0.17453775587990636,-0.16449788817868072,-0.12726169781785823,-0.14065746898533213,0.27461751819054514,-0.9953175001996671,1.0442381319422414,2.8516661099026526,-0.23855760955043356,1.5752620419646008,0.0,0.0,-0.06084071230140735,-0.1532677436829678,0.12066573775241146,-1.6962116881764704,-1.0485565790508873,-1.8201767711573702
1.3422114332904063,0.8858113669445872,-0.31378087963814716,-0.16358429537944472,-0.26976499865591363,-0.17453775587990636,-0.1573446639830677,-0.12726169781785823,-0.14065746898533213,-1.995553965517959,-0.0433514983558547,1.0442381319422414,-0.12010378372368372,-0.23855760955043356,0.9413710303661973,0.0,0.0,1.8358631939813517,-0.15158141639500952,1.384564273264258,-0.26432757338761304,-1.0485565790508873,0.5493971881446129
0.06124812717038538,0.8858113669445872,-0.31378087963814716,-0.12043863543416607,0.09648015048573189,-0.026007727714111476,-0.05719952524448539,-0.12054568367572605,-0.14065746898533213,0.27461751819054514,1.33171050430743,1.0442381319422414,-0.5104754321108971,-0.23855760955043356,0.03525688495252913,0.0,0.0,3.0813382912399874,-0.14544391910769297,1.7862885274902995,0.7289671627944176,0.9536919799837233,0.5493971881446129
0.4177902476351922,-1.5779032386882086,-0.31378087963814716,-0.10126278656959778,0.0683074467056053,0.003698277919047501,-0.05719952524448539,-0.1071136553914617,-0.14065746898533213,0.27461751819054514,1.800138219500417,1.0442381319422414,-0.6753796948814254,0.008139445457145228,-1.6007279749098733,0.0,0.0,0.5171248557075021,-0.12867218531022934,-0.7007813668592946,0.09558931469708316,0.9536919799837233,0.5493971881446129
1.2234071985946922,0.8858113669445872,-0.31378087963814716,-0.16358429537944472,-0.365552191508344,-0.17453775587990636,-0.16449788817868072,-0.12726169781785823,-0.14065746898533213,-1.995553965517959,-0.37578407042829715,1.0442381319422414,0.37006838708131323,-0.23855760955043356,0.4342582210874752,0.0,0.0,-0.7147829746964645,-0.1391323531809646,1.2098853973525376,0.9447033046268316,-1.0485565790508873,-1.8201767711573702
1.223277782217028,0.8858113669445872,-0.31378087963814716,-0.16358429537944472,-0.34301402848424273,-0.14483175024674738,-0.16143222066627516,-0.12726169781785823,-0.14065746898533213,-1.995553965517959,-0.3455629275126206,1.0442381319422414,0.1920102453873526,-0.23855760955043356,-0.18012845169251598,0.0,0.0,1.6757694450962548,-0.153629677149162,1.2098853973525376,0.18626532986762076,-1.0485565790508873,0.5493971881446129
-0.9129983638855368,0.8858113669445872,-0.31378087963814716,-0.15399637094716057,-0.34864856924026805,-0.17453775587990636,-0.16143222066627516,-0.12726169781785823,-0.14065746898533213,0.27461751819054514,-0.934875214368314,1.0442381319422414,1.8684907409035205,-0.23855760955043356,1.5752620419646008,0.0,0.0,1.0164002759593298,-0.15354348616243074,0.525188694702774,2.5653958590552612,0.9536919799837233,0.5493971881446129
-0.913127780263201,0.8858113669445872,-0.31378087963814716,-0.16358429537944472,-0.365552191508344,-0.17453775587990636,-0.16449788817868072,-0.12726169781785823,-0.14065746898533213,0.27461751819054514,-0.7082166425007396,1.0442381319422414,1.4173867480686249,-0.23855760955043356,-0.8697461456292405,0.0,0.0,-0.7147829746964645,-0.1391323531809646,0.525188694702774,-0.7664168084434466,-1.0485565790508873,-1.8201767711573702
-1.7428161774682378,0.06457316506698858,-0.31378087963814716,-0.1348205220825923,-0.13453602051130606,-0.17453775587990636,-0.11953476466339888,-0.12457529216100535,0.732510298433,0.27461751819054514,2.1930130774042125,1.0442381319422414,-0.24153780773142813,0.24004538325784378,-0.4992903596301729,0.0,0.0,0.6880724180763345,-0.14225083139804157,-1.1699181340241418,0.5493612839089314,0.9536919799837233,0.5493971881446129
0.33535201506311163,0.8858113669445872,0.34360166017397953,-0.08688089992117157,-0.33737948772821746,-0.17453775587990636,-0.15938844232467142,-0.12591849498943178,-0.14065746898533213,0.27461751819054514,-0.2851206416812674,1.0442381319422414,-0.4739941905506214,-0.23855760955043356,0.1490072658681935,0.0,0.0,1.8440035540941533,-0.15352458383690418,0.22490829069474474,-0.9003072711250015,0.9536919799837233,0.5493971881446129
-1.4252283866803481,-0.75666503681061,-0.31378087963814716,-0.16358429537944472,-0.33737948772821746,-0.17453775587990636,-0.15938844232467142,-0.12726169781785823,-0.14065746898533213,0.27461751819054514,0.36463393100577923,1.0442381319422414,-0.9704166621121816,-0.23855760955043356,0.30748001876779374,0.0,0.0,-0.13681740668755507,-0.1503590577333777,-0.5668106997522169,0.23505680383626837,-1.0485565790508873,0.5493971881446129
-1.4878659134698096,0.06457316506698858,-0.31378087963814716,-0.16358429537944472,-0.2528613763878377,-0.17453775587990636,-0.15427899647066212,-0.12457529216100535,-0.14065746898533213,0.27461751819054514,-0.5420003564645184,1.0442381319422414,0.6154240941399205,-0.23855760955043356,0.4050017128598567,0.0,0.0,0.6880724180763345,-0.14837120920725808,-0.6297126490264175,0.018043979319000453,-1.0485565790508873,0.5493971881446129
-0.0016482323744044971,0.06457316506698858,-0.31378087963814716,-0.11085071100188193,-0.3599176507523187,-0.17453775587990636,-0.16449788817868072,-0.12726169781785823,-0.14065746898533213,0.27461751819054514,-0.5873320708380333,1.0442381319422414,1.3865420306098284,-0.23855760955043356,0.30748001876779374,0.0,0.0,-0.7093560679545968,-0.12889286395729127,-0.8612912158775589,1.896515727111934,0.9536919799837233,-1.8201767711573702
-0.6401886397694523,-0.75666503681061,-0.31378087963814716,-0.16358429537944472,-0.3599176507523187,-0.17453775587990636,-0.162454109837077,-0.12591849498943178,-0.14065746898533213,-1.995553965517959,3.1449790792480252,1.0442381319422414,-0.2424140102647378,-0.23855760955043356,-1.8114630800735112,0.0,0.0,-0.21550755444463662,-0.1529081608478653,1.5183936778193632,-0.4141855382440884,-1.0485565790508873,0.5493971881446129
-1.6091290593411431,0.8858113669445872,3.630514359234613,-0.16358429537944472,-0.30920678394809087,-0.17453775587990636,-0.1522352181290584,-0.12726169781785823,-0.14065746898533213,2.544789001899049,1.5130373618014894,1.0442381319422414,0.031197795474541906,-0.23855760955043356,-1.3587477831480081,0.0,0.0,-0.4624318111996167,-0.13808852175525033,-1.68924287342001,-0.13713163384013502,-1.0485565790508873,0.5493971881446129
1.2734913367507286,0.06457316506698858,-0.31378087963814716,0.29663607737019426,-0.33737948772821746,-0.14483175024674738,-0.155300885641464,-0.12726169781785823,1.9161377164889613,-1.995553965517959,-1.040649214573182,1.0442381319422414,0.2298651259049665,-0.23855760955043356,1.5752620419646008,0.0,0.0,2.432822935586798,-0.15370393399926893,-1.2083802365953147,1.2196250546662935,0.9536919799837233,0.5493971881446129
1.3168458232682276,0.06457316506698858,-0.31378087963814716,-0.16358429537944472,-0.3204758654601415,-0.17453775587990636,-0.16347599900787887,-0.12726169781785823,-0.14065746898533213,0.27461751819054514,-0.934875214368314,1.0442381319422414,1.0472501385630688,-0.23855760955043356,1.5752620419646008,0.0,0.0,-0.7012157078417952,-0.06233618400341468,-0.2977270072934111,2.1328266719302356,-1.0485565790508873,0.5493971881446129
-1.6700841732209704,0.8858113669445872,2.3157492796103596,-0.1300265598664502,-0.258495917143863,-0.14483175024674738,-0.12260043217580445,-0.12054568367572605,-0.14065746898533213,0.27461751819054514,1.0748307895241789,1.0442381319422414,0.2754048317908175,-0.23855760955043356,-0.7692663570979871,0.0,0.0,1.6106465641938423,-0.15094851116053223,-0.5976524898668184,-0.505055288825341,0.9536919799837233,0.5493971881446129
1.1686640708427454,-0.75666503681061,-0.31378087963814716,-0.13961448429873435,-0.044383368414901016,-0.14483175024674738,-0.09092186788094678,-0.11517287236202031,-0.14065746898533213,0.27461751819054514,0.42507621683713237,1.0442381319422414,-0.664858479793206,-0.23855760955043356,-0.5295022878087384,0.0,0.0,2.4409632956995995,-0.14689708094265036,3.6518423706033194,-0.2302050040148873,0.9536919799837233,0.5493971881446129
0.33418726766413404,0.06457316506698858,0.34360166017397953,-0.15399637094716057,-0.10072877597515417,-0.17453775587990636,-0.13588499139622864,-0.12726169781785823,-0.14065746898533213,0.27461751819054514,1.1352730753555322,1.0442381319422414,-0.18627265705207005,-0.23855760955043356,-1.7716824992749685,0.0,0.0,1.0381079029268008,-0.1432531232343941,0.22490829069474474,-0.5048841046721403,0.9536919799837233,0.5493971881446129
3.418053522979996e-05,-1.5779032386882086,-0.31378087963814716,-0.16358429537944472,-0.365552191508344,-0.17453775587990636,-0.16449788817868072,-0.12726169781785823,-0.14065746898533213,0.27461751819054514,5.0338005114778115,1.0442381319422414,-0.7561412704833036,-0.23855760955043356,-3.2907836647172597,0.0,0.0,-0.6903618943580598,-0.1464077797346272,-0.8612912158775589,-0.7972641209240001,-1.0485565790508873,-1.8201767711573702
-0.12782920059697678,0.8858113669445872,-0.31378087963814716,-0.16358429537944472,-0.34864856924026805,-0.14483175024674738,-0.16449788817868072,-0.12726169781785823,-0.14065746898533213,0.27461751819054514,-0.36067349897045886,1.0442381319422414,0.16817569098737348,-0.23855760955043356,-0.21454787313677307,0.0,0.0,-0.6903618943580598,-0.12215635788908515,-0.8463320514089613,-1.5001890500021662,-1.0485565790508873,-1.8201767711573702
0.5415123046821451,0.8858113669445872,-0.31378087963814716,-0.005383542246756328,0.490898003407504,0.33046433988379625,0.03681427846928576,-0.061444759224962904,-0.12125374082048031,0.27461751819054514,0.4704079312106473,1.0442381319422414,-0.6862565094880869,2.6589220138316447,-0.36229161612863137,0.0,0.0,3.518204283960337,-0.13952367124046802,-0.8053730648020195,-0.13612113978216098,0.9536919799837233,0.5493971881446129
0.6304213561374344,0.06457316506698858,-0.31378087963814716,-0.15399637094716057,-0.2246886726077111,-0.14483175024674738,-0.14916955061665282,-0.12591849498943178,-0.14065746898533213,0.27461751819054514,-0.4664474991753269,1.0442381319422414,-1.0926235948237586,-0.23855760955043356,-1.277247510228214,0.0,0.0,1.0435348096686683,-0.14842258884438855,-1.4612372771973,-0.6264404156400019,0.9536919799837233,0.5493971881446129
1.4220613383092033,-1.5779032386882086,-0.31378087963814716,0.06652589099537476,0.9529303454015798,0.12252230045168341,0.11039029876701971,-0.01443266023003768,-0.10185001265562847,0.27461751819054514,1.2410470755604002,1.0442381319422414,-0.632346412950123,-0.23855760955043356,-1.8404818804064134,0.0,0.0,2.2835830001854363,-0.12212010763221587,1.5923482278547976,-0.06583709447594369,0.9536919799837233,0.5493971881446129
1.4066607893671663,0.06457316506698858,-0.31378087963814716,-0.16358429537944472,-0.3599176507523187,-0.17453775587990636,-0.162454109837077,-0.12726169781785823,-0.14065746898533213,0.27461751819054514,-0.8442117856212842,1.0442381319422414,-0.3099174296239692,-0.23855760955043356,1.5752620419646008,0.0,0.0,-0.687648440987126,-0.1391323531809646,-0.9421468236501976,-0.8192683068703764,-1.0485565790508873,0.5493971881446129
0.20075898229236785,-1.5779032386882086,1.0009841999861062,-0.16358429537944472,-0.1739778058034833,-0.1151257446135884,-0.13486310222542677,-0.12591849498943178,-0.14065746898533213,0.27461751819054514,1.180604789729047,1.0442381319422414,-0.8819197730578533,-0.23855760955043356,-0.2891232862659967,0.0,0.0,0.8780141540417037,-0.1454870110660081,-0.5572324372941792,0.6560599699151699,-1.0485565790508873,0.5493971881446129
-0.6176701900558855,0.8858113669445872,-0.31378087963814716,-0.15879033316330265,-0.365552191508344,-0.17453775587990636,-0.16449788817868072,-0.12726169781785823,-0.14065746898533213,-1.995553965517959,-0.7988800712477694,1.0442381319422414,1.926324586138764,-0.23855760955043356,1.5752620419646008,0.0,0.0,-0.687648440987126,-0.14681197009871957,0.01712614564697976,0.5664018882502198,0.9536919799837233,-1.8201767711573702
-1.2343392296256874,0.06457316506698858,-0.31378087963814716,0.4596307927190247,0.9698339676696558,0.9245844525469759,-0.012236401729203535,-0.080249598822933,0.94595130824637,0.27461751819054514,-0.7535483568742545,1.0442381319422414,-0.9075338303881473,-0.23855760955043356,-2.0759501848422013,0.0,0.0,0.465569241659759,-0.07234557234565714,0.08020828975698321,-1.6045711048299827,0.9536919799837233,0.5493971881446129
1.0127173357574124,0.06457316506698858,-0.31378087963814716,-0.1348205220825923,0.07394198746163062,0.2710523286174783,-0.13384121305462493,-0.12591849498943178,-0.14065746898533213,2.544789001899049,-0.7988800712477694,1.0442381319422414,-1.1485081855349937,-0.23855760955043356,1.5752620419646008,0.0,0.0,0.8807276074126376,-0.13420096037759013,-0.8936620082071127,-0.5412373939335551,0.9536919799837233,0.5493971881446129
0.1838054368183607,0.06457316506698858,1.0009841999861062,-0.11564467321802399,-0.30357224319206555,-0.17453775587990636,-0.13281932388382306,-0.12591849498943178,-0.14065746898533213,0.27461751819054514,0.1379753591382048,1.0442381319422414,0.3069769195519573,-0.23855760955043356,-0.8697461456292405,0.0,0.0,-0.6795080808743245,-0.07435645396163988,-0.5572324372941792,-0.5878961915347051,0.9536919799837233,0.5493971881446129
-0.3238950127582045,0.8858113669445872,-0.31378087963814716,-0.16358429537944472,-0.365552191508344,-0.17453775587990636,-0.16449788817868072,-0.12726169781785823,-0.14065746898533213,-1.995553965517959,-0.14912549856072274,1.0442381319422414,0.1667736583756105,-0.23855760955043356,-0.5312065504239394,0.0,0.0,-0.6795080808743245,-0.147813659261905,-0.40108592467725723,0.4602258150468041,-1.0485565790508873,-1.8201767711573702
-0.861878894708187,0.06457316506698858,-0.31378087963814716,-0.16358429537944472,-0.3599176507523187,-0.17453775587990636,-0.16449788817868072,-0.12726169781785823,-0.14065746898533213,0.27461751819054514,-0.16423607001856105,1.0442381319422414,0.37357346861072177,-0.23855760955043356,-1.4555293572402648,0.0,0.0,-0.6035313864881767,-0.14846835806137262,0.15759187832582447,0.790059820229636,-1.0485565790508873,-1.8201767711573702
-0.6285411657796764,0.8858113669445872,-0.31378087963814716,-0.16358429537944472,-0.34301402848424273,-0.17453775587990636,-0.16347599900787887,-0.12726169781785823,-0.14065746898533213,-1.995553965517959,-0.8895434999947991,1.0442381319422414,0.5383123004929298,-0.23855760955043356,1.5752620419646008,0.0,0.0,-0.6795080808743245,-0.1211019482436268,0.01712614564697976,0.555751510536914,-1.0485565790508873,0.5493971881446129
0.2337601585967329,0.06457316506698858,-0.31378087963814716,0.056937966563090615,-0.29793770243604023,-0.14483175024674738,-0.162454109837077,-0.12591849498943178,3.4296285133474034,0.27461751819054514,-1.040649214573182,1.0442381319422414,-2.237712270798738,-0.23855760955043356,1.5752620419646008,0.0,0.0,1.05167516978147,-0.15147086024095824,-0.5572324372941792,3.0940915322080693,0.9536919799837233,0.5493971881446129
0.6495749800317326,0.8858113669445872,-0.31378087963814716,-0.16358429537944472,-0.33737948772821746,-0.17453775587990636,-0.16347599900787887,-0.12726169781785823,-0.14065746898533213,0.27461751819054514,-0.9197646429104757,1.0442381319422414,1.2323184433158467,-0.23855760955043356,0.7602593127666541,0.0,0.0,-0.10154251286541506,-0.15058669705829408,-1.4612372771973,0.10387119898666389,-1.0485565790508873,0.5493971881446129
-1.525396662992421,0.8858113669445872,-0.31378087963814716,-0.16358429537944472,-0.34864856924026805,-0.17453775587990636,-0.16449788817868072,-0.12726169781785823,-0.14065746898533213,0.27461751819054514,-0.8744329285369609,1.0442381319422414,1.6949892051977913,-0.23855760955043356,1.5752620419646008,0.0,0.0,-0.6767946275033906,-0.12889286395729127,0.1997550234776168,2.1752354157660223,-1.0485565790508873,-1.8201767711573702
1.0959320665954781,-0.75666503681061,-0.31378087963814716,-0.16358429537944472,-0.3261104062161668,-0.14483175024674738,-0.16449788817868072,-0.12726169781785823,-0.14065746898533213,0.27461751819054514,-0.6477743566693864,1.0442381319422414,-0.9139598131920633,-0.23855760955043356,0.1490072658681935,0.0,0.0,-0.6767946275033906,-0.10329414089810797,1.887783148630462,-1.08440665731214,-1.0485565790508873,-1.8201767711573702
-0.17506617844440125,0.8858113669445872,-0.31378087963814716,-0.15879033316330265,-0.3204758654601415,-0.17453775587990636,-0.15938844232467142,-0.12726169781785823,-0.14065746898533213,0.27461751819054514,0.06242250184901335,1.0442381319422414,0.18605160678735788,-0.23855760955043356,-0.15790831886141352,0.0,0.0,0.15080865063143273,-0.1502899728973381,-0.3264081370708519,-0.884206519283548,0.9536919799837233,0.5493971881446129
-0.46301761874719444,0.06457316506698858,-0.31378087963814716,-0.15399637094716057,-0.2866686209239896,-0.05571373334727045,-0.13486310222542677,-0.12591849498943178,0.033976084498334294,-1.995553965517959,0.5157396455841622,1.0442381319422414,0.3987766738936129,-0.23855760955043356,-0.20428520160522798,0.0,0.0,-0.2643497151214459,-0.14140133090666493,0.22152724227200443,0.675055282903392,0.9536919799837233,0.5493971881446129
0.9556447132075105,0.8858113669445872,-0.31378087963814716,-0.16358429537944472,-0.35428310999629337,-0.14483175024674738,-0.16449788817868072,-0.12726169781785823,-0.14065746898533213,0.27461751819054514,-0.5571109279223566,1.0442381319422414,0.5898369989752369,-0.23855760955043356,0.6744695517984473,0.0,0.0,2.7123086327929844,-0.15412962549639184,0.8753350659853014,-0.6712841112749722,-1.0485565790508873,-1.8201767711573702
0.3761181740273273,0.06457316506698858,-0.31378087963814716,-0.16358429537944472,-0.34864856924026805,-0.17453775587990636,-0.16347599900787887,-0.12726169781785823,-0.14065746898533213,0.27461751819054514,0.36463393100577923,1.0442381319422414,0.4840930705848889,-0.23855760955043356,-0.4992903596301729,0.0,0.0,1.7191846990311963,-0.1538142227899912,0.22490829069474474,-0.6927094325227922,-1.0485565790508873,0.5493971881446129
0.19804123836142015,-1.5779032386882086,-0.31378087963814716,-0.13961448429873435,-0.3148413247041162,-0.17453775587990636,-0.15836655315386958,-0.12457529216100535,-0.14065746898533213,0.27461751819054514,1.8303593624160936,1.0442381319422414,-0.5026969137414458,-0.23855760955043356,-0.9861751069432331,0.0,0.0,2.9619463429188984,-0.1533663684204665,-0.5572324372941792,0.4481609601678064,0.9536919799837233,0.5493971881446129
-0.7879821430619421,0.06457316506698858,-0.31378087963814716,-0.16358429537944472,-0.30920678394809087,-0.17453775587990636,-0.1604103314954733,-0.12457529216100535,-0.14065746898533213,-1.995553965517959,-0.22467835584991422,1.0442381319422414,-0.042435895410969336,-0.23855760955043356,-0.32641099283060854,0.0,0.0,0.9811253821371899,-0.15183093233630748,-0.6862124609088535,-0.27994812736712865,-1.0485565790508873,0.5493971881446129
-1.1718311192138902,0.8858113669445872,-0.31378087963814716,-0.16358429537944472,-0.3204758654601415,-0.08541973898042943,-0.162454109837077,-0.12591849498943178,-0.14065746898533213,0.27461751819054514,-0.22467835584991422,1.0442381319422414,0.474052472453771,-0.23855760955043356,0.05392361412843334,0.0,0.0,1.3881433877772669,-0.1527306557487091,-0.8250350993391762,-0.3424303432851876,-1.0485565790508873,0.5493971881446129
1.035753450981636,0.06457316506698858,-0.31378087963814716,-0.16358429537944472,-0.2810340801679643,-0.14483175024674738,-0.1287317672006156,-0.12726169781785823,-0.14065746898533213,2.544789001899049,-1.0104280716575054,1.0442381319422414,0.5383123004929298,-0.23855760955043356,1.5752620419646008,0.0,0.0,-0.08797524601074581,-0.14429458529995343,-0.8936620082071127,-1.201560812158501,-1.0485565790508873,0.5493971881446129
0.6714463478569785,0.8858113669445872,-0.31378087963814716,-0.15399637094716057,-0.35428310999629337,-0.17453775587990636,-0.16347599900787887,-0.12726169781785823,-0.14065746898533213,0.27461751819054514,-0.9802069287418289,1.0442381319422414,2.2347717607267263,-0.23855760955043356,0.4342582210874752,0.0,0.0,-0.6632273606487213,-0.13860272442801597,1.6646001096915513,-0.9672525024657791,0.9536919799837233,0.5493971881446129
-0.9964719274789308,0.8858113669445872,-0.31378087963814716,-0.15879033316330265,-0.35428310999629337,-0.17453775587990636,-0.16143222066627516,-0.12726169781785823,-0.14065746898533213,0.27461751819054514,-0.783769499789931,1.0442381319422414,0.4794269307988637,-0.23855760955043356,1.0791734241919377,0.0,0.0,-0.5872506662625737,-0.1464077797346272,0.03136051873977767,-0.2745148912003395,0.9536919799837233,0.5493971881446129
-1.429499127143266,0.8858113669445872,-0.31378087963814716,-0.13961448429873435,-0.2923031616800149,-0.17453775587990636,-0.15836655315386958,-0.12591849498943178,-0.14065746898533213,0.27461751819054514,-0.7535483568742545,1.0442381319422414,0.692535887786911,-0.23855760955043356,-0.2503440714388009,0.0,0.0,-0.08797524601074581,-0.14556921051451854,-0.5668106997522169,-0.1799765818982333,0.9536919799837233,0.5493971881446129
-0.06053268421160489,0.8858113669445872,0.34360166017397953,-0.16358429537944472,-0.20215050958360986,-0.17453775587990636,-0.13588499139622864,-0.12457529216100535,-0.14065746898533213,0.27461751819054514,0.30419164517442604,1.0442381319422414,-0.20710170476131493,-0.23855760955043356,-1.3072739265670856,0.0,0.0,3.2170109597866796,-0.15133341693377889,-0.8612912158775589,-0.6022248199971151,-1.0485565790508873,0.5493971881446129
0.396436545320603,0.8858113669445872,-0.31378087963814716,-0.16358429537944472,-0.35428310999629337,-0.17453775587990636,-0.16347599900787887,-0.12726169781785823,-0.14065746898533213,0.27461751819054514,-0.8744329285369609,1.0442381319422414,0.5383123004929298,-0.23855760955043356,0.2329046056385701,0.0,0.0,-0.6605139072777876,-0.1391323531809646,-1.2076488261201908,0.741819874116429,-1.0485565790508873,0.5493971881446129
0.3547644717127381,0.8858113669445872,-0.31378087963814716,-0.07249901327274534,-0.02747974614682507,-0.17453775587990636,-0.1420163264210398,-0.12188888650415249,-0.14065746898533213,0.27461751819054514,-0.6175532137537099,1.0442381319422414,1.0009830623748748,-0.23855760955043356,0.2329046056385701,0.0,0.0,0.9892657422499914,-0.13980642613926283,0.22490829069474474,-0.25054473164098157,0.9536919799837233,0.5493971881446129
0.9574565424948089,0.8858113669445872,-0.31378087963814716,-0.16358429537944472,-0.3148413247041162,-0.14483175024674738,-0.16347599900787887,-0.12726169781785823,-0.14065746898533213,0.27461751819054514,0.8330616461987663,1.0442381319422414,-0.019683326297390103,-0.23855760955043356,0.08318012235605185,0.0,0.0,-0.6578004539068537,-0.10494567141805528,0.8753350659853014,1.916542078367722,-1.0485565790508873,0.5493971881446129
0.3759887576496631,-2.399141440565807,-0.31378087963814716,-0.16358429537944472,-0.34864856924026805,-0.17453775587990636,-0.1604103314954733,-0.12726169781785823,-0.14065746898533213,0.27461751819054514,-0.8593223570791225,1.0442381319422414,-0.6492093216707283,-0.23855760955043356,0.9413710303661973,0.0,0.0,2.147910331638744,-0.15391471438415497,0.22490829069474474,0.28239181589540546,-1.0485565790508873,0.5493971881446129
0.12026199538524995,0.8858113669445872,-0.31378087963814716,0.05214400434694854,-0.1739778058034833,-0.17453775587990636,-0.155300885641464,-0.12457529216100535,0.18920590981714888,0.27461751819054514,-0.7988800712477694,1.0442381319422414,0.8274815266691452,-0.23855760955043356,-1.0179284600288672,0.0,0.0,-0.41358965052280744,-0.11006405112863579,0.43836893607345584,-0.37083135052066823,0.9536919799837233,0.5493971881446129
0.3120570670835598,0.8858113669445872,-0.31378087963814716,0.13364136202136379,0.9754685084256811,-0.17453775587990636,-0.0061050667043923736,-0.07756319316608012,4.787889484887031,0.27461751819054514,-0.9046540714526374,1.0442381319422414,0.2298651259049665,0.3020388726056208,1.5752620419646008,0.0,0.0,0.9946926489918592,-0.09713444816199199,0.6756377459576545,-0.27994812736712865,0.9536919799837233,0.5493971881446129
1.0899789132229258,0.06457316506698858,-0.31378087963814716,-0.16358429537944472,-0.34864856924026805,-0.17453775587990636,-0.16449788817868072,-0.12726169781785823,-0.14065746898533213,0.27461751819054514,-0.36067349897045886,1.0442381319422414,1.2001885292962668,-0.23855760955043356,-0.21454787313677307,0.0,0.0,-0.7392040550348691,0.45987776640392464,1.887783148630462,-1.0591381141099834,-1.0485565790508873,-1.8201767711573702
1.5865495543203718,0.06457316506698858,-0.31378087963814716,-0.16358429537944472,-0.35428310999629337,-0.17453775587990636,-0.16449788817868072,-0.12726169781785823,-0.14065746898533213,0.27461751819054514,-0.3304523560547823,1.0442381319422414,1.3351341681785007,-0.23855760955043356,0.2835596032357794,0.0,0.0,0.2539198787269189,-0.15323606381466176,0.9297763856836935,0.5358574087705507,-1.0485565790508873,-1.8201767711573702
-0.01290745723118787,0.06457316506698858,-0.31378087963814716,-0.15399637094716057,-0.2641304578998883,-0.14483175024674738,-0.15325710729986028,-0.12591849498943178,-0.14065746898533213,0.27461751819054514,-0.8744329285369609,1.0442381319422414,0.260709843363763,-0.23855760955043356,0.2329046056385701,0.0,0.0,1.0788097034908084,-0.15014247460403507,-0.8612912158775589,-0.3608074656140285,0.9536919799837233,0.5493971881446129
1.3165869905128993,0.8858113669445872,-0.31378087963814716,-0.16358429537944472,-0.29793770243604023,-0.17453775587990636,-0.15836655315386958,-0.12726169781785823,-0.14065746898533213,0.27461751819054514,-0.39089464188613543,1.0442381319422414,-0.09304050999180749,-0.23855760955043356,0.1781145061966913,0.0,0.0,-0.7364906016639352,0.8438586122916741,-0.2977270072934111,0.19950724375920337,-1.0485565790508873,0.5493971881446129
0.5793018869600847,0.06457316506698858,-0.31378087963814716,0.00899834440166989,-0.24722683563181239,-0.17453775587990636,-0.16143222066627516,-0.11785927801887318,-0.004831371831369356,0.27461751819054514,-0.6628849281272247,1.0442381319422414,-0.5720975280237374,1.6490251073111286,-1.0011981987256837,0.0,0.0,-0.5736833994079045,-0.09999107985821334,-0.8053730648020195,-1.4207524567097576,0.9536919799837233,0.5493971881446129
-0.13015869539493197,0.8858113669445872,-0.31378087963814716,-0.12523259765030814,-0.34301402848424273,-0.14483175024674738,-0.162454109837077,-0.12726169781785823,-0.14065746898533213,0.27461751819054514,-0.6628849281272247,1.0442381319422414,1.5297496473828107,-0.23855760955043356,0.4710647959544775,0.0,0.0,-0.6496600937940521,-0.13190447843484226,-0.8463320514089613,-0.6951525299193916,0.9536919799837233,0.5493971881446129
-0.2933527476294588,0.06457316506698858,-0.31378087963814716,-0.16358429537944472,-0.33737948772821746,-0.17453775587990636,-0.16449788817868072,-0.12726169781785823,-0.14065746898533213,-1.995553965517959,-0.6326637852115481,1.0442381319422414,-0.4679966066002999,-0.23855760955043356,0.1922271075680846,0.0,0.0,-0.7310636949220676,0.07589692051617515,1.3461489899198527,-0.5412373939335551,-1.0485565790508873,-1.8201767711573702
-0.42561628560224735,-0.75666503681061,-0.31378087963814716,-0.16358429537944472,-0.34864856924026805,-0.17453775587990636,-0.16143222066627516,-0.12726169781785823,-0.14065746898533213,-1.995553965517959,1.2259365041025618,1.0442381319422414,-0.5534243024692616,-0.23855760955043356,-1.4235300513663063,0.0,0.0,-0.07169452578514274,-0.15200426169898307,0.22152724227200443,0.11417046534678349,-1.0485565790508873,0.5493971881446129
-0.7420393289911593,-0.75666503681061,-0.31378087963814716,-0.16358429537944472,-0.33174494697219215,-0.17453775587990636,-0.16449788817868072,-0.12726169781785823,-0.14065746898533213,0.27461751819054514,1.1050519324398556,1.0442381319422414,-0.2457494013391515,-0.23855760955043356,-0.19791957156066195,0.0,0.0,-0.6469466404231183,-0.12377311934545461,0.9627557498998675,0.07130324860466503,-1.0485565790508873,-1.8201767711573702
-0.023519600199650357,0.06457316506698858,-0.31378087963814716,-0.16358429537944472,-0.3599176507523187,-0.17453775587990636,-0.16449788817868072,-0.12726169781785823,-0.14065746898533213,0.27461751819054514,-0.677995499585063,1.0442381319422414,0.39510468371994667,-0.23855760955043356,-0.32641099283060854,0.0,0.0,-0.6469466404231183,-0.14571488196761173,-0.8612912158775589,-1.092216934301897,-1.0485565790508873,-1.8201767711573702
1.1203917619740074,0.06457316506698858,-0.31378087963814716,0.12405343758907963,-0.29793770243604023,-0.17453775587990636,-0.14814766144585095,-0.12188888650415249,0.6548953857735926,0.27461751819054514,0.5761819314155153,1.0442381319422414,-0.2996358571377038,-0.23855760955043356,-0.545187536656606,0.0,0.0,1.1710671181025591,-0.15165938786950112,-0.8039532679973672,-0.32860684418827096,0.9536919799837233,0.5493971881446129
1.5183471232913508,-0.75666503681061,0.34360166017397953,-0.1348205220825923,0.47962892189545336,0.36017034551695526,-0.032674185145240744,-0.09099522145034449,0.732510298433,0.27461751819054514,0.45529735975280894,1.0442381319422414,-0.8858461384249317,3.055702203588035,0.3799247058076123,0.0,0.0,-0.15309812691315816,-0.04761396908274152,-0.7390669220744036,0.612654957176576,0.9536919799837233,0.5493971881446129
-0.46224112048120936,0.06457316506698858,-0.31378087963814716,-0.14440844651487644,-0.2246886726077111,-0.17453775587990636,-0.13895065890863423,-0.12457529216100535,-0.14065746898533213,-1.995553965517959,-0.37578407042829715,1.0442381319422414,-0.15124508500419961,-0.23855760955043356,-0.4785448356142263,0.0,0.0,-0.7256367881801998,0.5110752125222912,0.22152724227200443,-0.06750859324572579,0.9536919799837233,0.5493971881446129
0.30908049039728375,0.06457316506698858,-0.31378087963814716,-0.10126278656959778,0.0683074467056053,0.003698277919047501,-0.05719952524448539,-0.1071136553914617,-0.14065746898533213,0.27461751819054514,3.19031079362154,1.0442381319422414,-0.7457584451211404,0.008139445457145228,-2.055204660826255,0.0,0.0,0.5931015500936497,-0.13014158215530022,0.6756377459576545,-0.5805618654903769,0.9536919799837233,0.5493971881446129
1.0998145579254033,0.8858113669445872,-0.31378087963814716,-0.16358429537944472,-0.33737948772821746,-0.17453775587990636,-0.162454109837077,-0.12726169781785823,-0.14065746898533213,0.27461751819054514,-0.4966686420910035,1.0442381319422414,-0.678340443715147,-0.23855760955043356,1.03192688916597,0.0,0.0,1.5835120304845038,-0.1534162614270573,1.887783148630462,-0.16390972637644602,-1.0485565790508873,0.5493971881446129
-0.7319448515333535,0.06457316506698858,-0.31378087963814716,0.07131985321151683,0.5866851962599343,0.033404283552206475,0.03681427846928576,-0.0762199903376537,-0.14065746898533213,0.27461751819054514,0.198417644969558,1.0442381319422414,-0.628003578417806,0.6213921233941999,-0.11031178433115306,0.0,0.0,1.0896635169745439,-0.11580907217148648,-0.32224024759188413,-0.30692908424083315,0.9536919799837233,0.5493971881446129
-0.1698895233378342,-0.75666503681061,-0.31378087963814716,-0.15879033316330265,-0.11199785748720481,-0.17453775587990636,-0.16347599900787887,-0.12726169781785823,-0.12125374082048031,0.27461751819054514,-0.8442117856212842,1.0442381319422414,0.24914307431671437,-0.23855760955043356,0.37420538840973155,0.0,0.0,1.9986703962373826,-0.14749629239832152,-0.3264081370708519,0.1672929970989807,0.9536919799837233,0.5493971881446129
-0.5787158603789684,0.06457316506698858,-0.31378087963814716,0.9246451276848058,1.1614083533745165,-0.026007727714111476,0.1849882082355555,-0.050699136597551424,-0.12125374082048031,-1.995553965517959,2.2383447917777275,1.0442381319422414,-0.16148602339016865,-0.23855760955043356,-1.4947033953729576,0.0,0.0,0.5931015500936497,-0.06957874955186653,-0.0044208516090499346,0.22215111444974237,0.9536919799837233,0.5493971881446129
-0.2358918759465643,0.06457316506698858,1.0009841999861062,-0.08208693770502949,0.006327498389326827,-0.17453775587990636,-0.09909698124736167,-0.10442724973460883,0.18920590981714888,0.27461751819054514,1.120162503897694,1.0442381319422414,-0.07858204868299677,0.022256482717839223,-1.1049482755320035,0.0,0.0,1.5021084293564886,-0.14204819321987036,0.353181127794314,-0.40742862158920906,0.9536919799837233,0.5493971881446129
-1.8165835127368184,0.8858113669445872,6.26004451848312,-0.11564467321802399,0.02886566141342809,-0.14483175024674738,-0.12770987802981376,-0.11920248084729962,-0.12125374082048031,2.544789001899049,0.6970665030782216,1.0442381319422414,0.268421022728462,4.761959850393086,-0.7821838689385515,0.0,0.0,1.3420146804713915,-0.14029229531958384,-1.6917206589063898,-0.882049480759334,0.9536919799837233,0.5493971881446129
-1.4848893367835336,-1.5779032386882086,-0.31378087963814716,-0.16358429537944472,-0.365552191508344,-0.17453775587990636,-0.16449788817868072,-0.12726169781785823,-0.14065746898533213,0.27461751819054514,1.4677056474279746,1.0442381319422414,-0.8796392232166033,-0.23855760955043356,-1.3435849416745584,0.0,0.0,-0.7202098814383322,-0.1352925447220871,-0.6297126490264175,-0.444145578500633,-1.0485565790508873,-1.8201767711573702
-1.7567931462559687,0.06457316506698858,-0.31378087963814716,-0.10126278656959778,-0.2866686209239896,-0.14483175024674738,-0.13895065890863423,-0.12323208933257893,-0.14065746898533213,0.27461751819054514,2.449892792187464,1.0442381319422414,-0.23813815317556591,-0.23855760955043356,-1.8910786796874266,0.0,0.0,-0.6333793735684491,-0.09689446013331214,-1.1699181340241418,-0.18820208880390144,0.9536919799837233,0.5493971881446129
-0.39080328001058384,-0.75666503681061,-0.31378087963814716,-0.16358429537944472,-0.3599176507523187,-0.17453775587990636,-0.16347599900787887,-0.12726169781785823,-0.14065746898533213,0.27461751819054514,-0.4664474991753269,1.0442381319422414,0.8761353964702225,-0.23855760955043356,-0.7586094098295207,0.0,0.0,-0.7174964280673983,-0.12035995627089684,0.10425151138888096,0.1403867797179975,-1.0485565790508873,0.5493971881446129
-0.09845168286720866,0.06457316506698858,-0.31378087963814716,-0.11085071100188193,-0.365552191508344,-0.17453775587990636,-0.16347599900787887,-0.12726169781785823,-0.14065746898533213,0.27461751819054514,0.9388356464036344,1.0442381319422414,-0.3678962218397517,-0.23855760955043356,-0.4235767683310942,0.0,0.0,-0.7147829746964645,-0.1391323531809646,0.25366429330206547,-0.38575742731595886,0.9536919799837233,0.5493971881446129
-1.2848116169147163,0.06457316506698858,-0.31378087963814716,-0.11564467321802399,1.043082997497985,-0.14483175024674738,-0.07559353031891888,-0.1071136553914617,-0.14065746898533213,0.27461751819054514,0.3495233595479409,1.0442381319422414,-0.1693018059147507,1.095448924946486,-2.1504647200831575,0.0,0.0,1.5943658439682393,-0.10971612020215396,0.08020828975698321,-0.8142348308297155,0.9536919799837233,0.5493971881446129
0.18238185666405476,-1.5779032386882086,-0.31378087963814716,-0.15399637094716057,-0.1739778058034833,-0.17453775587990636,-0.12464421051740818,-0.12726169781785823,-0.14065746898533213,0.27461751819054514,-1.040649214573182,1.0442381319422414,-0.6814560717412883,-0.23855760955043356,1.5752620419646008,0.0,0.0,1.2660379860852438,-0.14722708452670633,-0.5572324372941792,-1.2796635820560756,0.9536919799837233,0.5493971881446129
1.2228895330840355,0.06457316506698858,-0.31378087963814716,-0.16358429537944472,-0.365552191508344,-0.17453775587990636,-0.16449788817868072,-0.12726169781785823,-0.14065746898533213,-1.995553965517959,-0.08868321272936958,1.0442381319422414,-0.15018585706948795,-0.23855760955043356,0.5830848064192746,0.0,0.0,-0.7147829746964645,-0.1391323531809646,1.2098853973525376,0.6763014379875154,-1.0485565790508873,-1.8201767711573702
0.5438417994801003,-0.75666503681061,0.34360166017397953,-0.10126278656959778,0.06267290594957999,-0.17453775587990636,-0.1164690971509933,-0.12188888650415249,-0.14065746898533213,0.27461751819054514,0.30419164517442604,1.0442381319422414,0.3207468827032053,-0.23855760955043356,-0.8268512651451377,0.0,0.0,-0.13681740668755507,-0.10145746121673158,-0.8053730648020195,-0.7206121764734398,0.9536919799837233,0.5493971881446129
-0.8718439557883286,0.06457316506698858,-0.31378087963814716,-0.15879033316330265,-0.2641304578998883,-0.1151257446135884,-0.15121332895825654,-0.12591849498943178,-0.12125374082048031,0.27461751819054514,-0.2397889273077525,1.0442381319422414,-0.5142636827884944,-0.23855760955043356,-0.16525226106830346,0.0,0.0,1.8467170074650872,-0.15143262011003128,0.15759187832582447,0.41476939199298846,0.9536919799837233,0.5493971881446129
-0.1049225017504175,0.8858113669445872,-0.31378087963814716,-0.019765428895182544,-0.16834326504745797,-0.1151257446135884,-0.06128708192769283,-0.07487678750922726,-0.14065746898533213,0.27461751819054514,-0.5571109279223566,1.0442381319422414,-0.6183646042119323,-0.23855760955043356,1.2749978785758838,0.0,0.0,4.0853160384855105,-0.15138347898905266,0.25366429330206547,1.3018384966637389,0.9536919799837233,0.5493971881446129
-0.8620083110858512,0.06457316506698858,-0.31378087963814716,-0.1348205220825923,-0.29793770243604023,-0.17453775587990636,-0.16347599900787887,-0.12726169781785823,-0.14065746898533213,0.27461751819054514,-0.5873320708380333,1.0442381319422414,0.4997564036694345,-0.23855760955043356,0.30748001876779374,0.0,0.0,-0.37288784995879976,-0.13980996643841356,0.15759187832582447,1.2196250546662935,0.9536919799837233,0.5493971881446129
0.3061039137110077,0.8858113669445872,0.34360166017397953,-0.12523259765030814,-0.2641304578998883,-0.17453775587990636,-0.12770987802981376,-0.11920248084729962,-0.04363882816107301,0.27461751819054514,-0.4060052133439737,1.0442381319422414,0.6308464528693185,-0.23855760955043356,1.0998437832657988,0.0,0.0,1.032680996184933,-0.15002942428138757,0.6756377459576545,-0.3814817282339741,0.9536919799837233,0.5493971881446129
0.4510502566948856,0.8858113669445872,-0.31378087963814716,-0.16358429537944472,-0.35428310999629337,-0.17453775587990636,-0.16347599900787887,-0.12726169781785823,-0.14065746898533213,0.27461751819054514,-1.0859809289466968,1.0442381319422414,1.0009830623748743,-0.23855760955043356,1.5752620419646008,0.0,0.0,-0.6143851999719121,-0.1446878207384895,0.16008876236159203,-0.03001926369489107,-1.0485565790508873,0.5493971881446129
-0.17001893971549836,0.8858113669445872,-0.31378087963814716,-0.16358429537944472,-0.24722683563181239,-0.17453775587990636,-0.16347599900787887,-0.12726169781785823,-0.14065746898533213,0.27461751819054514,-0.9499857858261522,1.0442381319422414,1.833790433762375,-0.23855760955043356,0.6244255245669955,0.0,0.0,-0.6116717466009783,-0.0840950986037205,-0.3264081370708519,2.9378859924129204,-1.0485565790508873,0.5493971881446129
0.6713169314793143,0.8858113669445872,-0.31378087963814716,-0.16358429537944472,-0.34864856924026805,-0.17453775587990636,-0.162454109837077,-0.12726169781785823,-0.14065746898533213,0.27461751819054514,-0.5873320708380333,1.0442381319422414,2.2568037017687237,-0.23855760955043356,-0.32641099283060854,0.0,0.0,-0.6957888010999276,-0.11835221328586286,1.6646001096915513,-0.8631154759356807,-1.0485565790508873,0.5493971881446129
-0.9934953507926547,-1.5779032386882086,-0.31378087963814716,-0.16358429537944472,-0.3261104062161668,-0.14483175024674738,-0.15836655315386958,-0.12726169781785823,-0.14065746898533213,0.27461751819054514,-0.10379378418720787,1.0442381319422414,-1.868677258345282,-0.23855760955043356,-0.43827411252444526,0.0,0.0,-0.6930753477289937,-0.0862283255253191,0.03136051873977767,-0.0024535802016297545,-1.0485565790508873,0.5493971881446129
0.8887364459551311,-1.5779032386882086,-0.31378087963814716,-0.16358429537944472,-0.35428310999629337,-0.17453775587990636,-0.15938844232467142,-0.12726169781785823,-0.12125374082048031,0.27461751819054514,-0.20956778439207593,1.0442381319422414,-0.7714198309961107,-0.23855760955043356,-0.48228583174824885,0.0,0.0,0.1318144770348958,-0.15306060249763823,0.12066573775241146,-0.8904301058452138,-1.0485565790508873,0.5493971881446129
0.9304085195629961,0.06457316506698858,1.0009841999861062,-0.11564467321802399,1.043082997497985,-0.14483175024674738,-0.07559353031891888,-0.1071136553914617,-0.14065746898533213,0.27461751819054514,0.6366242172468685,1.0442381319422414,0.021663283058091745,1.095448924946486,-1.35038878079726,0.0,0.0,1.61607347093571,-0.11012832242829271,0.8753350659853014,0.4986764094579173,0.9536919799837233,0.5493971881446129
0.9891635550225323,-1.5779032386882086,-0.31378087963814716,-0.07249901327274534,-0.34864856924026805,-0.17453775587990636,-0.16347599900787887,-0.12726169781785823,-0.14065746898533213,-1.995553965517959,-0.5117792135488418,1.0442381319422414,-0.7836041620269121,-0.23855760955043356,0.46208758257228444,0.0,0.0,0.05583778264874807,-0.15240189533817391,0.2566349450779528,0.3814489874728162,0.9536919799837233,0.5493971881446129
-1.0760629997423994,-0.75666503681061,-0.31378087963814716,-0.15879033316330265,-0.35428310999629337,-0.17453775587990636,-0.16449788817868072,-0.12726169781785823,-0.14065746898533213,0.27461751819054514,0.01709078747549847,1.0442381319422414,0.10455846122860617,-0.23855760955043356,-0.2263229383677037,0.0,0.0,-0.6849349876161922,-0.13254982439431745,1.095105628498168,0.6112455838851901,0.9536919799837233,-1.8201767711573702
0.5034638896488771,0.8858113669445872,0.34360166017397953,-0.09167486213731363,-0.20778505033963518,-0.08541973898042943,-0.13281932388382306,-0.12323208933257893,0.09218726899288976,0.27461751819054514,-0.31534178459694395,1.0442381319422414,0.6539799909634157,-0.23855760955043356,0.09618301490165966,0.0,0.0,0.4709961484016267,-0.14452698340954415,3.540540776562717,0.31710415807210435,0.9536919799837233,0.5493971881446129
0.15649858113121942,-1.5779032386882086,-0.31378087963814716,-0.16358429537944472,-0.365552191508344,-0.17453775587990636,-0.16449788817868072,-0.12726169781785823,-0.14065746898533213,0.27461751819054514,-0.20956778439207593,1.0442381319422414,0.44577814811654076,-0.23855760955043356,-0.10818621834591334,0.0,0.0,-0.6767946275033906,-0.14809190625167876,-0.23248505412478784,-0.06074822234311652,-1.0485565790508873,-1.8201767711573702
-0.8708086247670151,0.8858113669445872,-0.31378087963814716,-0.16358429537944472,-0.35428310999629337,-0.17453775587990636,-0.16347599900787887,-0.12726169781785823,-0.14065746898533213,0.27461751819054514,1.4677056474279746,1.0442381319422414,0.07478029000661553,-0.23855760955043356,-0.48119833287207936,0.0,0.0,0.3136158528874635,-0.15330707026823473,0.15759187832582447,0.7873353050006514,-1.0485565790508873,0.5493971881446129
-1.7199094786216784,0.8858113669445872,0.34360166017397953,0.03776211769852232,-0.30357224319206555,-0.17453775587990636,-0.15938844232467142,-0.12457529216100535,-0.14065746898533213,0.27461751819054514,-0.52688978500668,1.0442381319422414,-0.618364604211932,-0.23855760955043356,1.5752620419646008,0.0,0.0,0.06669159613248346,-0.14830666063975914,-1.1699181340241418,-0.6392208688959686,0.9536919799837233,0.5493971881446129
-0.7422981617464878,-2.399141440565807,-0.31378087963814716,-0.16358429537944472,-0.34301402848424273,-0.14483175024674738,-0.16449788817868072,-0.12726169781785823,-0.14065746898533213,0.27461751819054514,-0.10379378418720787,1.0442381319422414,-2.352523163562035,-0.23855760955043356,-1.1094528306874607,0.0,0.0,-0.671367720761523,-0.12495459887126306,0.9627557498998675,-0.8294240849994725,-1.0485565790508873,-1.8201767711573702
-0.7237916197405104,0.8858113669445872,-0.31378087963814716,-0.16358429537944472,-0.3204758654601415,-0.14483175024674738,-0.1604103314954733,-0.12726169781785823,-0.14065746898533213,0.27461751819054514,-0.6175532137537099,1.0442381319422414,-1.0314634987493825,6.720549486141019,-0.10268475344293758,0.0,0.0,-0.17751920725156278,-0.14784576468380198,-0.32224024759188413,-0.5262015665735964,-1.0485565790508873,0.5493971881446129
0.3555409699787232,0.8858113669445872,-0.31378087963814716,-0.16358429537944472,-0.3204758654601415,-0.14483175024674738,-0.1604103314954733,-0.12726169781785823,-0.14065746898533213,0.27461751819054514,-0.5420003564645184,1.0442381319422414,0.953859188479491,6.720549486141019,0.9901318774122294,0.0,0.0,-0.17751920725156278,-0.14784576468380198,0.22490829069474474,0.35448668041624276,-1.0485565790508873,0.5493971881446129
1.4544154327252474,0.8858113669445872,-0.31378087963814716,-0.16358429537944472,-0.35428310999629337,-0.17453775587990636,-0.16449788817868072,-0.12726169781785823,-0.14065746898533213,2.544789001899049,-0.8442117856212842,1.0442381319422414,1.1166507528453606,5.032258091471114,0.9747337151871668,0.0,0.0,-0.6686542673905891,-0.1374257716436857,-1.455640001332804,-1.2138928284581183,-1.0485565790508873,-1.8201767711573702
-0.7424275781241519,-2.399141440565807,-0.31378087963814716,-0.16358429537944472,-0.365552191508344,-0.17453775587990636,-0.16449788817868072,-0.12726169781785823,-0.14065746898533213,0.27461751819054514,-0.7384377854164161,1.0442381319422414,-1.350926643858344,-0.23855760955043356,0.6975667951360444,0.0,0.0,-0.6686542673905891,-0.1488029818922116,0.9627557498998675,1.556067755763534,-1.0485565790508873,-1.8201767711573702
1.3947544826220621,0.06457316506698858,-0.31378087963814716,-0.13961448429873435,-0.21905413185168582,-0.17453775587990636,-0.13895065890863423,-0.12726169781785823,-0.14065746898533213,0.27461751819054514,-0.39089464188613543,1.0442381319422414,-0.734032294682418,-0.23855760955043356,-0.28760133905927765,0.0,0.0,0.15623555737330042,-0.14196290684853594,-0.9421468236501976,-1.59845039796454,0.9536919799837233,0.5493971881446129
-0.12795861697464095,0.8858113669445872,-0.31378087963814716,-0.16358429537944472,-0.35428310999629337,-0.17453775587990636,-0.16449788817868072,-0.12726169781785823,-0.14065746898533213,0.27461751819054514,-0.8895434999947991,1.0442381319422414,2.2347717607267263,-0.23855760955043356,0.8621346539163971,0.0,0.0,-0.6686542673905891,-0.1374257716436857,-0.8463320514089613,1.3758305944614408,-1.0485565790508873,-1.8201767711573702
0.8226046769687368,-2.399141440565807,1.0009841999861062,-0.16358429537944472,-0.365552191508344,-0.17453775587990636,-0.162454109837077,-0.12726169781785823,-0.14065746898533213,0.27461751819054514,0.42507621683713237,1.0442381319422414,-1.0497086999247867,-0.23855760955043356,-3.520483177486641,0.0,0.0,-0.006571644882730411,-0.1539248256203303,0.21014974599229677,-0.5941790773239698,-1.0485565790508873,0.5493971881446129
1.427626242548763,-2.399141440565807,-0.31378087963814716,-0.1492024087310185,-0.2810340801679643,-0.17453775587990636,-0.15836655315386958,-0.12591849498943178,-0.14065746898533213,0.27461751819054514,-0.8895434999947991,1.0442381319422414,-0.734032294682418,-0.23855760955043356,1.5752620419646008,0.0,0.0,3.051490304159715,-0.15273373478923452,1.5923482278547976,0.4385973556905529,0.9536919799837233,0.5493971881446129
-0.30551788712989136,-2.399141440565807,-0.31378087963814716,-0.16358429537944472,-0.3599176507523187,-0.17453775587990636,-0.16347599900787887,-0.12726169781785823,-0.14065746898533213,-1.995553965517959,-0.20956778439207593,1.0442381319422414,-1.7895291792383492,-0.23855760955043356,0.07886358835525503,0.0,0.0,-0.5791103061497721,-0.1493718424046379,1.3461489899198527,0.3079992814355939,-1.0485565790508873,0.5493971881446129
-1.699849940083731,0.06457316506698858,-0.31378087963814716,-0.04852920219203498,-0.258495917143863,-0.17453775587990636,-0.1573446639830677,-0.12726169781785823,-0.14065746898533213,0.27461751819054514,1.2410470755604002,1.0442381319422414,-0.9685806670253485,-0.23855760955043356,-0.7503508413518335,0.0,0.0,1.0733827967489407,-0.14989988781303362,-1.1699181340241418,0.31621976718862205,0.9536919799837233,0.5493971881446129
-0.7978177877644195,-0.75666503681061,-0.31378087963814716,-0.16358429537944472,-0.35428310999629337,-0.17453775587990636,-0.16449788817868072,-0.12726169781785823,-0.14065746898533213,-1.995553965517959,-0.9953175001996671,1.0442381319422414,-0.3870292232709595,5.032258091471114,1.5752620419646008,0.0,0.0,-0.6605139072777876,-0.1391323531809646,-0.6862124609088535,-0.03001926369489107,-1.0485565790508873,-1.8201767711573702
-1.7095561684085443,-1.5779032386882086,1.0009841999861062,-0.15879033316330265,-0.2923031616800149,-0.17453775587990636,-0.15938844232467142,-0.12591849498943178,-0.14065746898533213,0.27461751819054514,2.525445649476655,1.0442381319422414,-1.5859340149729826,-0.23855760955043356,-1.725162233299813,0.0,0.0,2.3948345883937243,-0.15263147219210485,-1.1699181340241418,-0.4018142675048305,0.9536919799837233,0.5493971881446129
-0.7425569945018161,0.06457316506698858,-0.31378087963814716,-0.16358429537944472,-0.35428310999629337,-0.17453775587990636,-0.16347599900787887,-0.12726169781785823,-0.14065746898533213,0.27461751819054514,-0.5873320708380333,1.0442381319422414,0.060812347525025276,-0.23855760955043356,0.30748001876779374,0.0,0.0,-0.7392040550348691,0.30628542804882486,0.9627557498998675,-0.7069099361405317,-1.0485565790508873,0.5493971881446129
0.983080985272316,0.06457316506698858,-0.31378087963814716,-0.15399637094716057,-0.30920678394809087,-0.17453775587990636,-0.16143222066627516,-0.12726169781785823,-0.14065746898533213,-1.995553965517959,-0.4513369277174886,1.0442381319422414,-1.0579018279997794,-0.23855760955043356,0.5610364234071566,0.0,0.0,-0.16395194039689354,-0.14655958832207974,0.2566349450779528,1.5945183501746474,0.9536919799837233,0.5493971881446129
1.4180494306016138,0.06457316506698858,-0.31378087963814716,-0.16358429537944472,-0.365552191508344,-0.17453775587990636,-0.16449788817868072,-0.12726169781785823,-0.14065746898533213,0.27461751819054514,0.7726193603674131,1.0442381319422414,0.11717174747514973,-0.23855760955043356,0.579147595167111,0.0,0.0,-0.7364906016639352,-0.07769541783892465,-0.3695037486790324,0.4609124328041454,-1.0485565790508873,-1.8201767711573702
0.50851112837778,0.8858113669445872,-0.31378087963814716,-0.15879033316330265,-0.35428310999629337,-0.17453775587990636,-0.16449788817868072,-0.12726169781785823,-0.14065746898533213,0.27461751819054514,-0.37578407042829715,1.0442381319422414,0.03568360917572601,-0.23855760955043356,-0.2503440714388009,0.0,0.0,-0.6550870005359198,-0.14009230529568395,3.540540776562717,0.71976732732182,0.9536919799837233,-1.8201767711573702
-0.22398556920146007,0.8858113669445872,-0.31378087963814716,-0.16358429537944472,-0.23032321336373643,-0.14483175024674738,-0.1471257722750491,-0.12457529216100535,-0.14065746898533213,0.27461751819054514,-0.572221499380195,1.0442381319422414,-0.7762601816795796,-0.23855760955043356,0.34174439777311333,0.0,0.0,2.5657821507625567,-0.1513416210945078,0.353181127794314,0.07130324860466503,-1.0485565790508873,0.5493971881446129
0.482110187334288,0.06457316506698858,-0.31378087963814716,-0.08208693770502949,-0.061286990682976966,-0.08541973898042943,-0.1420163264210398,-0.12188888650415249,0.8877401237518145,0.27461751819054514,-0.8139906427056076,1.0442381319422414,0.24914307431671437,-0.23855760955043356,-0.05474341643129381,0.0,0.0,1.1629267579897578,-0.14245799925361063,0.09826072687203845,-1.101142965147334,0.9536919799837233,0.5493971881446129
1.031482710518718,0.8858113669445872,-0.31378087963814716,-0.16358429537944472,-0.26976499865591363,-0.17453775587990636,-0.15427899647066212,-0.12726169781785823,-0.14065746898533213,2.544789001899049,-0.7686589283320927,1.0442381319422414,-0.3870292232709595,-0.23855760955043356,0.6244255245669955,0.0,0.0,1.5753716703717024,-0.15125427777713993,-0.8936620082071127,0.28239181589540546,-1.0485565790508873,0.5493971881446129
-1.6664605146463736,-0.75666503681061,-0.31378087963814716,-0.16358429537944472,-0.33174494697219215,-0.17453775587990636,-0.162454109837077,-0.12726169781785823,-0.14065746898533213,0.27461751819054514,-0.6024426422958715,1.0442381319422414,0.5672292231105512,-0.23855760955043356,0.27125767524788513,0.0,0.0,-0.7283502415511337,0.060537686680665156,-0.5976524898668184,0.39843021688608643,-1.0485565790508873,0.5493971881446129
0.5387945607511974,0.8858113669445872,0.34360166017397953,0.25349041742491557,0.6993760113804407,-0.17453775587990636,-0.034717963486844465,-0.06547436771024222,0.3638394633008153,0.27461751819054514,1.180604789729047,1.0442381319422414,0.06766445650957162,1.3853293146004428,-1.0348774175582356,0.0,0.0,0.5035575888528329,-0.09091305915706506,-0.8053730648020195,0.28851752333835246,0.9536919799837233,0.5493971881446129
0.3119276507058956,0.8858113669445872,-0.31378087963814716,-0.16358429537944472,-0.1458051020233567,-0.17453775587990636,-0.14099443725023794,-0.12457529216100535,-0.14065746898533213,0.27461751819054514,0.561071359957677,1.0442381319422414,-0.8411320080810166,1.0932965441374565,0.5565086304671656,0.0,0.0,1.7463192327405348,-0.14779181217001439,0.6756377459576545,0.18755273816263698,-1.0485565790508873,0.5493971881446129
-1.6003287456599793,0.8858113669445872,-0.31378087963814716,-0.16358429537944472,-0.365552191508344,-0.17453775587990636,-0.162454109837077,-0.12726169781785823,-0.14065746898533213,2.544789001899049,0.7575087889095748,1.0442381319422414,-0.9075338303881473,-0.23855760955043356,0.29733776258222,0.0,0.0,-0.7256367881801998,-0.12889286395729127,-1.68924287342001,1.3945752592368583,-1.0485565790508873,0.5493971881446129
0.521711598899526,0.06457316506698858,-0.31378087963814716,-0.16358429537944472,-0.1458051020233567,-0.17453775587990636,-0.14099443725023794,-0.12457529216100535,-0.14065746898533213,-1.995553965517959,0.22863878788523456,1.0442381319422414,-0.46117517870075836,1.0932965441374565,0.05392361412843334,0.0,0.0,1.7463192327405348,-0.14779181217001439,0.48190937141612833,-0.42573996450926627,-1.0485565790508873,0.5493971881446129
-0.24391569136174326,-2.399141440565807,-0.31378087963814716,-0.16358429537944472,-0.365552191508344,-0.17453775587990636,-0.16449788817868072,-0.12726169781785823,-0.14065746898533213,0.27461751819054514,-0.0433514983558547,1.0442381319422414,-1.8405865335167353,-0.23855760955043356,0.6244255245669955,0.0,0.0,-0.7229233348092661,-0.13254982439431745,-0.8603242518026359,-0.10812203359246562,-1.0485565790508873,-1.8201767711573702
0.3913893065917001,0.06457316506698858,-0.31378087963814716,-0.15399637094716057,-0.11199785748720481,0.09281629481852444,-0.13997254807943607,-0.12457529216100535,-0.14065746898533213,0.27461751819054514,0.3797445024636175,1.0442381319422414,-0.2401496163243107,-0.23855760955043356,-0.3644444535265136,0.0,0.0,2.492518909747343,-0.14856436590545563,-1.2076488261201908,-0.04876392847030843,0.9536919799837233,0.5493971881446129
-1.473371279171422,-0.75666503681061,1.0009841999861062,-0.14440844651487644,-0.2641304578998883,-0.17453775587990636,-0.155300885641464,-0.12591849498943178,-0.14065746898533213,0.27461751819054514,1.029499075150664,1.0442381319422414,-0.8100406367368175,-0.23855760955043356,-0.8184522675678311,0.0,0.0,-0.14767122017129045,-0.14116622432813256,-0.5668106997522169,-0.685427122975233,0.9536919799837233,0.5493971881446129
0.37469459387302134,0.8858113669445872,-0.31378087963814716,-0.16358429537944472,-0.365552191508344,-0.17453775587990636,-0.16449788817868072,-0.12726169781785823,-0.14065746898533213,0.27461751819054514,-0.934875214368314,1.0442381319422414,1.174484598080604,-0.23855760955043356,0.6975667951360444,0.0,0.0,-0.7202098814383322,-0.1352925447220871,0.22490829069474474,0.5467396524718106,-1.0485565790508873,-1.8201767711573702
-0.09858109924487284,0.06457316506698858,-0.31378087963814716,-0.16358429537944472,-0.365552191508344,-0.17453775587990636,-0.16449788817868072,-0.12726169781785823,-0.14065746898533213,0.27461751819054514,-0.783769499789931,1.0442381319422414,-0.5605307589766888,-0.23855760955043356,1.0791734241919377,0.0,0.0,-0.7202098814383322,-0.1352925447220871,0.25366429330206547,-0.8450046887130548,-1.0485565790508873,-1.8201767711573702
1.5864201379427076,0.06457316506698858,-0.31378087963814716,-0.15879033316330265,-0.30920678394809087,-0.17453775587990636,-0.16347599900787887,-0.12591849498943178,-0.14065746898533213,0.27461751819054514,-0.4513369277174886,1.0442381319422414,-1.520572589881724,-0.23855760955043356,-0.7067455997896503,0.0,0.0,-0.636092826939383,-0.11117067107016437,0.9297763856836935,-1.2380087714440362,0.9536919799837233,0.5493971881446129
0.19817065473908432,0.8858113669445872,-0.31378087963814716,-0.16358429537944472,-0.19651596882758454,-0.14483175024674738,-0.15325710729986028,-0.12457529216100535,-0.14065746898533213,0.27461751819054514,0.36463393100577923,1.0442381319422414,-0.1201423011031279,2.568520677289368,-0.038278714831335,0.0,0.0,0.9295697680894468,-0.14676210245639648,-0.5572324372941792,0.08358476524703465,-1.0485565790508873,0.5493971881446129
1.4054960419681888,0.8858113669445872,-0.31378087963814716,-0.16358429537944472,-0.30920678394809087,-0.17453775587990636,-0.15632277481226584,-0.12591849498943178,-0.14065746898533213,0.27461751819054514,0.1379753591382048,1.0442381319422414,0.5927441548319818,-0.23855760955043356,-1.1414137220285565,0.0,0.0,-0.30776496905638745,-0.14393211375456147,-0.9421468236501976,-0.25317003483081596,-1.0485565790508873,0.5493971881446129
-0.7116264802400778,0.06457316506698858,-0.31378087963814716,-0.16358429537944472,-0.19651596882758454,-0.14483175024674738,-0.15325710729986028,-0.12457529216100535,-0.14065746898533213,0.27461751819054514,-0.13401492710288446,1.0442381319422414,0.6806725349181435,2.568520677289368,0.365106474367649,0.0,0.0,0.9295697680894468,-0.14676210245639648,-0.32224024759188413,0.08358476524703465,-1.0485565790508873,0.5493971881446129
-1.3673792658644612,0.06457316506698858,-0.31378087963814716,-0.16358429537944472,-0.3261104062161668,-0.17453775587990636,-0.16347599900787887,-0.12726169781785823,-0.14065746898533213,0.27461751819054514,0.06242250184901335,1.0442381319422414,-0.06508748479477333,-0.23855760955043356,-1.0244934992744201,0.0,0.0,-0.636092826939383,-0.12298546632824897,-0.12446840774978787,-0.26729350135840496,-1.0485565790508873,0.5493971881446129
-0.17014835609316256,0.06457316506698858,-0.31378087963814716,-0.16358429537944472,-0.2246886726077111,-0.08541973898042943,-0.1604103314954733,-0.12726169781785823,-0.14065746898533213,0.27461751819054514,-0.20956778439207593,1.0442381319422414,0.8257289859044407,-0.23855760955043356,-0.10818621834591334,0.0,0.0,-0.3050515156854536,-0.1296878553566448,-0.3264081370708519,-0.767514271252312,-1.0485565790508873,0.5493971881446129
0.32732819964793264,0.8858113669445872,-0.31378087963814716,-0.03414731554360876,0.09648015048573189,-0.1151257446135884,-0.10216264875976724,-0.09368162710719735,-0.14065746898533213,0.27461751819054514,0.3948550739214558,1.0442381319422414,-0.021624473830105788,-0.23855760955043356,-0.5711807893884076,0.0,0.0,3.4150930558648507,-0.14617033108731445,0.22490829069474474,-0.34552352229103017,0.9536919799837233,0.5493971881446129
-1.7258626319942305,-0.75666503681061,-0.31378087963814716,0.41169117055760396,0.3782071882869977,-0.1151257446135884,-0.08989997871014492,-0.10442724973460883,0.3056282788062598,0.27461751819054514,-0.08868321272936958,1.0442381319422414,-0.42007713483395587,2.4087314823264085,-0.57445530171694,0.0,0.0,1.922693701851235,-0.13368936603762704,-1.1699181340241418,-1.6599901137312185,0.9536919799837233,0.5493971881446129
-1.6717665861306048,-0.75666503681061,0.34360166017397953,0.2486964552087735,0.14719101728995973,-0.14483175024674738,0.07360228861815274,-0.039953513970139944,-0.14065746898533213,0.27461751819054514,1.86058050533177,1.0442381319422414,-0.7193353118988747,-0.23855760955043356,-1.2484342824282868,0.0,0.0,1.3501550405841931,-0.13616409657721493,-0.5976524898668184,-0.28562832881422473,0.9536919799837233,0.5493971881446129
0.7761441973872975,0.06457316506698858,-0.31378087963814716,-0.12523259765030814,-0.3261104062161668,-0.17453775587990636,-0.16449788817868072,-0.12726169781785823,-0.14065746898533213,0.27461751819054514,0.6215136457890302,1.0442381319422414,-1.342358666786456,-0.23855760955043356,-0.7854355184708316,0.0,0.0,-0.055413805559539654,-0.14963491228587852,1.2907930945589743,-1.1773220215006328,0.9536919799837233,-1.8201767711573702
0.23453665686271796,-0.75666503681061,-0.31378087963814716,-0.16358429537944472,-0.19088142807155922,-0.14483175024674738,-0.15427899647066212,-0.12457529216100535,-0.14065746898533213,0.27461751819054514,0.21352821642739628,1.0442381319422414,-0.5926606729962686,-0.23855760955043356,-1.3733995176054994,0.0,0.0,-0.6279524668265813,-0.03746885303163662,-0.5572324372941792,-0.9145989497258412,-1.0485565790508873,0.5493971881446129
0.6731287607666128,-2.399141440565807,-0.31378087963814716,-0.16358429537944472,-0.365552191508344,-0.17453775587990636,-0.16347599900787887,-0.12726169781785823,-0.14065746898533213,0.27461751819054514,-0.2548994987655908,1.0442381319422414,-2.122044580328252,-0.23855760955043356,-0.5887107217678798,0.0,0.0,-0.7039291612127291,-0.14352070570539602,1.6646001096915513,-1.3550731529916638,-1.0485565790508873,0.5493971881446129
0.32059854800939547,0.8858113669445872,-0.31378087963814716,-0.053323164408177054,-0.23595775411976175,-0.17453775587990636,-0.13281932388382306,-0.12188888650415249,-0.14065746898533213,0.27461751819054514,6.877290229334084,1.0442381319422414,-0.0849695141074682,-0.23855760955043356,-2.2352601522854236,0.0,0.0,1.2768917995689792,-0.14953699545663263,0.22490829069474474,0.10437644601565091,0.9536919799837233,0.5493971881446129
-0.2959410751827423,0.8858113669445872,-0.31378087963814716,-0.16358429537944472,-0.34301402848424273,-0.17453775587990636,-0.16449788817868072,-0.12726169781785823,-0.14065746898533213,-1.995553965517959,-0.9802069287418289,1.0442381319422414,-0.04002615185950153,-0.23855760955043356,1.5752620419646008,0.0,0.0,-0.7039291612127291,-0.09963718046108178,1.3461489899198527,-0.7798058547116021,-1.0485565790508873,-1.8201767711573702
0.11210876359240682,0.06457316506698858,-0.31378087963814716,-0.0964688243534557,0.07394198746163062,-0.14483175024674738,-0.05106819021967423,-0.10845685821988814,-0.14065746898533213,0.27461751819054514,0.22863878788523456,1.0442381319422414,-0.9846456240351382,-0.23855760955043356,0.18070181644811353,0.0,0.0,0.20507771805010966,-0.11972426687305655,0.43836893607345584,0.4281836530375431,0.9536919799837233,0.5493971881446129
-1.5712100606855395,0.06457316506698858,0.34360166017397953,0.042556079914664396,0.9303921823774787,0.2710523286174783,0.07564606695975645,-0.046669528112272124,-0.10185001265562847,0.27461751819054514,0.24374935934307287,1.0442381319422414,-0.6995349133140275,2.246966817806169,-0.9324386632598516,0.0,0.0,0.7803298326880852,-0.09124768298790406,0.1997550234776168,0.4437469888706127,0.9536919799837233,0.5493971881446129
-0.9325402369128275,0.8858113669445872,-0.31378087963814716,-0.12043863543416607,-0.11199785748720481,-0.08541973898042943,-0.12157854300500259,-0.12054568367572605,-0.14065746898533213,0.27461751819054514,-1.0708703574888587,1.0442381319422414,3.314336871784598,-0.23855760955043356,1.5752620419646008,0.0,0.0,-0.7012157078417952,0.31652491727249826,0.525188694702774,0.4385973556905529,0.9536919799837233,0.5493971881446129
-0.7882409758172705,-0.75666503681061,-0.31378087963814716,-0.16358429537944472,-0.34864856924026805,-0.17453775587990636,-0.16449788817868072,-0.12726169781785823,-0.14065746898533213,-1.995553965517959,-0.7535483568742545,1.0442381319422414,-0.7276063118785026,-0.23855760955043356,1.1188605136137502,0.0,0.0,-0.6985022544708615,-0.11609350242769961,-0.6862124609088535,-0.10499792279656217,-1.0485565790508873,-1.8201767711573702
-0.3439545512961519,0.06457316506698858,-0.31378087963814716,0.06652589099537476,-0.30357224319206555,-0.17453775587990636,-0.1604103314954733,-0.12726169781785823,-0.14065746898533213,0.27461751819054514,0.001980216017660177,1.0442381319422414,0.10562945836259274,-0.23855760955043356,-0.09821022865518315,0.0,0.0,-0.6957888010999276,-0.0460734658246394,0.25910696682602397,-0.05501215006211532,0.9536919799837233,0.5493971881446129
-0.5819512698205728,0.8858113669445872,-0.31378087963814716,-0.16358429537944472,-0.3599176507523187,-0.17453775587990636,-0.16449788817868072,-0.12726169781785823,-0.14065746898533213,0.27461751819054514,-0.7384377854164161,1.0442381319422414,-1.6810615104095232,-0.23855760955043356,-0.18012845169251598,0.0,0.0,-0.6957888010999276,-0.1364219001511687,-0.28057963301922584,0.690929381513485,-1.0485565790508873,-1.8201767711573702
-0.1393472582090885,0.8858113669445872,0.34360166017397953,-0.1300265598664502,0.18663280258213694,-0.1151257446135884,-0.062308971098494696,-0.10980006104831457,0.4608581041250744,0.27461751819054514,1.1050519324398556,1.0442381319422414,0.5174278563802024,-0.23855760955043356,-0.5833938353705016,0.0,0.0,0.46014233491789125,-0.12016733984456739,-0.8463320514089613,0.007976678417442049,0.9536919799837233,0.5493971881446129
1.3248696386834067,-0.75666503681061,1.0009841999861062,-0.09167486213731363,0.40637989206712427,0.09281629481852444,-0.011214512558401675,-0.09905443842090308,-0.14065746898533213,-1.995553965517959,-0.572221499380195,1.0442381319422414,-0.2135276875652304,-0.23855760955043356,0.9585032198688583,0.0,0.0,1.7788806731917408,-0.13167593287976437,1.384564273264258,-1.0432443866904453,0.9536919799837233,0.5493971881446129
-1.0761924161200636,-2.399141440565807,-0.31378087963814716,-0.16358429537944472,-0.365552191508344,-0.17453775587990636,-0.16449788817868072,-0.12726169781785823,-0.14065746898533213,0.27461751819054514,0.36463393100577923,1.0442381319422414,-2.2110197268440106,-0.23855760955043356,-0.15353162603104414,0.0,0.0,-0.6930753477289937,-0.14595867933008014,1.095105628498168,0.21612279901261686,-1.0485565790508873,-1.8201767711573702
0.794133073882618,0.06457316506698858,-0.31378087963814716,-0.11564467321802399,0.3331308622387951,0.033404283552206475,-0.11953476466339888,-0.11382966953359387,-0.14065746898533213,0.27461751819054514,-0.4664474991753269,1.0442381319422414,0.7410061580793055,-0.23855760955043356,-0.23997130943082634,0.0,0.0,1.61607347093571,-0.13239832775941188,0.21014974599229677,-1.435869121851223,0.9536919799837233,0.5493971881446129
-1.0737335049444443,-2.399141440565807,-0.31378087963814716,-0.16358429537944472,-0.3599176507523187,-0.17453775587990636,-0.162454109837077,-0.12726169781785823,-0.14065746898533213,0.27461751819054514,-0.16423607001856105,1.0442381319422414,-1.402334506289671,-0.23855760955043356,-0.38583827516795927,0.0,0.0,0.05041087590688038,-0.1534395846989739,1.095105628498168,0.8779254363644067,-1.0485565790508873,0.5493971881446129
-1.732721700010432,0.06457316506698858,0.34360166017397953,0.056937966563090615,0.0683074467056053,-0.17453775587990636,-0.11953476466339888,-0.12457529216100535,0.5190692886196299,0.27461751819054514,0.3193022166322643,1.0442381319422414,0.3733038469546135,-0.23855760955043356,-0.8018292515294118,0.0,0.0,2.1994659456864873,-0.14343973979166114,-1.1699181340241418,-1.435869121851223,0.9536919799837233,0.5493971881446129
-0.12808803335230512,0.8858113669445872,-0.31378087963814716,-0.16358429537944472,-0.34301402848424273,-0.14483175024674738,-0.162454109837077,-0.12726169781785823,-0.14065746898533213,0.27461751819054514,0.18330707351171968,1.0442381319422414,0.5151358430331655,-0.23855760955043356,0.2637633972782496,0.0,0.0,-0.3566071297331967,-0.1490834060884781,-0.8463320514089613,1.2196250546662935,-1.0485565790508873,0.5493971881446129
1.0776843573448291,-0.75666503681061,0.34360166017397953,-0.10126278656959778,-0.3204758654601415,-0.17453775587990636,-0.15427899647066212,-0.12457529216100535,1.5474668813567765,0.27461751819054514,1.1957153611868854,1.0442381319422414,-0.5653635229036008,-0.23855760955043356,-1.3142930888281208,0.0,0.0,-0.43801073086121206,-0.1421493455415112,1.887783148630462,-0.5899248349086683,0.9536919799837233,0.5493971881446129
0.47939244340334025,0.06457316506698858,-0.31378087963814716,0.11925947537293756,-0.34864856924026805,-0.17453775587990636,-0.1604103314954733,-0.12726169781785823,-0.14065746898533213,0.27461751819054514,-0.0433514983558547,1.0442381319422414,0.6890308062575027,-0.23855760955043356,-1.1187747573286135,0.0,0.0,-0.351180222991329,-0.15022513317327738,0.09826072687203845,-0.10812203359246562,0.9536919799837233,0.5493971881446129
0.307786326620642,0.06457316506698858,-0.31378087963814716,-0.014971466679040472,0.33876540299482044,-0.08541973898042943,-0.06639652778170213,-0.08965201862191804,-0.12125374082048031,0.27461751819054514,1.029499075150664,1.0442381319422414,0.4805734205207985,-0.23855760955043356,-1.6961475143963889,0.0,0.0,3.8628128620689353,-0.14308755953695626,0.6756377459576545,-0.6461026514184112,0.9536919799837233,0.5493971881446129
0.9943402101290993,0.06457316506698858,-0.31378087963814716,-0.15399637094716057,-0.29793770243604023,-0.17453775587990636,-0.16449788817868072,-0.12726169781785823,-0.14065746898533213,-1.995553965517959,-0.5873320708380333,1.0442381319422414,0.4804784552576861,-0.23855760955043356,0.6244255245669955,0.0,0.0,1.385429934406333,-0.1519447752835456,0.2566349450779528,-0.5507043963453842,0.9536919799837233,-1.8201767711573702
-0.9180456026144397,-0.75666503681061,-0.31378087963814716,-0.16358429537944472,-0.26976499865591363,-0.14483175024674738,-0.16449788817868072,-0.12726169781785823,-0.14065746898533213,0.27461751819054514,-1.1010915004045352,1.0442381319422414,1.9263245861387635,4.9872083846247754,1.5752620419646008,0.0,0.0,-0.34846676962039513,-0.13542495191032425,0.525188694702774,-0.9672525024657791,-1.0485565790508873,-1.8201767711573702
0.09308455607577285,0.06457316506698858,-0.31378087963814716,-0.16358429537944472,-0.26976499865591363,-0.14483175024674738,-0.16449788817868072,-0.12726169781785823,-0.14065746898533213,0.27461751819054514,-1.0255386431153437,1.0442381319422414,0.435496575630275,4.9872083846247754,1.5752620419646008,0.0,0.0,-0.34846676962039513,-0.13542495191032425,-0.08566515728005454,-1.6367048158735555,-1.0485565790508873,-1.8201767711573702
0.570760406034249,0.06457316506698858,-0.31378087963814716,-0.15399637094716057,-0.33737948772821746,-0.17453775587990636,-0.16449788817868072,-0.12591849498943178,-0.14065746898533213,0.27461751819054514,-0.9802069287418289,1.0442381319422414,0.769647681433902,-0.23855760955043356,1.5752620419646008,0.0,0.0,-0.42987037074841056,-0.1464780737109911,-0.8053730648020195,-0.7798058547116021,0.9536919799837233,-1.8201767711573702
-0.15371247612981212,0.8858113669445872,0.34360166017397953,0.545922112609582,1.1106974865702888,0.24134632298431935,0.09199629369258622,-0.01443266023003768,0.7519140265978518,0.27461751819054514,1.5130373618014894,1.0442381319422414,-0.18282576972429887,0.8556442847926206,-0.38074450811047145,0.0,0.0,2.21574666591209,-0.11743215124822572,-0.35445850688810554,0.5805212461330015,0.9536919799837233,0.5493971881446129
1.6327512011464829,0.06457316506698858,-0.31378087963814716,-0.16358429537944472,-0.23032321336373643,-0.17453775587990636,-0.15938844232467142,-0.12726169781785823,-0.14065746898533213,0.27461751819054514,-0.9197646429104757,1.0442381319422414,1.0009830623748739,-0.23855760955043356,0.7602593127666541,0.0,0.0,-0.6659408140196552,-0.017355570627992582,0.17886163122310664,-0.03001926369489107,-1.0485565790508873,0.5493971881446129
0.5601482630657866,0.8858113669445872,-0.31378087963814716,-0.15879033316330265,0.3500344845068711,0.24134632298431935,-0.10318453793056911,-0.12188888650415249,-0.14065746898533213,0.27461751819054514,0.30419164517442604,1.0442381319422414,-0.34761652874027554,-0.23855760955043356,-0.1062172730122164,0.0,0.0,-0.6632273606487213,0.523433216757759,-0.8053730648020195,-0.03001926369489107,0.9536919799837233,0.5493971881446129
0.39630712894293885,0.06457316506698858,-0.31378087963814716,-0.16358429537944472,-0.34301402848424273,-0.17453775587990636,-0.16347599900787887,-0.12726169781785823,-0.14065746898533213,0.27461751819054514,0.01709078747549847,1.0442381319422414,-0.14389101677177477,-0.23855760955043356,-0.2263229383677037,0.0,0.0,-0.581823759520706,-0.14147528715587288,-1.2076488261201908,0.33994122529361787,-1.0485565790508873,0.5493971881446129
0.3948835487886329,0.06457316506698858,-0.31378087963814716,-0.14440844651487644,-0.2641304578998883,-0.17453775587990636,-0.16449788817868072,-0.12726169781785823,-0.14065746898533213,0.27461751819054514,-0.6024426422958715,1.0442381319422414,0.5151787623988325,5.353051608354928,0.5972587669270653,0.0,0.0,-0.4190165572646752,-0.12996844055641663,-1.2076488261201908,0.773323512394442,0.9536919799837233,-1.8201767711573702
-1.5257849121254135,0.8858113669445872,-0.31378087963814716,-0.16358429537944472,-0.3261104062161668,-0.17453775587990636,-0.16449788817868072,-0.12726169781785823,-0.14065746898533213,0.27461751819054514,-0.36067349897045886,1.0442381319422414,-0.27517475336543484,-0.23855760955043356,0.6803570844139145,0.0,0.0,-0.5791103061497721,-0.13401260856912792,0.1997550234776168,-0.06677350835257281,-1.0485565790508873,-1.8201767711573702
0.12259149018320513,0.8858113669445872,-0.31378087963814716,-0.16358429537944472,-0.34864856924026805,-0.17453775587990636,-0.162454109837077,-0.12726169781785823,-0.12125374082048031,0.27461751819054514,-0.20956778439207593,1.0442381319422414,-0.6731713335808674,-0.23855760955043356,0.8270628151599285,0.0,0.0,0.5741073764971129,-0.15322484608158715,0.43836893607345584,0.21581240549091588,-1.0485565790508873,0.5493971881446129
-1.6475657235074037,0.06457316506698858,-0.31378087963814716,-0.15879033316330265,0.25988183241046603,0.033404283552206475,-0.056177636073683535,-0.10174084407775597,-0.14065746898533213,0.27461751819054514,0.5459607884998388,1.0442381319422414,0.1902827409192867,-0.23855760955043356,-0.2750144243226304,0.0,0.0,2.807279500775669,-0.14133994948148132,-0.5976524898668184,0.47659329780288606,0.9536919799837233,0.5493971881446129
-1.6005875784153076,0.8858113669445872,-0.31378087963814716,-0.16358429537944472,-0.365552191508344,-0.17453775587990636,-0.16449788817868072,-0.12726169781785823,-0.14065746898533213,2.544789001899049,0.22863878788523456,1.0442381319422414,0.46713218328032263,-0.23855760955043356,-0.45318919515029,0.0,0.0,0.08568576972902038,-0.15398800557924475,-1.68924287342001,-0.32160293797916795,-1.0485565790508873,-1.8201767711573702
0.8923601045297281,0.8858113669445872,-0.31378087963814716,-0.15879033316330265,-0.34864856924026805,-0.17453775587990636,-0.162454109837077,-0.12726169781785823,-0.14065746898533213,0.27461751819054514,0.21352821642739628,1.0442381319422414,-0.2713615328004734,-0.23855760955043356,-1.7580075471146437,0.0,0.0,0.500844135481899,-0.15315016921424662,0.12066573775241146,-0.8092918442459671,0.9536919799837233,0.5493971881446129
-0.5202196576747605,0.8858113669445872,-0.31378087963814716,-0.06770505105660327,-0.258495917143863,-0.17453775587990636,-0.16143222066627516,-0.12726169781785823,-0.14065746898533213,-1.995553965517959,-0.2397889273077525,1.0442381319422414,-0.04633529861243679,-0.23855760955043356,-1.132204651642139,0.0,0.0,-0.6550870005359198,-0.05849637554453718,-0.5782055760576401,-0.15710173674857045,0.9536919799837233,0.5493971881446129
-1.6313886762993817,0.06457316506698858,-0.31378087963814716,-0.14440844651487644,-0.2641304578998883,-0.17453775587990636,-0.16449788817868072,-0.12726169781785823,-0.14065746898533213,0.27461751819054514,0.5157396455841622,1.0442381319422414,-1.0800185072765538,5.353051608354928,0.10975254726003542,0.0,0.0,-0.41358965052280744,-0.13037378182021925,-0.5976524898668184,0.31391953952378304,0.9536919799837233,-1.8201767711573702
0.609585319333502,0.06457316506698858,-0.31378087963814716,-0.1300265598664502,-0.2810340801679643,-0.17453775587990636,-0.15427899647066212,-0.12591849498943178,-0.14065746898533213,0.27461751819054514,0.07753307330685164,1.0442381319422414,0.18375139703368348,-0.23855760955043356,-0.42149464457036995,0.0,0.0,0.004282168601004977,-0.14555530551217785,-1.4612372771973,0.15742738405928586,0.9536919799837233,0.5493971881446129
-1.7259920483718947,0.06457316506698858,-0.31378087963814716,-0.014971466679040472,0.07394198746163062,-0.17453775587990636,-0.11749098632179515,-0.12188888650415249,-0.02423509999622118,0.27461751819054514,-1.0708703574888587,1.0442381319422414,-1.312370747034849,-0.23855760955043356,1.5752620419646008,0.0,0.0,0.5795342832389806,-0.1295761974270436,-1.1699181340241418,2.313063833232329,0.9536919799837233,0.5493971881446129
-1.2269624960988295,-2.399141440565807,-0.31378087963814716,-0.16358429537944472,-0.365552191508344,-0.17453775587990636,-0.16449788817868072,-0.12726169781785823,-0.14065746898533213,0.27461751819054514,-0.5873320708380333,1.0442381319422414,-2.7003830326806826,-0.23855760955043356,1.258316536165399,0.0,0.0,-0.7364906016639352,-0.07769541783892465,0.08020828975698321,0.6468714087507496,-1.0485565790508873,-1.8201767711573702
1.424908498617815,0.8858113669445872,-0.31378087963814716,-0.15399637094716057,-0.12890147975528074,-0.08541973898042943,-0.12975365637141748,-0.12591849498943178,-0.14065746898533213,0.27461751819054514,0.4099656453792941,1.0442381319422414,-1.1003133145056243,-0.23855760955043356,-0.7738634716059529,0.0,0.0,-0.5682564926660367,-0.05129673468414188,1.5923482278547976,-1.4083034383579618,0.9536919799837233,0.5493971881446129
-1.0400852467517583,0.8858113669445872,-0.31378087963814716,-0.16358429537944472,-0.33174494697219215,-0.17453775587990636,-0.1604103314954733,-0.12726169781785823,-0.14065746898533213,0.27461751819054514,-0.7988800712477694,1.0442381319422414,0.7233806052457076,-0.23855760955043356,0.5379858411672146,0.0,0.0,-0.23992863478304124,-0.14867998502465998,-1.3024883843945956,-0.11522228540133618,-1.0485565790508873,0.5493971881446129
0.7567317407376709,0.06457316506698858,-0.31378087963814716,-0.13961448429873435,-0.2134195910956605,-0.17453775587990636,-0.11749098632179515,-0.12591849498943178,-0.14065746898533213,0.27461751819054514,-0.6931060710429013,1.0442381319422414,0.2739290079889611,2.9760607575561147,-0.39198592506492663,0.0,0.0,-0.6442331870521845,-0.035030879406952486,-0.7418753830924125,-1.193481215272545,0.9536919799837233,0.5493971881446129
-0.29632932431573483,0.06457316506698858,-0.31378087963814716,-0.16358429537944472,-0.3599176507523187,-0.17453775587990636,-0.16449788817868072,-0.12726169781785823,-0.14065746898533213,-1.995553965517959,-0.36067349897045886,1.0442381319422414,0.692535887786911,-0.23855760955043356,-0.21454787313677307,0.0,0.0,-0.7229233348092661,-0.11060806177216033,1.3461489899198527,0.08024347027815419,-1.0485565790508873,-1.8201767711573702
-1.1639367201763753,-0.75666503681061,-0.31378087963814716,-0.16358429537944472,-0.3261104062161668,-0.17453775587990636,-0.16347599900787887,-0.12726169781785823,-0.14065746898533213,0.27461751819054514,-0.5873320708380333,1.0442381319422414,1.1552066496688558,-0.23855760955043356,0.6244255245669955,0.0,0.0,-0.3945954769262705,-0.14489206586928083,-0.8250350993391762,-0.3424303432851876,-1.0485565790508873,0.5493971881446129
0.4830161019779372,0.8858113669445872,4.287896899046739,0.018586268833954034,1.454404472687833,0.1522283060848424,0.5334524154789898,0.05272748119128408,0.9653550364112219,0.27461751819054514,6.967953658081113,1.0442381319422414,-0.3364693644354576,0.050715331986502916,-1.7455699740210635,0.0,0.0,3.162741892368003,-0.11990929540629226,0.09826072687203845,0.2917175197637727,0.9536919799837233,0.5493971881446129
-0.6139171151036245,-0.75666503681061,-0.31378087963814716,-0.16358429537944472,-0.3599176507523187,-0.17453775587990636,-0.16449788817868072,-0.12726169781785823,-0.14065746898533213,-1.995553965517959,-0.9499857858261522,1.0442381319422414,0.593392153097923,-0.23855760955043356,1.5752620419646008,0.0,0.0,-0.7174964280673983,-0.12035995627089684,0.01712614564697976,-2.373102360622111,-1.0485565790508873,-1.8201767711573702
0.11974432987459324,-0.75666503681061,-0.31378087963814716,-0.16358429537944472,-0.3599176507523187,-0.17453775587990636,-0.16449788817868072,-0.12726169781785823,-0.14065746898533213,0.27461751819054514,-0.4060052133439737,1.0442381319422414,-1.5886880076032321,-0.23855760955043356,-0.5641201221800102,0.0,0.0,-0.7174964280673983,-0.12035995627089684,0.43836893607345584,-0.4986358830803351,-1.0485565790508873,-1.8201767711573702
1.3027394381028323,-0.75666503681061,-0.31378087963814716,-0.15879033316330265,-0.35428310999629337,-0.17453775587990636,-0.16449788817868072,-0.12726169781785823,-0.14065746898533213,0.27461751819054514,0.6366242172468685,1.0442381319422414,-1.12109344071569,-0.23855760955043356,-1.0578236985210738,0.0,0.0,-0.30776496905638745,-0.15161173067231642,-0.2977270072934111,-0.12614574972267412,0.9536919799837233,-1.8201767711573702
-1.3835563130724833,0.8858113669445872,-0.31378087963814716,-0.15879033316330265,-0.0387488276588757,0.033404283552206475,-0.13281932388382306,-0.12591849498943178,-0.14065746898533213,0.27461751819054514,-0.05846206981369299,1.0442381319422414,1.0609589018780898,-0.23855760955043356,-0.19249035657742533,0.0,0.0,1.0136868225883962,-0.14048548506446393,-0.5269982379698451,-0.24122675412213315,0.9536919799837233,0.5493971881446129
0.5087699611331084,0.8858113669445872,-0.31378087963814716,-0.16358429537944472,-0.34301402848424273,-0.17453775587990636,-0.15836655315386958,-0.12726169781785823,-0.14065746898533213,0.27461751819054514,-0.5420003564645184,1.0442381319422414,-0.016892613765404275,-0.23855760955043356,0.11243663058367036,0.0,0.0,1.5156756962111577,-0.1535685561369367,3.540540776562717,1.7002574848052103,-1.0485565790508873,0.5493971881446129
0.11961491349692907,0.8858113669445872,-0.31378087963814716,-0.16358429537944472,-0.3599176507523187,-0.17453775587990636,-0.16449788817868072,-0.12726169781785823,-0.14065746898533213,0.27461751819054514,-0.36067349897045886,1.0442381319422414,0.15506668606738572,-0.23855760955043356,1.1278095631892577,0.0,0.0,1.103230783829213,-0.15403984484484193,0.43836893607345584,2.248743905081386,-1.0485565790508873,-1.8201767711573702
-0.788629224950263,0.8858113669445872,-0.31378087963814716,-0.16358429537944472,-0.3261104062161668,-0.17453775587990636,-0.15938844232467142,-0.12726169781785823,-0.14065746898533213,-1.995553965517959,-0.7384377854164161,1.0442381319422414,0.8467594750808928,-0.23855760955043356,0.6975667951360444,0.0,0.0,-0.6279524668265813,-0.1252359035202651,-0.6862124609088535,1.2676882976801849,-1.0485565790508873,0.5493971881446129
1.2257366933926472,-2.399141440565807,-0.31378087963814716,-0.16358429537944472,-0.34301402848424273,-0.17453775587990636,-0.1604103314954733,-0.12726169781785823,-0.14065746898533213,-1.995553965517959,1.0899413609820172,1.0442381319422414,-0.8216516294417463,-0.23855760955043356,-0.753317184315248,0.0,0.0,-0.05270035218860581,-0.15146811578901198,1.2098853973525376,-0.208539880603631,-1.0485565790508873,0.5493971881446129
1.1370864746926863,-1.5779032386882086,-0.31378087963814716,-0.16358429537944472,-0.365552191508344,-0.17453775587990636,-0.16347599900787887,-0.12726169781785823,-0.14065746898533213,0.27461751819054514,0.4099656453792941,1.0442381319422414,-0.6954763978589228,-0.23855760955043356,0.45663084502624357,0.0,0.0,-0.7093560679545968,-0.14169222548688293,-0.8039532679973672,0.11699771493583594,-1.0485565790508873,0.5493971881446129
0.41520192008190865,0.06457316506698858,-0.31378087963814716,0.004204382185527817,0.051403824437529354,-0.1151257446135884,-0.05924330358608911,-0.08965201862191804,-0.14065746898533213,0.27461751819054514,0.3948550739214558,1.0442381319422414,0.30890471439313183,1.7008322701844159,-0.23226876338530186,0.0,0.0,0.19965081130824197,-0.12129439572934926,-0.7007813668592946,0.11845332858564578,0.9536919799837233,0.5493971881446129
-1.0813690712266306,0.8858113669445872,-0.31378087963814716,-0.16358429537944472,-0.365552191508344,-0.17453775587990636,-0.16449788817868072,-0.12726169781785823,-0.14065746898533213,0.27461751819054514,-0.5117792135488418,1.0442381319422414,0.44192255843419087,-0.23855760955043356,0.46208758257228444,0.0,0.0,-0.7093560679545968,-0.14169222548688293,1.095105628498168,1.0215107115114703,-1.0485565790508873,-1.8201767711573702
-1.6703430059762987,-1.5779032386882086,0.34360166017397953,-0.15399637094716057,-0.2923031616800149,-0.17453775587990636,-0.1573446639830677,-0.12457529216100535,-0.12125374082048031,0.27461751819054514,0.001980216017660177,1.0442381319422414,-0.6858374236530491,-0.23855760955043356,-0.5546117570060339,0.0,0.0,-0.13410395331662123,-0.14489206586928083,-0.5976524898668184,-0.3549267864687981,0.9536919799837233,0.5493971881446129
-1.672672500774254,0.8858113669445872,1.0009841999861062,-0.14440844651487644,-0.26976499865591363,-0.05571373334727045,-0.11749098632179515,-0.10039764124932953,-0.14065746898533213,0.27461751819054514,0.3797445024636175,1.0442381319422414,-1.2128965332302306,-0.23855760955043356,-0.2503440714388009,0.0,0.0,2.7584373400988595,-0.1523484381091941,-0.5976524898668184,-0.12374258757197953,0.9536919799837233,0.5493971881446129
-0.1682071104281999,-2.399141440565807,-0.31378087963814716,-0.16358429537944472,-0.365552191508344,-0.17453775587990636,-0.16449788817868072,-0.12726169781785823,-0.14065746898533213,0.27461751819054514,0.9539462178614726,1.0442381319422414,-0.025567690550690296,-0.23855760955043356,-2.558809772807595,0.0,0.0,-0.7093560679545968,-0.14169222548688293,-0.3264081370708519,-0.614092151624575,-1.0485565790508873,-1.8201767711573702
1.0045641039645694,0.8858113669445872,-0.31378087963814716,-0.16358429537944472,-0.3599176507523187,-0.17453775587990636,-0.162454109837077,-0.12726169781785823,-0.14065746898533213,-1.995553965517959,-0.9197646429104757,1.0442381319422414,1.5958454705088025,-0.23855760955043356,-1.684748874827187,0.0,0.0,-0.706642614583663,-0.1308619965003054,0.2566349450779528,0.6394330497128854,-1.0485565790508873,0.5493971881446129
0.055553806553161604,-2.399141440565807,-0.31378087963814716,-0.16358429537944472,-0.3148413247041162,-0.17453775587990636,-0.16449788817868072,-0.12726169781785823,-0.14065746898533213,0.27461751819054514,-0.934875214368314,1.0442381319422414,0.9547159861866797,-0.23855760955043356,0.6975667951360444,0.0,0.0,-0.7039291612127291,-0.04478277390568898,0.7937221444573845,-0.606778179861591,-1.0485565790508873,-1.8201767711573702
-0.9067863777576562,0.06457316506698858,-0.31378087963814716,-0.16358429537944472,-0.365552191508344,-0.17453775587990636,-0.16449788817868072,-0.12726169781785823,-0.14065746898533213,0.27461751819054514,-0.4513369277174886,1.0442381319422414,-0.5465104328590543,-0.23855760955043356,0.8145928280465158,0.0,0.0,-0.7039291612127291,-0.14352070570539602,0.525188694702774,1.0113510016060951,-1.0485565790508873,-1.8201767711573702
1.4051077928351963,0.06457316506698858,-0.31378087963814716,0.1815809841827845,-0.33737948772821746,-0.17453775587990636,-0.16449788817868072,-0.12591849498943178,-0.14065746898533213,0.27461751819054514,-0.3455629275126206,1.0442381319422414,-0.08419017913005068,-0.23855760955043356,0.2587191717217629,0.0,0.0,-0.7039291612127291,-0.08866629915000322,-0.9421468236501976,1.1234985686385088,0.9536919799837233,-1.8201767711573702
1.0243648097471882,-1.5779032386882086,-0.31378087963814716,-0.16358429537944472,-0.34301402848424273,-0.17453775587990636,-0.162454109837077,-0.12726169781785823,-0.14065746898533213,2.544789001899049,-0.17934664147639934,1.0442381319422414,-0.4729037207414722,-0.23855760955043356,-0.5980785692299245,0.0,0.0,0.7016396849310037,-0.15304805000185898,-0.8936620082071127,-0.29780018905800265,-1.0485565790508873,0.5493971881446129
0.3525643932924471,0.8858113669445872,-0.31378087963814716,-0.16358429537944472,-0.26976499865591363,-0.17453775587990636,-0.16143222066627516,-0.12726169781785823,-0.14065746898533213,0.27461751819054514,-0.9046540714526374,1.0442381319422414,-0.5026969137414458,-0.23855760955043356,1.5752620419646008,0.0,0.0,-0.6985022544708615,0.018299793633012724,0.22490829069474474,1.3445894865024115,-1.0485565790508873,0.5493971881446129
1.4909108512265452,0.06457316506698858,-0.31378087963814716,-0.11085071100188193,-0.365552191508344,-0.17453775587990636,-0.16449788817868072,-0.12726169781785823,-0.14065746898533213,0.27461751819054514,-0.3304523560547823,1.0442381319422414,0.6777144001768395,-0.23855760955043356,0.92941082260019,0.0,0.0,1.282318706310847,-0.15428569916345167,-0.45137039484202884,1.1724686652941734,0.9536919799837233,-1.8201767711573702
-1.2373158063119636,0.8858113669445872,0.34360166017397953,-0.16358429537944472,-0.33174494697219215,-0.08541973898042943,-0.15325710729986028,-0.12726169781785823,-0.14065746898533213,0.27461751819054514,-0.05846206981369299,1.0442381319422414,-0.18047977600223447,-0.23855760955043356,1.0931477514531385,0.0,0.0,0.7043531383019375,-0.15247442685046014,0.08020828975698321,1.105220997351536,-1.0485565790508873,0.5493971881446129
-0.34408396767381605,0.8858113669445872,-0.31378087963814716,0.5698919236902924,-0.258495917143863,-0.17453775587990636,-0.1450819939334454,-0.12726169781785823,-0.14065746898533213,0.27461751819054514,0.30419164517442604,1.0442381319422414,1.1645013747959483,-0.23855760955043356,-0.1062172730122164,0.0,0.0,-0.4461510909740136,-0.12630950658434617,0.25910696682602397,-0.16813784625060046,0.9536919799837233,0.5493971881446129
1.5153705466050746,-0.75666503681061,-0.31378087963814716,-0.15879033316330265,-0.3599176507523187,-0.17453775587990636,-0.16449788817868072,-0.12726169781785823,-0.14065746898533213,0.27461751819054514,-0.677995499585063,1.0442381319422414,1.0009830623748743,-0.23855760955043356,0.8145928280465158,0.0,0.0,-0.6903618943580598,-0.13832397245277986,-0.45137039484202884,0.2199095999773465,0.9536919799837233,-1.8201767711573702
0.005599084774789397,-2.399141440565807,1.0009841999861062,-0.019765428895182544,-0.1852468873155339,-0.14483175024674738,-0.13486310222542677,-0.12591849498943178,-0.08244628449077665,0.27461751819054514,-0.11890435564504617,1.0442381319422414,-0.7799321718532463,-0.23855760955043356,0.7237666532503279,0.0,0.0,0.7966105529136883,-0.14555235039263278,0.7937221444573845,0.2217747407510186,0.9536919799837233,0.5493971881446129
-0.1460769098476257,0.06457316506698858,-0.31378087963814716,-0.16358429537944472,-0.34301402848424273,-0.17453775587990636,-0.16347599900787887,-0.12726169781785823,-0.14065746898533213,0.27461751819054514,-0.6175532137537099,1.0442381319422414,0.22129714883307874,-0.23855760955043356,0.9040833238015842,0.0,0.0,-0.6849349876161922,-0.11792198264621272,-0.35445850688810554,-0.14028199766793464,-1.0485565790508873,0.5493971881446129
1.3090808406083771,0.06457316506698858,-0.31378087963814716,-0.16358429537944472,-0.35428310999629337,-0.14483175024674738,-0.16449788817868072,-0.12726169781785823,-0.14065746898533213,0.27461751819054514,-0.7988800712477694,1.0442381319422414,0.6539799909634157,-0.23855760955043356,1.0566239415659078,0.0,0.0,1.2171958254084345,-0.15385339170474976,-0.2977270072934111,-0.7116434373464453,-1.0485565790508873,-1.8201767711573702
0.3743063447400288,-2.399141440565807,-0.31378087963814716,-0.16358429537944472,-0.365552191508344,-0.17453775587990636,-0.16449788817868072,-0.12726169781785823,-0.14065746898533213,0.27461751819054514,-0.14912549856072274,1.0442381319422414,-1.576754039538817,-0.23855760955043356,0.6975667951360444,0.0,0.0,-0.6822215342452583,-0.14751011709124276,0.22490829069474474,0.5467396524718106,-1.0485565790508873,-1.8201767711573702
-0.9616589218872672,0.8858113669445872,-0.31378087963814716,-0.053323164408177054,0.6148579000400609,0.5681123849490681,0.07053662110574715,-0.080249598822933,-0.14065746898533213,0.27461751819054514,-0.8442117856212842,1.0442381319422414,3.314336871784598,-0.23855760955043356,0.37420538840973155,0.0,0.0,3.200730239561077,-0.13599285390419483,0.525188694702774,-1.0165805676642465,0.9536919799837233,0.5493971881446129
0.8785125521196612,-0.75666503681061,-0.31378087963814716,-0.16358429537944472,-0.2810340801679643,-0.17453775587990636,-0.15632277481226584,-0.12457529216100535,-0.14065746898533213,0.27461751819054514,0.25885993080091113,1.0442381319422414,0.11563430115461053,-0.23855760955043356,-0.037025965796554844,0.0,0.0,3.119326638433061,-0.152764617646354,0.12066573775241146,0.19410172818510446,-1.0485565790508873,0.5493971881446129
-0.296458740693399,0.8858113669445872,-0.31378087963814716,-0.16358429537944472,-0.34864856924026805,-0.1151257446135884,-0.1604103314954733,-0.12726169781785823,-0.14065746898533213,-1.995553965517959,-0.829101214163446,1.0442381319422414,1.4636538242568193,-0.23855760955043356,-1.8477494206667773,0.0,0.0,-0.6795080808743245,-0.12777987599819635,1.3461489899198527,-1.5295924457283114,-1.0485565790508873,0.5493971881446129
-1.264104996488448,-0.75666503681061,-0.31378087963814716,-0.05811712662431912,-0.02747974614682507,-0.1151257446135884,-0.12975365637141748,-0.12188888650415249,-0.14065746898533213,0.27461751819054514,0.7423982174517365,1.0442381319422414,-0.2935311734739834,-0.23855760955043356,-0.9091817615581735,0.0,0.0,0.23221225175944812,-0.12839372451045483,0.08020828975698321,0.7560473236613369,0.9536919799837233,0.5493971881446129
0.301962589625754,-0.75666503681061,1.0009841999861062,0.04735004213080647,0.936026723133504,0.18193431171800137,0.06338339691013413,-0.07890639599450656,-0.14065746898533213,0.27461751819054514,1.1957153611868854,1.0442381319422414,0.24352033936328812,-0.23855760955043356,-1.7588400320270012,0.0,0.0,2.7068817260511167,-0.12645584940956417,0.6756377459576545,-1.4419550519731112,0.9536919799837233,0.5493971881446129
0.09955537495898167,0.8858113669445872,-0.31378087963814716,-0.1300265598664502,-0.1739778058034833,-0.14483175024674738,-0.11033776212618213,-0.11920248084729962,-0.04363882816107301,0.27461751819054514,0.3948550739214558,1.0442381319422414,0.8666922189431894,-0.23855760955043356,0.4455552886209121,0.0,0.0,0.641943710770459,-0.14395093634504616,0.43836893607345584,-0.03001926369489107,0.9536919799837233,0.5493971881446129
1.5862907215650435,0.06457316506698858,-0.31378087963814716,-0.15879033316330265,-0.35428310999629337,-0.17453775587990636,-0.16347599900787887,-0.12726169781785823,-0.14065746898533213,0.27461751819054514,-0.6628849281272247,1.0442381319422414,-0.29122366146712253,-0.23855760955043356,0.8391305446245203,0.0,0.0,-0.5899641196335075,-0.14626342603316567,0.9297763856836935,-2.2068190440659854,0.9536919799837233,0.5493971881446129
1.4177905978462855,0.06457316506698858,-0.31378087963814716,-0.16358429537944472,-0.365552191508344,-0.17453775587990636,-0.16449788817868072,-0.12726169781785823,-0.14065746898533213,0.27461751819054514,-0.013130355440178116,1.0442381319422414,0.12769199932270395,-0.23855760955043356,-0.5833938353705016,0.0,0.0,-0.6740811741324568,-0.14834789348227057,-0.3695037486790324,-0.51130119711778,-1.0485565790508873,-1.8201767711573702
-0.3442133840514802,0.8858113669445872,-0.31378087963814716,-0.16358429537944472,-0.33174494697219215,-0.17453775587990636,-0.16347599900787887,-0.12726169781785823,-0.14065746898533213,0.27461751819054514,1.437484504512298,1.0442381319422414,1.0454022983466433,-0.23855760955043356,-1.7135136770341735,0.0,0.0,-0.6740811741324568,-0.11148573227704661,0.25910696682602397,0.3228214850188554,-1.0485565790508873,0.5493971881446129
0.5808548834920548,0.06457316506698858,-0.31378087963814716,-0.16358429537944472,-0.34864856924026805,-0.17453775587990636,-0.16449788817868072,-0.12726169781785823,-0.14065746898533213,0.27461751819054514,-0.9046540714526374,1.0442381319422414,-0.691971316329514,-0.23855760955043356,1.5752620419646008,0.0,0.0,0.8128912731392914,-0.15341938919200618,-0.8053730648020195,-0.15498369553100902,-1.0485565790508873,-1.8201767711573702
0.7071652680922913,0.8858113669445872,-0.31378087963814716,-0.16358429537944472,-0.35428310999629337,-0.17453775587990636,-0.1522352181290584,-0.12726169781785823,-0.14065746898533213,0.27461751819054514,-0.8593223570791225,1.0442381319422414,0.6154240941399205,-0.23855760955043356,0.30748001876779374,0.0,0.0,-0.1748057538806289,-0.15228691230324348,2.6855336471000912,-1.2796635820560756,-1.0485565790508873,0.5493971881446129
-1.4812656782089366,0.8858113669445872,-0.31378087963814716,-0.16358429537944472,-0.34864856924026805,-0.17453775587990636,-0.16143222066627516,-0.12726169781785823,-0.14065746898533213,0.27461751819054514,-1.0708703574888587,1.0442381319422414,2.157659967079736,-0.23855760955043356,1.5752620419646008,0.0,0.0,-0.581823759520706,-0.14407854712799323,-0.6297126490264175,-0.03001926369489107,-1.0485565790508873,0.5493971881446129
0.2749145666939411,-1.5779032386882086,-0.31378087963814716,-0.16358429537944472,-0.365552191508344,-0.17453775587990636,-0.16449788817868072,-0.12726169781785823,-0.14065746898533213,0.27461751819054514,0.561071359957677,1.0442381319422414,-0.4531250463969518,-0.23855760955043356,-0.5641201221800102,0.0,0.0,-0.6659408140196552,-0.1490061463609353,1.9915405920719578,-0.4986358830803351,-1.0485565790508873,-1.8201767711573702
-1.4298873762762585,-0.75666503681061,-0.31378087963814716,-0.16358429537944472,-0.2810340801679643,-0.17453775587990636,-0.1604103314954733,-0.12726169781785823,-0.14065746898533213,0.27461751819054514,-0.9802069287418289,1.0442381319422414,-0.40805971244741185,-0.23855760955043356,1.5752620419646008,0.0,0.0,-0.6632273606487213,-0.06975098654469536,-0.5668106997522169,-0.9672525024657791,-1.0485565790508873,0.5493971881446129
-0.927751830939253,0.8858113669445872,-0.31378087963814716,-0.1348205220825923,-0.34301402848424273,-0.17453775587990636,-0.15836655315386958,-0.12591849498943178,-0.12125374082048031,0.27461751819054514,-0.5571109279223566,1.0442381319422414,-0.33150873184512625,-0.23855760955043356,1.2749978785758838,0.0,0.0,1.3175936001329869,-0.15347977978093374,0.525188694702774,0.06863686670204398,0.9536919799837233,0.5493971881446129
1.225477860637319,0.06457316506698858,-0.31378087963814716,-0.16358429537944472,-0.365552191508344,-0.17453775587990636,-0.16449788817868072,-0.12726169781785823,-0.14065746898533213,-1.995553965517959,-0.6024426422958715,1.0442381319422414,0.9479687042425683,-0.23855760955043356,-0.05474341643129381,0.0,0.0,-0.6605139072777876,-0.1493718424046379,1.2098853973525376,-0.08357544876751138,-1.0485565790508873,-1.8201767711573702
1.4111903625854125,0.06457316506698858,-0.31378087963814716,-0.15879033316330265,-0.23595775411976175,-0.17453775587990636,-0.1450819939334454,-0.12726169781785823,-0.14065746898533213,0.27461751819054514,0.1379753591382048,1.0442381319422414,-0.12366055963076741,-0.23855760955043356,1.03192688916597,0.0,0.0,-0.08526179263981197,-0.139259288997787,-0.3695037486790324,0.4385973556905529,0.9536919799837233,0.5493971881446129
1.248902224994535,0.8858113669445872,-0.31378087963814716,-0.12043863543416607,-0.3599176507523187,-0.17453775587990636,-0.16347599900787887,-0.12726169781785823,-0.14065746898533213,0.27461751819054514,-1.0104280716575054,1.0442381319422414,-0.027174186251669778,-0.23855760955043356,1.5752620419646008,0.0,0.0,-0.7392040550348691,0.15269308969372505,0.9494396672975342,0.9072139750759969,0.9536919799837233,0.5493971881446129
-1.6361770822729562,-1.5779032386882086,-0.31378087963814716,-0.16358429537944472,-0.35428310999629337,-0.17453775587990636,-0.16449788817868072,-0.12726169781785823,-0.14065746898533213,0.27461751819054514,-0.6326637852115481,1.0442381319422414,-0.4063071716827074,-0.23855760955043356,0.8837445747663433,0.0,0.0,3.1464611721424,-0.1541700399019838,-0.5976524898668184,0.02678275077607179,-1.0485565790508873,-1.8201767711573702
-0.5492089262715361,-1.5779032386882086,-0.31378087963814716,0.1432292864536479,0.2429782101423901,0.06311028918536546,-0.034717963486844465,-0.08293600447978587,-0.14065746898533213,-1.995553965517959,1.5130373618014894,1.0442381319422414,-1.2616972826382553,-0.23855760955043356,-0.9023462547971588,0.0,0.0,0.9160025012347776,-0.1270913171626188,-0.5782055760576401,0.8375909344815877,0.9536919799837233,0.5493971881446129
-1.3923566267536474,0.06457316506698858,-0.31378087963814716,-0.13961448429873435,-0.12890147975528074,-0.17453775587990636,-0.1317974347130212,-0.11785927801887318,-0.10185001265562847,0.27461751819054514,0.3193022166322643,1.0442381319422414,-0.17166699958543563,-0.23855760955043356,-0.44526555750531,0.0,0.0,-0.4814259847961536,-0.08569501879491943,-0.5269982379698451,1.1805736697175053,0.9536919799837233,0.5493971881446129
1.4822399539230455,0.06457316506698858,-0.31378087963814716,0.07131985321151683,0.7162796336485167,-0.14483175024674738,-0.04084929851165563,-0.0842792073082123,0.5772804731141854,0.27461751819054514,-0.2700100702234291,1.0442381319422414,0.260709843363763,-0.23855760955043356,0.17402927948391939,0.0,0.0,0.4275808944666851,-0.08571357935398208,-0.45137039484202884,0.6934590258826371,0.9536919799837233,0.5493971881446129
1.5765844932402302,-2.399141440565807,-0.31378087963814716,-0.16358429537944472,-0.34864856924026805,-0.14483175024674738,-0.16347599900787887,-0.12726169781785823,-0.14065746898533213,0.27461751819054514,-0.16423607001856105,1.0442381319422414,-1.1694871293948368,-0.23855760955043356,-0.5641201221800102,0.0,0.0,-0.7256367881801998,-0.05209669477974136,-0.07111393835390431,0.11642342986306017,-1.0485565790508873,0.5493971881446129
-0.6364355648171912,-0.75666503681061,-0.31378087963814716,0.05214400434694854,1.9671476814861368,-0.1151257446135884,1.0607472276127499,0.10242598584306217,-0.04363882816107301,-1.995553965517959,0.24374935934307287,1.0442381319422414,-0.5451408001605882,-0.23855760955043356,0.32141168935237396,0.0,0.0,-0.6442331870521845,1.6160867579103708,0.01712614564697976,0.27895872710869896,0.9536919799837233,0.5493971881446129
-1.5794927088560466,-2.399141440565807,-0.31378087963814716,-0.16358429537944472,-0.365552191508344,-0.17453775587990636,-0.162454109837077,-0.12726169781785823,-0.14065746898533213,0.27461751819054514,0.3344127880901026,1.0442381319422414,-0.5412528105649415,-0.23855760955043356,0.16371092335372342,0.0,0.0,-0.7256367881801998,-0.12889286395729127,0.88008349752086,0.8782273800624644,-1.0485565790508873,0.5493971881446129
0.6099735684664945,0.8858113669445872,-0.31378087963814716,-0.16358429537944472,-0.34864856924026805,-0.17453775587990636,-0.162454109837077,-0.12726169781785823,-0.14065746898533213,0.27461751819054514,0.1379753591382048,1.0442381319422414,0.4061206542409458,-0.23855760955043356,-0.46224478103026717,0.0,0.0,-0.14767122017129045,-0.15168624750313942,-1.4612372771973,-1.2350334278288906,-1.0485565790508873,0.5493971881446129
0.6658814436174189,0.8858113669445872,-0.31378087963814716,-0.16358429537944472,-0.365552191508344,-0.17453775587990636,-0.16449788817868072,-0.12726169781785823,-0.14065746898533213,0.27461751819054514,-0.572221499380195,1.0442381319422414,-0.04323914326145895,-0.23855760955043356,-0.2750144243226304,0.0,0.0,-0.7229233348092661,-0.13254982439431745,1.6646001096915513,0.17262576090421944,-1.0485565790508873,-1.8201767711573702
1.481075206524068,0.8858113669445872,1.6583667397982327,-0.02455939111132462,-0.2134195910956605,-0.17453775587990636,-0.09500942456415422,-0.12054568367572605,-0.14065746898533213,0.27461751819054514,0.9086145034879578,1.0442381319422414,-0.5170176754187441,-0.23855760955043356,-1.8054900198935497,0.0,0.0,-0.7174964280673983,0.32335124342161375,-0.45137039484202884,0.12271504188258699,0.9536919799837233,0.5493971881446129
-1.6451068123317842,-1.5779032386882086,-0.31378087963814716,-0.014971466679040472,-0.2923031616800149,-0.17453775587990636,-0.14610388310424724,-0.12591849498943178,-0.14065746898533213,0.27461751819054514,0.07753307330685164,1.0442381319422414,-1.2622480811643049,-0.23855760955043356,-0.8493710773992919,0.0,0.0,0.18879699782450657,-0.14822251198157255,-0.5976524898668184,0.5323206795676414,0.9536919799837233,0.5493971881446129
-0.2753638711341382,0.8858113669445872,-0.31378087963814716,-0.16358429537944472,-0.35428310999629337,-0.17453775587990636,-0.16449788817868072,-0.12726169781785823,-0.14065746898533213,-1.995553965517959,-1.0255386431153437,1.0442381319422414,1.3094302369628372,-0.23855760955043356,1.5752620419646008,0.0,0.0,-0.7174964280673983,-0.10329414089810797,1.0092000616362544,-1.904485741236667,-1.0485565790508873,-1.8201767711573702
-1.4816539273419291,-1.5779032386882086,-0.31378087963814716,-0.16358429537944472,-0.3148413247041162,-0.14483175024674738,-0.16143222066627516,-0.12726169781785823,-0.14065746898533213,0.27461751819054514,0.07753307330685164,1.0442381319422414,-0.0470363149183184,-0.23855760955043356,-0.27886916696072844,0.0,0.0,0.44114816132135437,-0.15096882696245853,-0.6297126490264175,-0.5923592069574235,-1.0485565790508873,0.5493971881446129
-1.7399690171596258,0.06457316506698858,0.34360166017397953,-0.15399637094716057,-0.33174494697219215,-0.17453775587990636,-0.1573446639830677,-0.12726169781785823,-0.14065746898533213,0.27461751819054514,1.029499075150664,1.0442381319422414,-0.07421364657984196,-0.23855760955043356,-0.6588713135990026,0.0,0.0,0.0287032489394096,-0.15070586036687703,-1.1699181340241418,0.0486296794187493,0.9536919799837233,0.5493971881446129
-0.5203490740524247,0.8858113669445872,-0.31378087963814716,-0.06770505105660327,-0.33174494697219215,-0.14483175024674738,-0.1604103314954733,-0.12726169781785823,-0.06304255632592483,-1.995553965517959,-0.4060052133439737,1.0442381319422414,0.2943586260460862,-0.23855760955043356,1.0998437832657988,0.0,0.0,-0.7120695213255306,-0.05675100806322923,-0.5782055760576401,-0.732944192773057,0.9536919799837233,0.5493971881446129
-1.0307672675599375,0.06457316506698858,0.34360166017397953,-0.1492024087310185,-0.2528613763878377,-0.1151257446135884,-0.15427899647066212,-0.12591849498943178,-0.12125374082048031,0.27461751819054514,-1.0557597860310204,1.0442381319422414,1.6399093525927977,-0.23855760955043356,1.5752620419646008,0.0,0.0,-0.13681740668755507,-0.14002773452563558,-2.5432043536965194,2.594233804863596,0.9536919799837233,0.5493971881446129
0.495310657856034,-0.75666503681061,0.34360166017397953,0.17678702196664242,-0.016210664634774438,-0.14483175024674738,-0.048002522707268645,-0.0842792073082123,0.5384730167844817,0.27461751819054514,-0.3304523560547823,1.0442381319422414,-1.109952288711498,-0.23855760955043356,0.2835596032357794,0.0,0.0,2.009524209721118,-0.1449488677695601,3.540540776562717,0.8895303290614525,0.9536919799837233,0.5493971881446129
-0.09883993200020119,0.06457316506698858,-0.31378087963814716,-0.16358429537944472,-0.26976499865591363,-0.17453775587990636,-0.162454109837077,-0.12591849498943178,-0.14065746898533213,0.27461751819054514,-0.572221499380195,1.0442381319422414,0.9273763502572924,-0.23855760955043356,0.34174439777311333,0.0,0.0,-0.7093560679545968,0.07589692051617515,0.25366429330206547,-0.6886155936420023,-1.0485565790508873,0.5493971881446129
1.3414349350244212,-2.399141440565807,-0.31378087963814716,-0.06770505105660327,-0.19088142807155922,-0.1151257446135884,-0.162454109837077,-0.12054568367572605,0.5578767449493335,-1.995553965517959,2.5405562209344934,1.0442381319422414,-1.4292067980151375,-0.23855760955043356,-1.1011666736731023,0.0,0.0,-0.6279524668265813,-0.03746885303163662,1.384564273264258,0.05483312829259655,0.9536919799837233,0.5493971881446129
-0.10272242333012649,-2.399141440565807,-0.31378087963814716,-0.16358429537944472,-0.258495917143863,-0.17453775587990636,-0.1604103314954733,-0.12726169781785823,-0.14065746898533213,0.27461751819054514,-0.10379378418720787,1.0442381319422414,-1.1274776963585416,7.447536692619099,0.9040833238015842,0.0,0.0,0.19965081130824197,-0.14563900267324117,0.25366429330206547,-1.4083034383579618,-1.0485565790508873,0.5493971881446129
-1.589328353558524,0.06457316506698858,-0.31378087963814716,0.06652589099537476,0.47962892189545336,-0.08541973898042943,0.06031772939772855,-0.050699136597551424,-0.14065746898533213,0.27461751819054514,-0.14912549856072274,1.0442381319422414,0.38280351663816486,1.564410005756267,-0.8822846491553626,0.0,0.0,1.0272540894430653,-0.11892035528086098,0.88008349752086,0.8639570563634945,0.9536919799837233,0.5493971881446129
-0.09728693546823107,0.8858113669445872,-0.31378087963814716,-0.16358429537944472,-0.365552191508344,-0.17453775587990636,-0.16449788817868072,-0.12726169781785823,-0.14065746898533213,0.27461751819054514,-0.31534178459694395,1.0442381319422414,1.0266869935905378,-0.23855760955043356,0.30748001876779374,0.0,0.0,-0.457004904457749,-0.1530288028416641,0.25366429330206547,-0.4118550276385854,-1.0485565790508873,-1.8201767711573702
1.6493164974874976,0.06457316506698858,-0.31378087963814716,-0.16358429537944472,-0.34864856924026805,-0.17453775587990636,-0.16449788817868072,-0.12726169781785823,-0.14065746898533213,0.27461751819054514,-0.16423607001856105,1.0442381319422414,0.3069769195519573,-0.23855760955043356,-0.02927458114385742,0.0,0.0,-0.7039291612127291,-0.11060806177216033,1.5074031198841442,0.05784635243987968,-1.0485565790508873,-1.8201767711573702
-1.5798809579890394,0.8858113669445872,-0.31378087963814716,-0.16358429537944472,-0.34301402848424273,-0.17453775587990636,-0.15938844232467142,-0.12726169781785823,-0.14065746898533213,0.27461751819054514,-0.572221499380195,1.0442381319422414,0.6444661982407349,-0.23855760955043356,0.34174439777311333,0.0,0.0,1.4451259085668777,-0.1535387809472742,0.88008349752086,1.0338671154504429,-1.0485565790508873,0.5493971881446129
0.5703721569012565,0.06457316506698858,-0.31378087963814716,-0.16358429537944472,-0.3599176507523187,-0.17453775587990636,-0.16347599900787887,-0.12726169781785823,-0.14065746898533213,0.27461751819054514,0.10775421622252823,1.0442381319422414,-0.07858204868299677,-0.23855760955043356,-0.5119400693959959,0.0,0.0,0.45471542817602356,-0.15379502312370769,-0.8053730648020195,0.22143355646315144,-1.0485565790508873,0.5493971881446129
0.821957595080416,0.06457316506698858,-0.31378087963814716,-0.16358429537944472,-0.35428310999629337,-0.17453775587990636,-0.16449788817868072,-0.12726169781785823,-0.14065746898533213,0.27461751819054514,-0.8593223570791225,1.0442381319422414,-0.4063071716827074,-0.23855760955043356,1.5752620419646008,0.0,0.0,-0.6198121067137798,-0.14425209779280124,0.21014974599229677,1.7403101873167865,-1.0485565790508873,-1.8201767711573702
-1.3405900756879765,0.8858113669445872,-0.31378087963814716,-0.15879033316330265,-0.20778505033963518,-0.14483175024674738,-0.13792876973783236,-0.12323208933257893,-0.14065746898533213,0.27461751819054514,-0.7233272139585779,1.0442381319422414,0.36481076478720037,-0.23855760955043356,0.30748001876779374,0.0,0.0,1.282318706310847,-0.14852083927880982,-0.4616244828756293,1.4973237920798894,0.9536919799837233,0.5493971881446129
-0.16018329501302095,-2.399141440565807,-0.31378087963814716,-0.16358429537944472,-0.365552191508344,-0.17453775587990636,-0.16449788817868072,-0.12726169781785823,-0.14065746898533213,0.27461751819054514,-0.20956778439207593,1.0442381319422414,-1.6909195522109852,-0.23855760955043356,-1.4175348652540896,0.0,0.0,-0.6985022544708615,-0.14489206586928083,-0.3264081370708519,-1.2284486509756987,-1.0485565790508873,-1.8201767711573702
-0.0022953142627253806,0.8858113669445872,-0.31378087963814716,-0.16358429537944472,-0.3204758654601415,-0.17453775587990636,-0.16347599900787887,-0.12726169781785823,-0.14065746898533213,0.27461751819054514,-0.8593223570791225,1.0442381319422414,1.637155359962548,-0.23855760955043356,0.9413710303661973,0.0,0.0,-0.6985022544708615,-0.06809589669173093,-0.8612912158775589,-0.6548414228754825,-1.0485565790508873,0.5493971881446129
-1.5178905130878986,-2.399141440565807,-0.31378087963814716,-0.16358429537944472,-0.35428310999629337,-0.17453775587990636,-0.162454109837077,-0.12726169781785823,-0.14065746898533213,0.27461751819054514,1.7245853622112255,1.0442381319422414,-0.4273376608591592,-0.23855760955043356,-1.3225254396280997,0.0,0.0,0.6989262315600698,-0.15362383369243449,0.1997550234776168,-0.21845769265411544,-1.0485565790508873,0.5493971881446129
1.41080211345242,-1.5779032386882086,-0.31378087963814716,0.19116890861506863,-0.06692153143900229,-0.17453775587990636,-0.12055665383420074,-0.10577045256303527,-0.004831371831369356,0.27461751819054514,1.0597202180663408,1.0442381319422414,-0.47078119914866373,-0.23855760955043356,-1.0215052745143753,0.0,0.0,-0.12053668646195198,-0.11827330635632002,-0.3695037486790324,-0.598822884466188,0.9536919799837233,0.5493971881446129
-0.6822489625103098,-1.5779032386882086,-0.31378087963814716,-0.16358429537944472,-0.3261104062161668,-0.17453775587990636,-0.16347599900787887,-0.12726169781785823,-0.14065746898533213,0.27461751819054514,-0.05846206981369299,1.0442381319422414,-0.6363573560628965,-0.23855760955043356,0.1289191704302153,0.0,0.0,-0.6957888010999276,-0.08221283955525115,-0.32224024759188413,1.6068387871162366,-1.0485565790508873,0.5493971881446129
-1.1647132184423605,-0.75666503681061,-0.31378087963814716,-0.1300265598664502,-0.24722683563181239,-0.08541973898042943,-0.13281932388382306,-0.12591849498943178,-0.14065746898533213,0.27461751819054514,-0.028240926898016407,1.0442381319422414,-0.022500744212458186,-0.23855760955043356,0.4811487890687261,0.0,0.0,3.515490830589403,-0.15233796595604615,-0.8250350993391762,-0.8517031990556695,0.9536919799837233,0.5493971881446129
1.1145680249791194,-2.399141440565807,-0.31378087963814716,-0.15879033316330265,-0.365552191508344,-0.17453775587990636,-0.16449788817868072,-0.12726169781785823,-0.14065746898533213,0.27461751819054514,-0.22467835584991422,1.0442381319422414,0.33910683357153665,-0.23855760955043356,-0.32641099283060854,0.0,0.0,0.2946216792909266,-0.1540895128322989,2.3081001784106907,-0.27994812736712865,0.9536919799837233,-1.8201767711573702
1.5834435612564317,0.8858113669445872,1.0009841999861062,-0.13961448429873435,-0.11199785748720481,-0.17453775587990636,-0.11442531880938957,-0.12054568367572605,-0.14065746898533213,0.27461751819054514,2.1627919344885362,1.0442381319422414,-0.08194247605404922,-0.23855760955043356,-0.832360699335756,0.0,0.0,-0.4461510909740136,-0.08967280202257924,0.9297763856836935,0.32251800960424964,0.9536919799837233,0.5493971881446129
-1.3404606593103123,0.8858113669445872,-0.31378087963814716,-0.08208693770502949,-0.23032321336373643,-0.17453775587990636,-0.13588499139622864,-0.12591849498943178,0.1115909971577416,0.27461751819054514,0.198417644969558,1.0442381319422414,-0.1319093605232857,0.6443873915813978,0.40832631606754005,0.0,0.0,0.7911836461718206,-0.1476954658503197,-0.4616244828756293,-0.09392152997472449,0.9536919799837233,0.5493971881446129
0.9298908540523394,-1.5779032386882086,1.0009841999861062,2.3484519058790014,8.328544195038718,4.103127055294986,2.781608591243083,1.3623502389070583,2.8863241247315523,0.27461751819054514,1.996575648452315,1.0442381319422414,-0.6067664889073036,-0.23855760955043356,-0.57445530171694,0.0,0.0,2.7747180603244628,0.028491877813983848,0.8753350659853014,0.9207970654929656,0.9536919799837233,0.5493971881446129
1.2706441764421166,0.06457316506698858,-0.31378087963814716,-0.13961448429873435,-0.2134195910956605,-0.17453775587990636,-0.11749098632179515,-0.12591849498943178,-0.14065746898533213,-1.995553965517959,-0.6477743566693864,1.0442381319422414,-0.6431505378841791,2.9760607575561147,-0.20755642815590833,0.0,0.0,-0.5248412387310952,-0.10073426859218963,-1.2083802365953147,-0.03001926369489107,0.9536919799837233,0.5493971881446129
0.2745263175609486,0.8858113669445872,-0.31378087963814716,-0.16358429537944472,-0.365552191508344,-0.17453775587990636,-0.16449788817868072,-0.12726169781785823,-0.14065746898533213,0.27461751819054514,-0.36067349897045886,1.0442381319422414,0.44577814811654076,-0.23855760955043356,1.35153580257693,0.0,0.0,-0.6903618943580598,-0.1464077797346272,1.9915405920719578,0.6683113848010639,-1.0485565790508873,-1.8201767711573702
-1.6033053223462552,0.06457316506698858,-0.31378087963814716,-0.1492024087310185,-0.33174494697219215,-0.17453775587990636,-0.162454109837077,-0.12726169781785823,-0.14065746898533213,2.544789001899049,-0.8139906427056076,1.0442381319422414,1.6371553599625486,4.776649972190805,0.48859173636733816,0.0,0.0,-0.687648440987126,-0.10073426859218963,-1.68924287342001,0.773323512394442,0.9536919799837233,0.5493971881446129
-0.1282174497299693,0.06457316506698858,-0.31378087963814716,-0.16358429537944472,-0.35428310999629337,-0.17453775587990636,-0.16347599900787887,-0.12726169781785823,-0.14065746898533213,0.27461751819054514,-0.52688978500668,1.0442381319422414,0.3326808507676208,-0.23855760955043356,1.0047601315260373,0.0,0.0,-0.687648440987126,-0.13145273626320958,-0.8463320514089613,-0.26432757338761304,-1.0485565790508873,0.5493971881446129
0.07406034855913887,0.8858113669445872,-0.31378087963814716,-0.019765428895182544,-0.12326693899925543,-0.17453775587990636,-0.16143222066627516,-0.12726169781785823,-0.14065746898533213,0.27461751819054514,-0.36067349897045886,1.0442381319422414,-0.15569384232998726,-0.23855760955043356,1.5752620419646008,0.0,0.0,-0.6062448398591106,-0.01933032926398673,1.7862885274902995,0.7050656294587473,0.9536919799837233,0.5493971881446129
-0.16031271139068512,0.8858113669445872,-0.31378087963814716,-0.16358429537944472,-0.35428310999629337,-0.17453775587990636,-0.162454109837077,-0.12726169781785823,-0.14065746898533213,0.27461751819054514,-0.4815580706331652,1.0442381319422414,-1.0149395429678845,-0.23855760955043356,1.3099123161792223,0.0,0.0,-0.687648440987126,-0.13145273626320958,-0.3264081370708519,0.9290100969078781,-1.0485565790508873,0.5493971881446129
-1.7201683113770068,0.06457316506698858,-0.31378087963814716,-0.16358429537944472,-0.365552191508344,-0.17453775587990636,-0.16449788817868072,-0.12726169781785823,-0.14065746898533213,0.27461751819054514,1.649032504922034,1.0442381319422414,-0.5309015968857269,-0.23855760955043356,-1.7113250507792936,0.0,0.0,-0.6062448398591106,-0.15141974024937258,-1.1699181340241418,0.4385973556905529,-1.0485565790508873,-1.8201767711573702
-0.9194691827687456,-0.75666503681061,-0.31378087963814716,-0.16358429537944472,-0.21905413185168582,-0.17453775587990636,-0.16143222066627516,-0.12726169781785823,-0.14065746898533213,0.27461751819054514,-1.0104280716575054,1.0442381319422414,-1.3226523195211142,-0.23855760955043356,1.5752620419646008,0.0,0.0,-0.6849349876161922,0.04298427658293949,0.525188694702774,0.20428904599783093,-1.0485565790508873,0.5493971881446129
-0.3548255270199427,-2.399141440565807,-0.31378087963814716,-0.1492024087310185,-0.24722683563181239,-0.14483175024674738,-0.14406010476264353,-0.12591849498943178,-0.14065746898533213,0.27461751819054514,0.3495233595479409,1.0442381319422414,-1.63624028035221,-0.23855760955043356,0.2945434675106839,0.0,0.0,2.202179399057421,-0.1513772723217168,0.25910696682602397,0.7924507213489489,0.9536919799837233,0.5493971881446129
0.4016132004271701,0.06457316506698858,-0.31378087963814716,-0.16358429537944472,-0.34864856924026805,-0.17453775587990636,-0.16449788817868072,-0.12726169781785823,-0.14065746898533213,0.27461751819054514,0.5761819314155153,1.0442381319422414,-0.5110840731153882,-0.23855760955043356,0.46455035792492155,0.0,0.0,-0.6822215342452583,-0.12656570731554734,-1.2076488261201908,-0.2954304463556739,-1.0485565790508873,-1.8201767711573702
0.3235751246956715,0.06457316506698858,-0.31378087963814716,-0.15399637094716057,0.02886566141342809,0.12252230045168341,-0.12055665383420074,-0.12054568367572605,2.129578726302331,0.27461751819054514,-0.5117792135488418,1.0442381319422414,0.299265740187258,-0.23855760955043356,1.0186748122684426,0.0,0.0,-0.6822215342452583,0.3411927776749839,0.22490829069474474,0.8386359332147132,0.9536919799837233,0.5493971881446129
-1.5265614103913985,-0.75666503681061,-0.31378087963814716,-0.16358429537944472,-0.3599176507523187,-0.17453775587990636,-0.16449788817868072,-0.12726169781785823,-0.14065746898533213,0.27461751819054514,-1.040649214573182,1.0442381319422414,-2.237712270798738,-0.23855760955043356,1.5752620419646008,0.0,0.0,-0.6822215342452583,-0.14052864716601093,0.1997550234776168,0.9072139750759969,-1.0485565790508873,-1.8201767711573702
-0.6825077952656381,-2.399141440565807,-0.31378087963814716,-0.16358429537944472,-0.365552191508344,-0.17453775587990636,-0.16449788817868072,-0.12726169781785823,-0.14065746898533213,0.27461751819054514,1.6641430763798724,1.0442381319422414,-1.2879979122571394,-0.23855760955043356,-1.878587361771564,0.0,0.0,-0.6822215342452583,-0.14751011709124276,-0.32224024759188413,-0.6480865887221772,-1.0485565790508873,-1.8201767711573702
-0.24016261640948214,0.06457316506698858,-0.31378087963814716,-0.1300265598664502,-0.23032321336373643,-0.17453775587990636,-0.14916955061665282,-0.12591849498943178,-0.14065746898533213,0.27461751819054514,0.24374935934307287,1.0442381319422414,0.2601590448377125,-0.23855760955043356,-0.30551348695373814,0.0,0.0,1.0543886231524038,-0.14869127212391037,0.353181127794314,0.5879367179122873,0.9536919799837233,0.5493971881446129
0.9485268124359808,0.06457316506698858,-0.31378087963814716,-0.12043863543416607,-0.08945969446310355,0.3898763511501142,-0.09500942456415422,-0.1071136553914617,-0.14065746898533213,0.27461751819054514,-0.7988800712477694,1.0442381319422414,0.9407394735881628,-0.23855760955043356,1.0566239415659078,0.0,0.0,2.2103197591702224,-0.14743311558471447,0.8753350659853014,2.611274409204884,0.9536919799837233,0.5493971881446129
0.21033579423951693,0.8858113669445872,6.26004451848312,0.3158119262347625,0.8289704487690229,0.1522283060848424,1.3877517622693452,2.414078053564957,8.513405292538582,0.27461751819054514,5.638223369791343,1.0442381319422414,-0.222469222079028,-0.23855760955043356,-2.21959441586334,0.0,0.0,1.795161393417344,-0.11950210245001867,-0.5572324372941792,0.7314827428064554,0.9536919799837233,0.5493971881446129
0.6487984817657476,0.06457316506698858,-0.31378087963814716,-0.11564467321802399,-0.24722683563181239,-0.17453775587990636,-0.15836655315386958,-0.12591849498943178,-0.14065746898533213,0.27461751819054514,-1.0708703574888587,1.0442381319422414,2.3889953480207087,-0.23855760955043356,-1.277247510228214,0.0,0.0,-0.6767946275033906,-0.01369861019096641,-1.4612372771973,1.3758305944614408,0.9536919799837233,0.5493971881446129
0.2743969011832844,0.06457316506698858,-0.31378087963814716,-0.16358429537944472,-0.3148413247041162,-0.17453775587990636,-0.162454109837077,-0.12726169781785823,-0.14065746898533213,0.27461751819054514,-0.8442117856212842,1.0442381319422414,0.13347538384622812,-0.23855760955043356,1.5752620419646008,0.0,0.0,2.378553868168121,-0.15315600146556066,1.9915405920719578,2.041759474640757,-1.0485565790508873,0.5493971881446129
-1.1960319818370913,0.8858113669445872,-0.31378087963814716,-0.038941277759750835,-0.3261104062161668,-0.17453775587990636,-0.1604103314954733,-0.12591849498943178,-0.14065746898533213,0.27461751819054514,-0.2548994987655908,1.0442381319422414,0.058505584467209236,-0.23855760955043356,-0.5887107217678798,0.0,0.0,0.3977329073864128,-0.15156601866685362,-0.8250350993391762,-0.1916112014140098,0.9536919799837233,0.5493971881446129
0.11107343257109341,-1.5779032386882086,2.9731318194224863,0.2918421151540522,-0.26976499865591363,-0.17453775587990636,-0.12260043217580445,-0.12457529216100535,-0.08244628449077665,0.27461751819054514,1.0446096466085024,1.0442381319422414,-1.3646167811362517,-0.23855760955043356,-0.5641201221800102,0.0,0.0,3.2061571463029446,-0.15259147561414343,0.43836893607345584,-0.5246701397128605,0.9536919799837233,0.5493971881446129
-0.20754968923810962,0.06457316506698858,-0.31378087963814716,-0.14440844651487644,-0.07255607219502759,-0.17453775587990636,-0.1266879888590119,-0.11785927801887318,-0.14065746898533213,0.27461751819054514,1.3014893613917533,1.0442381319422414,-0.8585357115082889,-0.23855760955043356,-0.7634414418208131,0.0,0.0,1.6377810979031808,-0.14520949587300788,-0.3264081370708519,-0.7169355504959152,0.9536919799837233,0.5493971881446129
1.404978376457532,-0.75666503681061,-0.31378087963814716,-0.16358429537944472,-0.3204758654601415,-0.17453775587990636,-0.16143222066627516,-0.12726169781785823,-0.14065746898533213,0.27461751819054514,-0.7988800712477694,1.0442381319422414,0.4226446100224435,-0.23855760955043356,1.0566239415659078,0.0,0.0,0.07211850287435115,-0.14988381686582156,-0.9421468236501976,-0.9672525024657791,-1.0485565790508873,0.5493971881446129
-0.09754576822355943,-2.399141440565807,-0.31378087963814716,-0.15879033316330265,-0.365552191508344,-0.17453775587990636,-0.16347599900787887,-0.12726169781785823,-0.14065746898533213,0.27461751819054514,2.057017934283668,1.0442381319422414,-0.4746562615061766,-0.23855760955043356,-2.913046826888548,0.0,0.0,-0.6659408140196552,-0.1490061463609353,0.25366429330206547,-0.4919730875440497,0.9536919799837233,0.5493971881446129
0.17901703084478618,-0.75666503681061,-0.31378087963814716,-0.16358429537944472,-0.3204758654601415,-0.17453775587990636,-0.15836655315386958,-0.12591849498943178,-0.12125374082048031,0.27461751819054514,1.7699170765847405,1.0442381319422414,-0.23280563597697868,-0.23855760955043356,-1.7526657689270158,0.0,0.0,0.5741073764971129,-0.1516414199129779,-0.5572324372941792,0.575277203011308,-1.0485565790508873,0.5493971881446129
-0.09767518460122361,0.8858113669445872,-0.31378087963814716,-0.13961448429873435,-0.33174494697219215,-0.17453775587990636,-0.16449788817868072,-0.12726169781785823,-0.14065746898533213,0.27461751819054514,-0.31534178459694395,1.0442381319422414,0.6539799909634157,-0.23855760955043356,0.30748001876779374,0.0,0.0,4.123304385678585,-0.1538919515627737,0.25366429330206547,-0.4118550276385854,0.9536919799837233,-1.8201767711573702
0.2586081031082548,-2.399141440565807,-0.31378087963814716,-0.1300265598664502,0.25988183241046603,0.003698277919047501,-0.09909698124736167,-0.12054568367572605,-0.004831371831369356,0.27461751819054514,-0.19445721293423762,1.0442381319422414,-1.7441967914579972,-0.23855760955043356,0.2870319216194586,0.0,0.0,0.4954172287400313,-0.11676715303452025,1.9915405920719578,-0.6346858693535279,0.9536919799837233,0.5493971881446129
-0.9133866130185293,0.8858113669445872,-0.31378087963814716,-0.16358429537944472,-0.3599176507523187,-0.17453775587990636,-0.16347599900787887,-0.12726169781785823,-0.14065746898533213,0.27461751819054514,-0.39089464188613543,1.0442381319422414,-0.29870116872986147,-0.23855760955043356,0.8766882740806454,0.0,0.0,0.4981306821109651,-0.15381941048100367,0.525188694702774,0.773323512394442,-1.0485565790508873,0.5493971881446129
1.2905742986023998,0.06457316506698858,2.9731318194224863,-0.12523259765030814,-0.20215050958360986,-0.17453775587990636,-0.12464421051740818,-0.12591849498943178,-0.14065746898533213,0.27461751819054514,-0.37578407042829715,1.0442381319422414,-1.1617982863340015,-0.23855760955043356,0.6624589852629006,0.0,0.0,0.5795342832389806,-0.14503004666605776,-0.2977270072934111,0.04495939540678004,0.9536919799837233,0.5493971881446129
-0.7580869598215173,0.06457316506698858,-0.31378087963814716,-0.1300265598664502,-0.23595775411976175,-0.1151257446135884,-0.15121332895825654,-0.12726169781785823,-0.14065746898533213,0.27461751819054514,-0.8744329285369609,1.0442381319422414,1.3094302369628372,-0.23855760955043356,1.5752620419646008,0.0,0.0,-0.3267591426529244,-0.13039867119606674,0.9627557498998675,0.5212944061703368,0.9536919799837233,0.5493971881446129
0.9566800442288239,-2.399141440565807,-0.31378087963814716,-0.16358429537944472,-0.365552191508344,-0.17453775587990636,-0.16449788817868072,-0.12726169781785823,-0.14065746898533213,0.27461751819054514,0.3344127880901026,1.0442381319422414,-1.7919467867547874,-0.23855760955043356,-1.8359864946783533,0.0,0.0,-0.7364906016639352,-0.07769541783892465,0.8753350659853014,-0.4744803872357246,-1.0485565790508873,-1.8201767711573702
-0.537432035904096,-1.5779032386882086,-0.31378087963814716,-0.02455939111132462,-0.09509423521912885,-0.17453775587990636,-0.13384121305462493,-0.11920248084729962,-0.14065746898533213,-1.995553965517959,0.4099656453792941,1.0442381319422414,-1.3196491561290797,-0.23855760955043356,-0.7738634716059529,0.0,0.0,2.3215713473785105,-0.14782548907192197,-0.5782055760576401,-0.8569897684927338,0.9536919799837233,0.5493971881446129
0.6486690653880834,0.8858113669445872,-0.31378087963814716,-0.16358429537944472,-0.2528613763878377,-0.17453775587990636,-0.16143222066627516,-0.12726169781785823,-0.12125374082048031,0.27461751819054514,-0.8139906427056076,1.0442381319422414,-0.04773733122420027,-0.23855760955043356,1.03192688916597,0.0,0.0,0.17251627759890348,-0.1449205510952369,-1.4612372771973,1.1303647462119217,-1.0485565790508873,0.5493971881446129
1.0376946966465985,0.8858113669445872,-0.31378087963814716,-0.16358429537944472,-0.258495917143863,-0.17453775587990636,-0.15325710729986028,-0.12726169781785823,-0.14065746898533213,2.544789001899049,-0.9953175001996671,1.0442381319422414,1.502209721080314,-0.23855760955043356,0.30748001876779374,0.0,0.0,2.5712090575044244,-0.15197574199837302,-0.8936620082071127,1.6361731607866883,-1.0485565790508873,0.5493971881446129
-0.09780460097888778,-1.5779032386882086,-0.31378087963814716,-0.15399637094716057,-0.24722683563181239,-0.17453775587990636,-0.1604103314954733,-0.12591849498943178,-0.14065746898533213,0.27461751819054514,-0.6477743566693864,1.0442381319422414,0.10455846122860668,-0.23855760955043356,-0.5641201221800102,0.0,0.0,2.156050691751546,-0.15132769989680023,0.25366429330206547,-1.3187149670048621,0.9536919799837233,0.5493971881446129
-1.7213330587759843,-0.75666503681061,-0.31378087963814716,-0.15879033316330265,-0.35428310999629337,-0.17453775587990636,-0.16449788817868072,-0.12726169781785823,-0.12125374082048031,0.27461751819054514,-1.0557597860310204,1.0442381319422414,-1.3123707470348487,-0.23855760955043356,1.5752620419646008,0.0,0.0,0.012422528713806518,-0.15283411573926126,-1.1699181340241418,-0.7798058547116021,0.9536919799837233,-1.8201767711573702
1.4273674097934346,-2.399141440565807,-0.31378087963814716,-0.16358429537944472,-0.365552191508344,-0.17453775587990636,-0.16347599900787887,-0.12726169781785823,-0.14065746898533213,0.27461751819054514,1.5734796476328425,1.0442381319422414,-1.5293431999041838,-0.23855760955043356,-2.4405614616811495,0.0,0.0,-0.7256367881801998,-0.12889286395729127,1.5923482278547976,-0.5326694923094449,-1.0485565790508873,0.5493971881446129
-1.6363064986506204,0.06457316506698858,-0.31378087963814716,-0.16358429537944472,-0.365552191508344,-0.17453775587990636,-0.16449788817868072,-0.12726169781785823,-0.14065746898533213,0.27461751819054514,-0.52688978500668,1.0442381319422414,0.7118138361986589,-0.23855760955043356,1.2900110867453192,0.0,0.0,-0.7256367881801998,-0.12889286395729127,-0.5976524898668184,1.328968932522896,-1.0485565790508873,-1.8201767711573702
0.020481968206169716,-2.399141440565807,0.34360166017397953,-0.16358429537944472,-0.01057612387874912,-0.05571373334727045,-0.12566609968821005,-0.12726169781785823,-0.12125374082048031,0.27461751819054514,0.1681965020538814,1.0442381319422414,-0.7941611337762028,-0.23855760955043356,0.5138631388230865,0.0,0.0,2.576635964246292,-0.1464540484598708,0.7937221444573845,-0.09540762919053453,-1.0485565790508873,0.5493971881446129
1.1249213351922536,0.06457316506698858,-0.31378087963814716,-0.12043863543416607,-0.01057612387874912,-0.17453775587990636,-0.10931587295538027,-0.12591849498943178,-0.14065746898533213,0.27461751819054514,-0.7082166425007396,1.0442381319422414,1.5561879766332074,-0.23855760955043356,0.3527579481676808,0.0,0.0,0.9241428613475791,-0.13848196217164332,-0.8039532679973672,-0.5655811144211126,0.9536919799837233,0.5493971881446129
1.3442820953330332,0.06457316506698858,-0.31378087963814716,-0.16358429537944472,-0.34301402848424273,-0.17453775587990636,-0.16143222066627516,-0.12726169781785823,-0.14065746898533213,-1.995553965517959,-0.13401492710288446,1.0442381319422414,0.2172754453095391,-0.23855760955043356,-1.1908078268284317,0.0,0.0,-0.7229233348092661,-0.04478277390568898,1.384564273264258,0.08358476524703465,-1.0485565790508873,0.5493971881446129
-1.5054665408321377,0.06457316506698858,-0.31378087963814716,-0.16358429537944472,-0.34864856924026805,-0.17453775587990636,-0.162454109837077,-0.12726169781785823,-0.14065746898533213,0.27461751819054514,-0.30023121313910567,1.0442381319422414,1.2853328014481524,-0.23855760955043356,1.160351561645646,0.0,0.0,0.3516042000805374,-0.152967097305754,-0.6297126490264175,0.004061944987687313,-1.0485565790508873,0.5493971881446129
0.055424390175497426,0.06457316506698858,-0.31378087963814716,-0.16358429537944472,-0.27539953941193895,-0.14483175024674738,-0.15121332895825654,-0.12726169781785823,-0.14065746898533213,0.27461751819054514,-0.5873320708380333,1.0442381319422414,0.16988928640175124,-0.23855760955043356,0.30748001876779374,0.0,0.0,-0.3050515156854536,-0.13827376246966278,0.7937221444573845,-0.39449885655023675,-1.0485565790508873,0.5493971881446129
-0.9195985991464097,-2.399141440565807,-0.31378087963814716,-0.15879033316330265,-0.3148413247041162,-0.17453775587990636,-0.155300885641464,-0.12726169781785823,-0.14065746898533213,0.27461751819054514,0.561071359957677,1.0442381319422414,0.06256007361729884,-0.23855760955043356,-1.0734968279287265,0.0,0.0,0.35431765345147126,-0.15068979646313052,0.525188694702774,-1.0007251181361687,0.9536919799837233,0.5493971881446129
-0.1283468661076335,0.8858113669445872,-0.31378087963814716,-0.16358429537944472,-0.3599176507523187,-0.17453775587990636,-0.16449788817868072,-0.12726169781785823,-0.14065746898533213,0.27461751819054514,-0.829101214163446,1.0442381319422414,1.6178774115508003,-0.23855760955043356,0.4342582210874752,0.0,0.0,-0.7174964280673983,-0.12035995627089684,-0.8463320514089613,1.8444472138468848,-1.0485565790508873,-1.8201767711573702
-0.37553214744621094,0.8858113669445872,-0.31378087963814716,-0.16358429537944472,-0.35428310999629337,-0.17453775587990636,-0.16449788817868072,-0.12726169781785823,-0.14065746898533213,0.27461751819054514,-0.7082166425007396,1.0442381319422414,1.0009830623748743,-0.23855760955043356,0.7602593127666541,0.0,0.0,-0.7174964280673983,-0.10329414089810797,0.25910696682602397,-0.09696449503566855,-1.0485565790508873,-1.8201767711573702
-0.4300164424428293,-2.399141440565807,-0.31378087963814716,-0.16358429537944472,-0.365552191508344,-0.17453775587990636,-0.16449788817868072,-0.12726169781785823,-0.14065746898533213,-1.995553965517959,0.001980216017660177,1.0442381319422414,-0.9613233507817653,-0.23855760955043356,-0.7067455997896503,0.0,0.0,-0.7147829746964645,-0.1391323531809646,0.22152724227200443,0.7697531000562668,-1.0485565790508873,-1.8201767711573702
0.5807254671143907,0.06457316506698858,-0.31378087963814716,-0.1492024087310185,-0.2866686209239896,-0.08541973898042943,-0.1266879888590119,-0.12054568367572605,-0.14065746898533213,0.27461751819054514,-0.05846206981369299,1.0442381319422414,-0.0014702550360057643,-0.23855760955043356,-0.6746046470888863,0.0,0.0,0.025989795568475752,-0.14635065035454348,-0.8053730648020195,-0.848448289100455,0.9536919799837233,0.5493971881446129
-0.4548643869543513,0.8858113669445872,-0.31378087963814716,-0.04373523997589291,0.16409463955803566,-0.05571373334727045,-0.12770987802981376,-0.12323208933257893,-0.04363882816107301,-1.995553965517959,-0.2851206416812674,1.0442381319422414,0.44920096752842237,-0.23855760955043356,-0.25849409873077983,0.0,0.0,-0.38374166344253513,-0.043951646533637576,0.22152724227200443,-0.5321084987507246,0.9536919799837233,0.5493971881446129
-0.5807865224215952,0.06457316506698858,-0.31378087963814716,-0.16358429537944472,-0.34301402848424273,-0.17453775587990636,-0.16347599900787887,-0.12726169781785823,-0.14065746898533213,0.27461751819054514,-0.7384377854164161,1.0442381319422414,0.899773833213199,-0.23855760955043356,-0.18012845169251598,0.0,0.0,-0.7147829746964645,-0.07769541783892465,-0.28057963301922584,0.47464478795097154,-1.0485565790508873,0.5493971881446129
-1.2551752664296199,0.8858113669445872,-0.31378087963814716,-0.0629110888404612,0.02886566141342809,-0.05571373334727045,-0.07661541948972074,-0.10308404690618239,-0.14065746898533213,0.27461751819054514,-0.5117792135488418,1.0442381319422414,1.463653824256819,-0.23855760955043356,0.46208758257228444,0.0,0.0,-0.6306659201975152,0.11148538915942999,0.08020828975698321,-0.7157996823077365,0.9536919799837233,0.5493971881446129
-0.4373931759696874,0.8858113669445872,-0.31378087963814716,-0.04852920219203498,0.276785454678542,0.3007583342506373,-0.13588499139622864,-0.11248646670516745,0.15039845348744524,-1.995553965517959,-1.0859809289466968,1.0442381319422414,-1.312370747034849,-0.23855760955043356,1.5752620419646008,0.0,0.0,-0.296911155572652,-0.04678964243820336,0.22152724227200443,4.343735850569254,0.9536919799837233,0.5493971881446129
1.0980027286381049,-2.399141440565807,-0.31378087963814716,-0.14440844651487644,-0.34864856924026805,-0.14483175024674738,-0.1604103314954733,-0.12726169781785823,-0.14065746898533213,0.27461751819054514,0.6064030743311919,1.0442381319422414,-2.2812336997888956,-0.23855760955043356,-1.3020519411168467,0.0,0.0,-0.21822100781557047,-0.15130832611792328,1.887783148630462,0.18187694680983105,0.9536919799837233,0.5493971881446129
-0.5055956069987085,0.06457316506698858,-0.31378087963814716,-0.14440844651487644,-0.30920678394809087,-0.17453775587990636,-0.16449788817868072,-0.12726169781785823,-0.14065746898533213,-1.995553965517959,-0.6024426422958715,1.0442381319422414,1.0703836766571655,-0.23855760955043356,0.27125767524788513,0.0,0.0,-0.6252390134556475,-0.11520052371633276,-0.5782055760576401,0.45198640195870843,0.9536919799837233,-1.8201767711573702
-0.5246198145153426,0.8858113669445872,-0.31378087963814716,0.10967155094065341,0.2035364248502129,-0.17453775587990636,-0.11238154046778585,-0.08293600447978587,0.5578767449493335,-1.995553965517959,-0.5873320708380333,1.0442381319422414,-0.7282489101588937,-0.23855760955043356,-0.960302004429012,0.0,0.0,-0.45971835782868287,-0.003852947475895893,-0.5782055760576401,-0.9151839892007299,0.9536919799837233,0.5493971881446129
0.5692074095022789,0.8858113669445872,-0.31378087963814716,-0.16358429537944472,-0.3599176507523187,-0.17453775587990636,-0.16449788817868072,-0.12726169781785823,-0.14065746898533213,0.27461751819054514,0.48551850266848556,1.0442381319422414,-0.5672190267930094,-0.23855760955043356,-1.303906478005717,0.0,0.0,-0.7039291612127291,-0.13254982439431745,-0.8053730648020195,-0.4679787210644643,-1.0485565790508873,-1.8201767711573702
0.18458193508434576,0.06457316506698858,1.0009841999861062,-0.08688089992117157,0.6204924407960862,-0.17453775587990636,0.12265296881664203,-0.0842792073082123,-0.14065746898533213,0.27461751819054514,0.09264364476468993,1.0442381319422414,-0.618364604211932,-0.23855760955043356,1.15266803423233,0.0,0.0,2.7611507934697936,-0.13355258504087617,-0.5572324372941792,0.9650678787038289,0.9536919799837233,0.5493971881446129
-0.614305364236617,-2.399141440565807,-0.31378087963814716,-0.16358429537944472,-0.365552191508344,-0.17453775587990636,-0.16449788817868072,-0.12726169781785823,-0.14065746898533213,-1.995553965517959,1.7548065051269022,1.0442381319422414,-1.4011870093604004,-0.23855760955043356,-1.9493047345668355,0.0,0.0,-0.7039291612127291,-0.14352070570539602,0.01712614564697976,0.421422924613601,-1.0485565790508873,-1.8201767711573702
-1.4485233346599,0.06457316506698858,0.34360166017397953,0.10967155094065341,-0.26976499865591363,-0.17453775587990636,-0.1573446639830677,-0.12188888650415249,0.053379812663186116,0.27461751819054514,-0.43622635625965034,1.0442381319422414,0.23156759407639374,-0.23855760955043356,0.33504049753294185,0.0,0.0,0.1209606635511604,-0.14579768107184626,-0.5668106997522169,0.010730007556016453,0.9536919799837233,0.5493971881446129
-0.2540101688195491,0.8858113669445872,-0.31378087963814716,-0.15399637094716057,-0.29793770243604023,-0.1151257446135884,-0.16143222066627516,-0.12726169781785823,-0.14065746898533213,0.27461751819054514,-0.7535483568742545,1.0442381319422414,2.003436379785754,3.7386879377405497,1.1188605136137502,0.0,0.0,-0.3701743965878659,-0.13991713155212201,-0.8603242518026359,0.41985269091513555,0.9536919799837233,0.5493971881446129
-0.787205644795957,-2.399141440565807,-0.31378087963814716,-0.16358429537944472,-0.365552191508344,-0.17453775587990636,-0.16449788817868072,-0.12726169781785823,-0.14065746898533213,-1.995553965517959,1.7699170765847405,1.0442381319422414,-0.9753020781296005,-0.23855760955043356,-1.574383921914965,0.0,0.0,-0.7012157078417952,-0.14425209779280124,-0.6862124609088535,0.09689773738866612,-1.0485565790508873,-1.8201767711573702
-0.34447221680680856,0.06457316506698858,-0.31378087963814716,-0.15879033316330265,-0.35428310999629337,-0.17453775587990636,-0.162454109837077,-0.12726169781785823,-0.14065746898533213,0.27461751819054514,-1.0255386431153437,1.0442381319422414,2.2347717607267263,-0.23855760955043356,1.5752620419646008,0.0,0.0,0.9485639416859837,-0.1537519770404468,0.25910696682602397,-1.101142965147334,0.9536919799837233,0.5493971881446129
-1.6290591815014264,0.8858113669445872,-0.31378087963814716,-0.16358429537944472,-0.30920678394809087,-0.17453775587990636,-0.16347599900787887,-0.12726169781785823,-0.14065746898533213,0.27461751819054514,-1.0255386431153437,1.0442381319422414,1.6949892051977913,-0.23855760955043356,1.5752620419646008,0.0,0.0,0.12367411692209425,-0.14919529948698837,-0.5976524898668184,2.9155709152993277,-1.0485565790508873,0.5493971881446129
0.3800006653572526,-2.399141440565807,-0.31378087963814716,-0.15879033316330265,-0.3599176507523187,-0.17453775587990636,-0.162454109837077,-0.12726169781785823,-0.14065746898533213,0.27461751819054514,1.543258504717166,1.0442381319422414,-1.1921130688472803,-0.23855760955043356,-1.9702300568061295,0.0,0.0,1.6106465641938423,-0.15413727943088035,0.22490829069474474,-0.28418420980224984,0.9536919799837233,0.5493971881446129
0.6827055727137619,0.8858113669445872,-0.31378087963814716,-0.15399637094716057,-0.29793770243604023,-0.1151257446135884,-0.16143222066627516,-0.12726169781785823,-0.14065746898533213,0.27461751819054514,-0.677995499585063,1.0442381319422414,0.8687914161228903,3.7386879377405497,0.4342582210874752,0.0,0.0,-0.3701743965878659,-0.13991713155212201,0.4406937495547577,0.40735624773152346,0.9536919799837233,0.5493971881446129
1.6490576647321693,-2.399141440565807,-0.31378087963814716,-0.16358429537944472,-0.365552191508344,-0.17453775587990636,-0.16449788817868072,-0.12726169781785823,-0.14065746898533213,0.27461751819054514,-0.2700100702234291,1.0442381319422414,-0.5519627819048012,-0.23855760955043356,0.17402927948391939,0.0,0.0,-0.6985022544708615,-0.14489206586928083,1.5074031198841442,0.13440762030000125,-1.0485565790508873,-1.8201767711573702
0.37560050851667054,0.8858113669445872,-0.31378087963814716,-0.16358429537944472,-0.34864856924026805,-0.17453775587990636,-0.162454109837077,-0.12726169781785823,-0.14065746898533213,0.27461751819054514,-0.677995499585063,1.0442381319422414,0.7353757731463505,-0.23855760955043356,-0.7067455997896503,0.0,0.0,-0.12325013983288584,-0.1517969845891921,0.22490829069474474,-0.5298769910393646,-1.0485565790508873,0.5493971881446129
0.31335123086020156,-0.75666503681061,-0.31378087963814716,-0.16358429537944472,-0.30357224319206555,-0.17453775587990636,-0.16347599900787887,-0.12726169781785823,-0.14065746898533213,0.27461751819054514,-0.37578407042829715,1.0442381319422414,-0.6197416005270571,-0.23855760955043356,0.8906597494383247,0.0,0.0,-0.527554692102029,-0.13116110524101637,0.6756377459576545,-1.2671671388724635,-1.0485565790508873,0.5493971881446129
-0.9137748621515218,0.8858113669445872,-0.31378087963814716,-0.16358429537944472,-0.2641304578998883,-0.17453775587990636,-0.15427899647066212,-0.12726169781785823,-0.14065746898533213,0.27461751819054514,-0.934875214368314,1.0442381319422414,3.314336871784598,-0.23855760955043356,1.5752620419646008,0.0,0.0,2.1940390389446196,-0.15179449419877872,0.525188694702774,-0.03001926369489107,-1.0485565790508873,0.5493971881446129
1.3363876962955183,-2.399141440565807,4.287896899046739,-0.14440844651487644,-0.044383368414901016,-0.14483175024674738,-0.09398753539335236,-0.11651607519044675,-0.14065746898533213,-1.995553965517959,0.8330616461987663,1.0442381319422414,-1.0604722211213458,-0.23855760955043356,-0.18012845169251598,0.0,0.0,3.1871629727064077,-0.14833940771772056,1.384564273264258,-0.4770074237240839,0.9536919799837233,0.5493971881446129
-1.8202071713114154,0.8858113669445872,1.6583667397982327,0.25349041742491557,0.5472434109677572,0.09281629481852444,0.11856541213343459,0.05407068401971051,0.1115909971577416,2.544789001899049,2.102349648657183,1.0442381319422414,-0.4718890918776958,-0.23855760955043356,-1.463860284670734,0.0,0.0,4.83965607560512,-0.142320682227033,-1.6917206589063898,1.152471271202958,0.9536919799837233,0.5493971881446129
-1.2226917556359116,-2.399141440565807,-0.31378087963814716,-0.16358429537944472,-0.33174494697219215,-0.17453775587990636,-0.162454109837077,-0.12726169781785823,-0.14065746898533213,0.27461751819054514,1.1957153611868854,1.0442381319422414,-1.1020658552703289,-0.23855760955043356,-1.09201961722868,0.0,0.0,-0.6903618943580598,-0.09790493604354306,0.08020828975698321,0.2742772423995525,-1.0485565790508873,0.5493971881446129
1.0678487126423517,0.06457316506698858,-0.31378087963814716,-0.16358429537944472,-0.33737948772821746,-0.17453775587990636,-0.16347599900787887,-0.12726169781785823,-0.14065746898533213,0.27461751819054514,-0.7082166425007396,1.0442381319422414,-0.15569384232998779,-0.23855760955043356,1.1677606773656288,0.0,0.0,-0.43801073086121206,-0.14626342603316567,1.887783148630462,-0.09696449503566855,-1.0485565790508873,0.5493971881446129
0.2738792356726277,0.8858113669445872,-0.31378087963814716,-0.16358429537944472,-0.30920678394809087,-0.17453775587990636,-0.162454109837077,-0.12457529216100535,-0.04363882816107301,0.27461751819054514,0.3495233595479409,1.0442381319422414,0.21266326424525314,-0.23855760955043356,-0.40403030037327026,0.0,0.0,-0.687648440987126,-0.07001580092116966,1.9915405920719578,0.04648957212313986,-1.0485565790508873,0.5493971881446129
0.30558624820035096,0.06457316506698858,-0.31378087963814716,-0.10605674878573985,-0.02747974614682507,-0.17453775587990636,-0.11238154046778585,-0.12591849498943178,-0.14065746898533213,0.27461751819054514,0.24374935934307287,1.0442381319422414,-0.3210783471255068,-0.23855760955043356,0.32141168935237396,0.0,0.0,1.2931725197945823,-0.14199941016359313,0.6756377459576545,0.2377616616682205,0.9536919799837233,0.5493971881446129
-1.1161820768182942,0.8858113669445872,-0.31378087963814716,-0.16358429537944472,-0.20215050958360986,-0.17453775587990636,-0.162454109837077,-0.12591849498943178,-0.14065746898533213,0.27461751819054514,0.21352821642739628,1.0442381319422414,1.2862966988687405,-0.23855760955043356,-0.7323861350902611,0.0,0.0,-0.687648440987126,0.07589692051617515,1.095105628498168,-0.3038177379425656,-1.0485565790508873,0.5493971881446129
-1.7582167264102748,0.06457316506698858,-0.31378087963814716,-0.0629110888404612,0.4627252996273774,-0.14483175024674738,-0.09603131373495609,-0.1071136553914617,-0.14065746898533213,0.27461751819054514,-0.5420003564645184,1.0442381319422414,-0.9268117787998947,7.0594948995563245,1.2826969596884157,0.0,0.0,-0.10968287297821659,-0.05693078840465152,-1.1699181340241418,-0.22227223575045715,0.9536919799837233,0.5493971881446129
0.624985868275539,0.06457316506698858,-0.31378087963814716,-0.15879033316330265,-0.30357224319206555,-0.1151257446135884,-0.162454109837077,-0.12726169781785823,-0.14065746898533213,0.27461751819054514,-0.6175532137537099,1.0442381319422414,-0.5219748621531936,-0.23855760955043356,0.5684939647200765,0.0,0.0,-0.6849349876161922,-0.0667245365278461,-1.4612372771973,-1.904485741236667,0.9536919799837233,0.5493971881446129
1.5393125764729474,0.8858113669445872,-0.31378087963814716,-0.16358429537944472,-0.3204758654601415,-0.17453775587990636,-0.15427899647066212,-0.12726169781785823,-0.14065746898533213,0.27461751819054514,-0.6326637852115481,1.0442381319422414,0.5713602120559259,-0.04548743735184487,0.5379858411672146,0.0,0.0,-0.5194143319892275,-0.13763389134335385,-0.7390669220744036,-0.2572273215787425,-1.0485565790508873,0.5493971881446129
-0.6828960443986306,0.8858113669445872,-0.31378087963814716,-0.16358429537944472,-0.34301402848424273,-0.17453775587990636,-0.16347599900787887,-0.12726169781785823,-0.14065746898533213,0.27461751819054514,-0.6477743566693864,1.0442381319422414,1.3711196718804304,-0.23855760955043356,-0.20755642815590833,0.0,0.0,-0.2670631684923797,-0.15010323449204316,-0.32224024759188413,-1.435869121851223,-1.0485565790508873,0.5493971881446129
-1.2784702144091717,0.06457316506698858,-0.31378087963814716,0.018586268833954034,0.564147033235833,-0.14483175024674738,0.12469674715824575,-0.10174084407775597,0.7907214829275554,0.27461751819054514,-0.2397889273077525,1.0442381319422414,-0.07429806014705252,-0.23855760955043356,0.02813821704646438,0.0,0.0,2.1234892513003394,-0.1303473368583812,0.08020828975698321,-0.3477254463290912,0.9536919799837233,0.5493971881446129
-1.5776808795687483,-0.75666503681061,-0.31378087963814716,-0.16358429537944472,-0.34864856924026805,-0.17453775587990636,-0.16347599900787887,-0.12726169781785823,-0.14065746898533213,0.27461751819054514,-0.6931060710429013,1.0442381319422414,-0.7629492173000396,-0.23855760955043356,1.1818124485586958,0.0,0.0,-0.6822215342452583,-0.12656570731554734,0.88008349752086,0.5517117120939367,-1.0485565790508873,0.5493971881446129
1.6220096418003562,0.8858113669445872,-0.31378087963814716,-0.1492024087310185,-0.33174494697219215,-0.17453775587990636,-0.162454109837077,-0.12726169781785823,-0.14065746898533213,0.27461751819054514,0.6215136457890302,1.0442381319422414,0.20639631914283943,4.776649972190805,-0.39198592506492663,0.0,0.0,-0.5953910263753752,-0.13458146908155424,-0.9530319324858647,0.4870749370062879,0.9536919799837233,0.5493971881446129
-1.5727630572175095,0.8858113669445872,-0.31378087963814716,-0.16358429537944472,-0.365552191508344,-0.17453775587990636,-0.16449788817868072,-0.12726169781785823,-0.14065746898533213,0.27461751819054514,0.1530859305960431,1.0442381319422414,0.8563984492867661,-0.23855760955043356,0.36714034927117395,0.0,0.0,-0.6767946275033906,-0.14809190625167876,0.88008349752086,0.47718931258111874,-1.0485565790508873,-1.8201767711573702
0.5805960507367265,0.06457316506698858,-0.31378087963814716,-0.15879033316330265,-0.33737948772821746,-0.17453775587990636,-0.16347599900787887,-0.12591849498943178,-0.14065746898533213,0.27461751819054514,-0.22467835584991422,1.0442381319422414,0.47497046999718734,-0.23855760955043356,-1.0870802067486922,0.0,0.0,-0.5926775730044413,-0.13773605919591822,-0.8053730648020195,-0.9672525024657791,0.9536919799837233,0.5493971881446129
-1.229680240029777,0.8858113669445872,-0.31378087963814716,-0.15879033316330265,-0.3599176507523187,-0.17453775587990636,-0.16449788817868072,-0.12726169781785823,-0.14065746898533213,0.27461751819054514,-0.9499857858261522,1.0442381319422414,0.168175690987374,-0.23855760955043356,0.6244255245669955,0.0,0.0,-0.6686542673905891,-0.14311437676794866,0.08020828975698321,-0.9672525024657791,0.9536919799837233,-1.8201767711573702
-0.1636775372099537,-0.75666503681061,-0.31378087963814716,-0.15879033316330265,-0.365552191508344,-0.17453775587990636,-0.16449788817868072,-0.12726169781785823,-0.14065746898533213,0.27461751819054514,0.001980216017660177,1.0442381319422414,-0.8031116098245142,-0.23855760955043356,-0.8588794425732681,0.0,0.0,-0.5845372128916398,-0.15184344325173146,-0.3264081370708519,-0.7548129683443778,0.9536919799837233,-1.8201767711573702
-0.29671757344872735,0.06457316506698858,-0.31378087963814716,-0.16358429537944472,-0.3261104062161668,-0.17453775587990636,-0.15938844232467142,-0.12054568367572605,-0.14065746898533213,-1.995553965517959,-0.6477743566693864,1.0442381319422414,0.1692772880394732,-0.23855760955043356,-0.20755642815590833,0.0,0.0,-0.581823759520706,-0.13366550723951187,1.3461489899198527,1.2000993621918994,-1.0485565790508873,0.5493971881446129
-0.9480702022325287,-1.5779032386882086,-0.31378087963814716,0.06652589099537476,0.057038365193554666,0.003698277919047501,0.013310827540842974,-0.02249187720059629,-0.06304255632592483,0.27461751819054514,-0.013130355440178116,1.0442381319422414,-0.602942245482534,-0.23855760955043356,0.1875546922491777,0.0,0.0,0.074831956245285,-0.11571079726568526,0.525188694702774,-0.18200303214422353,0.9536919799837233,0.5493971881446129
-0.9691650717917895,0.06457316506698858,-0.31378087963814716,-0.11564467321802399,1.043082997497985,-0.14483175024674738,-0.07559353031891888,-0.1071136553914617,-0.14065746898533213,0.27461751819054514,0.1681965020538814,1.0442381319422414,0.3652238636817379,1.095448924946486,-1.3435849416745584,0.0,0.0,1.974249315898978,-0.11597842325310789,0.525188694702774,0.14434971096015817,0.9536919799837233,0.5493971881446129
-1.6491187200393738,0.06457316506698858,-0.31378087963814716,-0.15399637094716057,-0.2866686209239896,-0.17453775587990636,-0.1604103314954733,-0.12591849498943178,-0.14065746898533213,0.27461751819054514,-0.7384377854164161,1.0442381319422414,0.6319480499214187,-0.23855760955043356,1.136414418550322,0.0,0.0,-0.33218604939479207,-0.1392340699613322,-0.5976524898668184,0.9793088395968342,0.9536919799837233,0.5493971881446129
-0.7983354532750763,0.06457316506698858,-0.31378087963814716,-0.16358429537944472,-0.3204758654601415,-0.17453775587990636,-0.16449788817868072,-0.12726169781785823,-0.14065746898533213,-1.995553965517959,-0.9197646429104757,1.0442381319422414,-0.5412528105649415,-0.23855760955043356,1.5752620419646008,0.0,0.0,-0.5763968527788382,-0.131830422341132,-0.6862124609088535,-1.5028143531920004,-1.0485565790508873,-1.8201767711573702
-0.6145641969919453,0.8858113669445872,-0.31378087963814716,-0.16358429537944472,-0.3599176507523187,-0.14483175024674738,-0.16449788817868072,-0.12726169781785823,-0.14065746898533213,-1.995553965517959,-0.37578407042829715,1.0442381319422414,0.10868945017398092,-0.23855760955043356,0.6624589852629006,0.0,0.0,0.16980282422796963,-0.15357734690721803,0.01712614564697976,-0.10499792279656217,-1.0485565790508873,-1.8201767711573702
1.5318064265684253,0.8858113669445872,-0.31378087963814716,-0.12523259765030814,-0.34864856924026805,-0.17453775587990636,-0.16449788817868072,-0.12726169781785823,-0.06304255632592483,0.27461751819054514,-0.677995499585063,1.0442381319422414,1.2785855195040414,-0.23855760955043356,1.1949274350055603,0.0,0.0,0.9946926489918592,-0.1535316349017552,-0.7390669220744036,0.15742738405928586,0.9536919799837233,-1.8201767711573702
0.1511925096469882,0.8858113669445872,-0.31378087963814716,-0.06770505105660327,-0.3261104062161668,-0.17453775587990636,-0.16143222066627516,-0.12726169781785823,-0.14065746898533213,0.27461751819054514,-0.9802069287418289,1.0442381319422414,1.7721009988447818,-0.23855760955043356,1.5752620419646008,0.0,0.0,-0.7364906016639352,0.45987776640392464,-0.23248505412478784,-0.4049125592032466,0.9536919799837233,0.5493971881446129
-1.2740700575685897,-0.75666503681061,0.34360166017397953,-0.16358429537944472,0.10774923199778251,-0.08541973898042943,-0.02654285012042958,-0.11651607519044675,-0.14065746898533213,0.27461751819054514,-0.13401492710288446,1.0442381319422414,-0.5302368400439427,-0.23855760955043356,0.1922271075680846,0.0,0.0,3.8058303412793246,-0.14670199945073262,0.08020828975698321,0.765208938898589,-1.0485565790508873,0.5493971881446129
1.6142446591405057,0.8858113669445872,-0.31378087963814716,-0.16358429537944472,-0.34864856924026805,-0.17453775587990636,-0.16449788817868072,-0.12726169781785823,-0.14065746898533213,0.27461751819054514,-0.4966686420910035,1.0442381319422414,0.798564604051523,-0.23855760955043356,-0.05474341643129381,0.0,0.0,-0.6496600937940521,-0.1364219001511687,-0.9530319324858647,0.28239181589540546,-1.0485565790508873,-1.8201767711573702
1.5100644751208434,-2.399141440565807,-0.31378087963814716,-0.16358429537944472,-0.365552191508344,-0.17453775587990636,-0.16449788817868072,-0.12726169781785823,-0.14065746898533213,0.27461751819054514,-0.0433514983558547,1.0442381319422414,-1.542919272938607,-0.23855760955043356,0.9413710303661973,0.0,0.0,-0.7337771482930014,-0.10329414089810797,-0.45137039484202884,-0.3163960866526622,-1.0485565790508873,-1.8201767711573702
-1.7633933815168419,0.06457316506698858,-0.31378087963814716,-0.15399637094716057,-0.29793770243604023,-0.17453775587990636,-0.15938844232467142,-0.12591849498943178,-0.14065746898533213,2.544789001899049,-0.13401492710288446,1.0442381319422414,-0.3440245691216762,-0.23855760955043356,-0.32641099283060854,0.0,0.0,-0.6469466404231183,-0.09744300419886606,-1.6917206589063898,-0.2572273215787425,0.9536919799837233,0.5493971881446129
1.10033222343606,-2.399141440565807,-0.31378087963814716,-0.16358429537944472,-0.34301402848424273,-0.17453775587990636,-0.15938844232467142,-0.12726169781785823,-0.14065746898533213,0.27461751819054514,3.356527079657761,1.0442381319422414,-1.4201678164620426,-0.23855760955043356,-2.9964367689572162,0.0,0.0,-0.7310636949220676,0.0374988359274002,1.887783148630462,-0.01739659381245451,-1.0485565790508873,0.5493971881446129
-1.0949577908813692,0.8858113669445872,0.34360166017397953,-0.12523259765030814,-0.33737948772821746,-0.17453775587990636,-0.15938844232467142,-0.12726169781785823,-0.14065746898533213,0.27461751819054514,0.8028405032830896,1.0442381319422414,0.7638007432342947,-0.23855760955043356,-0.920683816204112,0.0,0.0,-0.7310636949220676,0.07589692051617515,1.095105628498168,0.6143285879600944,0.9536919799837233,0.5493971881446129
1.621880225422692,0.8858113669445872,-0.31378087963814716,-0.15879033316330265,-0.35428310999629337,-0.17453775587990636,-0.162454109837077,-0.12726169781785823,-0.14065746898533213,0.27461751819054514,-0.9802069287418289,1.0442381319422414,1.309430236962838,-0.23855760955043356,1.5752620419646008,0.0,0.0,-0.3945954769262705,-0.15089176658627693,-0.9530319324858647,-0.5923592069574235,0.9536919799837233,0.5493971881446129
0.8833009580932357,-0.75666503681061,-0.31378087963814716,-0.02455939111132462,0.4120144328231496,0.33046433988379625,-0.05924330358608911,-0.11248646670516745,0.3832431914656671,0.27461751819054514,-0.07357264127153129,1.0442381319422414,-1.310426752237026,-0.23855760955043356,0.10825712940829628,0.0,0.0,0.4330078012085528,-0.10518596338747023,0.12066573775241146,0.880435882539686,0.9536919799837233,0.5493971881446129
-1.319754038884044,0.8858113669445872,-0.31378087963814716,-0.05811712662431912,-0.2923031616800149,-0.17453775587990636,-0.162454109837077,-0.12726169781785823,-0.14065746898533213,0.27461751819054514,0.6819559316203834,1.0442381319422414,0.0860629964371995,-0.23855760955043356,-0.42149464457036995,0.0,0.0,-0.5574026791823014,-0.12286963500218932,-0.4616244828756293,-0.4361536671622761,0.9536919799837233,0.5493971881446129
-0.6830254607762948,0.8858113669445872,-0.31378087963814716,-0.16358429537944472,-0.3599176507523187,-0.17453775587990636,-0.162454109837077,-0.12726169781785823,-0.14065746898533213,0.27461751819054514,1.2410470755604002,1.0442381319422414,1.1870305645072967,-0.23855760955043356,-1.913157283010052,0.0,0.0,-0.7256367881801998,-0.10329414089810797,-0.32224024759188413,-0.7105580485348975,-1.0485565790508873,0.5493971881446129
-1.505725373587466,0.06457316506698858,-0.31378087963814716,-0.16358429537944472,-0.14017056126733138,-0.14483175024674738,-0.15427899647066212,-0.12591849498943178,-0.14065746898533213,0.27461751819054514,0.817951074740928,1.0442381319422414,0.060176810764198174,-0.23855760955043356,-0.9013353986989288,0.0,0.0,0.18608354445357272,-0.13607847043004448,-0.6297126490264175,0.3187186856152074,-1.0485565790508873,0.5493971881446129
-1.058850621513064,0.8858113669445872,-0.31378087963814716,-0.16358429537944472,-0.365552191508344,-0.17453775587990636,-0.16449788817868072,-0.12726169781785823,-0.14065746898533213,0.27461751819054514,-0.07357264127153129,1.0442381319422414,1.3046107498599007,-0.23855760955043356,-0.7067455997896503,0.0,0.0,1.759886499595204,-0.1543250009661979,-1.3024883843945956,0.6394330497128854,-1.0485565790508873,-1.8201767711573702
-1.0587212051353998,0.8858113669445872,-0.31378087963814716,-0.16358429537944472,-0.3261104062161668,-0.17453775587990636,-0.16143222066627516,-0.12726169781785823,-0.14065746898533213,0.27461751819054514,-0.9499857858261522,1.0442381319422414,2.6203307289616813,-0.23855760955043356,0.6244255245669955,0.0,0.0,1.919980248480301,-0.15323905010838,-1.3024883843945956,2.1568582934371814,-1.0485565790508873,0.5493971881446129
-0.6757781436271009,0.8858113669445872,-0.31378087963814716,-0.11564467321802399,0.02886566141342809,-0.14483175024674738,-0.12770987802981376,-0.11920248084729962,-0.12125374082048031,-1.995553965517959,-0.7535483568742545,1.0442381319422414,-1.1581471597408677,4.761959850393086,0.20605745691204982,0.0,0.0,1.7625999529661378,-0.14267679175838996,1.5183936778193632,0.11993805450845114,0.9536919799837233,0.5493971881446129
-0.8630436421071646,-1.5779032386882086,-0.31378087963814716,-0.16358429537944472,-0.3599176507523187,-0.17453775587990636,-0.16347599900787887,-0.12726169781785823,-0.14065746898533213,0.27461751819054514,-0.6175532137537099,1.0442381319422414,-1.1168372702871225,-0.23855760955043356,-0.7738634716059529,0.0,0.0,1.1819209315862946,-0.15405832231025426,0.15759187832582447,-1.242909337398394,-1.0485565790508873,0.5493971881446129
-1.2782113816538434,0.06457316506698858,-0.31378087963814716,-0.16358429537944472,-0.23595775411976175,-0.17453775587990636,-0.15632277481226584,-0.12457529216100535,0.286224550641408,0.27461751819054514,-1.0708703574888587,1.0442381319422414,1.9263245861387635,-0.23855760955043356,1.5752620419646008,0.0,0.0,-0.13953086005848891,-0.1378870098970043,0.08020828975698321,-0.03001926369489107,-1.0485565790508873,0.5493971881446129
-0.9436700453919467,0.8858113669445872,-0.31378087963814716,-0.14440844651487644,-0.3261104062161668,-0.17453775587990636,-0.1604103314954733,-0.12726169781785823,-0.14065746898533213,0.27461751819054514,-0.22467835584991422,1.0442381319422414,0.8742994013833889,-0.23855760955043356,0.8145928280465158,0.0,0.0,0.5279786691912375,-0.15186607695912244,0.525188694702774,0.8759728671169674,0.9536919799837233,0.5493971881446129
-1.8137363524282066,0.8858113669445872,-0.31378087963814716,0.07611381542765891,0.7388177966726179,0.003698277919047501,0.11754352296263273,-0.05875835356811004,-0.12125374082048031,2.544789001899049,-0.05846206981369299,1.0442381319422414,-1.2063420307702368,-0.23855760955043356,0.2896239339340369,0.0,0.0,1.8467170074650872,-0.12277493014440469,-1.6917206589063898,-0.76924548019024,0.9536919799837233,0.5493971881446129
-0.06428575916386602,0.06457316506698858,0.34360166017397953,0.056937966563090615,0.19790188409418757,-0.08541973898042943,0.008201381686833672,-0.04935593376912499,0.1309947253225934,0.27461751819054514,-0.2548994987655908,1.0442381319422414,-0.21125969363443683,-0.23855760955043356,0.001463668340978332,0.0,0.0,0.7803298326880852,-0.12683949044987014,-0.8612912158775589,-0.5794318519398944,0.9536919799837233,0.5493971881446129
0.9195375438392052,0.8858113669445872,-0.31378087963814716,-0.16358429537944472,-0.33737948772821746,-0.17453775587990636,-0.162454109837077,-0.12726169781785823,-0.14065746898533213,-1.995553965517959,-0.8593223570791225,1.0442381319422414,1.463653824256819,-0.23855760955043356,1.5752620419646008,0.0,0.0,-0.5384085055857645,-0.14220419994806657,1.4322266993301151,2.1568582934371814,-1.0485565790508873,0.5493971881446129
-0.5599504856176628,0.8858113669445872,-0.31378087963814716,-0.16358429537944472,-0.3261104062161668,-0.17453775587990636,-0.16449788817868072,-0.12726169781785823,-0.14065746898533213,-1.995553965517959,-0.7233272139585779,1.0442381319422414,-0.18047977600223408,-0.23855760955043356,1.15266803423233,0.0,0.0,-0.706642614583663,-0.05997322495179775,-0.0044208516090499346,1.4973237920798894,-1.0485565790508873,-1.8201767711573702
1.0142703322893825,-0.75666503681061,-0.31378087963814716,0.10487758872451133,0.9416612638895292,0.80576043001434,0.4118476041535685,0.003028976539505977,-0.14065746898533213,2.544789001899049,-0.5420003564645184,1.0442381319422414,-0.9075338303881473,-0.23855760955043356,0.9901318774122294,0.0,0.0,3.0949055580946565,-0.129182524189927,-0.8936620082071127,-0.17420899273656562,0.9536919799837233,0.5493971881446129
0.3076569102429778,0.06457316506698858,-0.31378087963814716,-0.08208693770502949,-0.23032321336373643,-0.17453775587990636,-0.13588499139622864,-0.12591849498943178,0.1115909971577416,0.27461751819054514,-0.10379378418720787,1.0442381319422414,0.11998081995800494,0.6443873915813978,0.5684939647200765,0.0,0.0,0.9458504883150499,-0.14831826151988697,0.6756377459576545,-0.16784768116119764,0.9536919799837233,0.5493971881446129
-1.507148953741772,-0.75666503681061,-0.31378087963814716,-0.1492024087310185,0.14719101728995973,-0.14483175024674738,-0.1266879888590119,-0.12054568367572605,-0.14065746898533213,0.27461751819054514,0.6970665030782216,1.0442381319422414,0.031107676923422506,-0.23855760955043356,-0.5935881960663,0.0,0.0,-0.6143851999719121,0.14615724550840167,-0.6297126490264175,-1.0679469826643044,0.9536919799837233,0.5493971881446129
-0.8022179446050015,-0.75666503681061,-0.31378087963814716,-0.16358429537944472,-0.35428310999629337,-0.17453775587990636,-0.16449788817868072,-0.12726169781785823,-0.14065746898533213,-1.995553965517959,-0.7535483568742545,1.0442381319422414,0.3800495240079152,-0.23855760955043356,1.1188605136137502,0.0,0.0,-0.6957888010999276,-0.12738705671851577,-0.6862124609088535,1.0946606228301738,-1.0485565790508873,-1.8201767711573702
1.0041758548315767,0.8858113669445872,-0.31378087963814716,-0.16358429537944472,-0.365552191508344,-0.17453775587990636,-0.16449788817868072,-0.12726169781785823,-0.14065746898533213,-1.995553965517959,-1.0104280716575054,1.0442381319422414,2.8516661099026526,-0.23855760955043356,0.1490072658681935,0.0,0.0,-0.6957888010999276,-0.14545674358382163,0.2566349450779528,-1.435869121851223,-1.0485565790508873,-1.8201767711573702
-0.7477336496083832,0.8858113669445872,-0.31378087963814716,-0.16358429537944472,-0.365552191508344,-0.17453775587990636,-0.16449788817868072,-0.12726169781785823,-0.14065746898533213,0.27461751819054514,-0.08868321272936958,1.0442381319422414,0.09061324400088759,-0.23855760955043356,0.4177219338283861,0.0,0.0,-0.6957888010999276,-0.14545674358382163,0.9627557498998675,0.5404705338178225,-1.0485565790508873,-1.8201767711573702
1.4572625930338594,0.06457316506698858,-0.31378087963814716,-0.16358429537944472,-0.365552191508344,-0.17453775587990636,-0.16449788817868072,-0.12726169781785823,-0.14065746898533213,2.544789001899049,-0.7082166425007396,1.0442381319422414,1.3479861337863326,-0.23855760955043356,0.7602593127666541,0.0,0.0,-0.6930753477289937,-0.14595867933008014,-1.455640001332804,1.241940131779886,-1.0485565790508873,-1.8201767711573702
-0.3619434277914724,0.06457316506698858,-0.31378087963814716,-0.16358429537944472,-0.3599176507523187,-0.17453775587990636,-0.16449788817868072,-0.12726169781785823,-0.14065746898533213,0.27461751819054514,1.4072633615966215,1.0442381319422414,0.2528915642856652,-0.23855760955043356,-0.7339123574295818,0.0,0.0,-0.6930753477289937,-0.1374257716436857,0.25910696682602397,0.8960564365191999,-1.0485565790508873,-1.8201767711573702
-0.9624354201532522,-0.75666503681061,0.34360166017397953,0.09049570207608512,0.5359743294557066,-0.08541973898042943,-0.022455293437222138,-0.08159280165135943,0.7519140265978518,0.27461751819054514,0.9086145034879578,1.0442381319422414,0.14323335773365595,-0.23855760955043356,-0.7912644013361043,0.0,0.0,3.8465321418433325,-0.139868070472908,0.525188694702774,0.025520483787827467,0.9536919799837233,0.5493971881446129
-1.4245813047920273,0.06457316506698858,1.0009841999861062,0.344575699531615,3.0658831289110737,-0.08541973898042943,0.39038793156672946,0.08496434907351852,-0.14065746898533213,0.27461751819054514,-0.13401492710288446,1.0442381319422414,0.022135396080419752,-0.23855760955043356,0.5379858411672146,0.0,0.0,2.858835114823412,-0.08388772386906622,-0.5269982379698451,1.1912240474308111,0.9536919799837233,0.5493971881446129
-0.6146936133696095,0.8858113669445872,-0.31378087963814716,0.004204382185527817,-0.2810340801679643,-0.17453775587990636,-0.16347599900787887,-0.12323208933257893,0.033976084498334294,-1.995553965517959,0.04731193039117505,1.0442381319422414,-0.06698629023983975,-0.23855760955043356,-0.9115411573829812,0.0,0.0,0.9594177551697192,-0.15057216530406373,0.01712614564697976,-0.15017737122961985,0.9536919799837233,0.5493971881446129
0.41170767788497586,0.06457316506698858,-0.31378087963814716,-0.038941277759750835,0.6655687668442888,0.06311028918536546,-0.04084929851165563,-0.09233842427877091,-0.14065746898533213,0.27461751819054514,0.4704079312106473,1.0442381319422414,0.3733626366390284,-0.23855760955043356,0.49884334302391625,0.0,0.0,2.1180623445584716,-0.12767850328085942,-0.7007813668592946,-0.03001926369489107,0.9536919799837233,0.5493971881446129
-0.5395026979467228,0.06457316506698858,-0.31378087963814716,-0.038941277759750835,0.18099826182611162,-0.05571373334727045,0.020464051736455997,-0.1071136553914617,0.1309947253225934,-1.995553965517959,-0.2397889273077525,1.0442381319422414,-0.07858204868299677,-0.23855760955043356,0.02813821704646438,0.0,0.0,0.6392302573995252,-0.1249197812035084,-0.5782055760576401,-0.25241359153883,0.9536919799837233,0.5493971881446129
-1.0008720843195127,0.8858113669445872,-0.31378087963814716,-0.16358429537944472,-0.34301402848424273,-0.17453775587990636,-0.162454109837077,-0.12726169781785823,-0.14065746898533213,0.27461751819054514,-0.43622635625965034,1.0442381319422414,0.520411348396307,-0.23855760955043356,0.5830848064192746,0.0,0.0,-0.6849349876161922,-0.11792198264621272,0.03136051873977767,0.2959749063123741,-1.0485565790508873,0.5493971881446129
0.05516555742016907,0.8858113669445872,-0.31378087963814716,-0.16358429537944472,-0.34864856924026805,-0.14483175024674738,-0.16449788817868072,-0.12726169781785823,-0.14065746898533213,0.27461751819054514,-0.8442117856212842,1.0442381319422414,0.6925358877869116,-0.23855760955043356,0.37420538840973155,0.0,0.0,-0.6822215342452583,-0.12656570731554734,0.7937221444573845,-0.12867539409182613,-1.0485565790508873,-1.8201767711573702
-0.4903244744343357,-1.5779032386882086,1.0009841999861062,0.10008362650836927,0.39511081055507363,0.33046433988379625,0.14002508472027367,-0.023835080029022723,-0.10185001265562847,-1.995553965517959,0.5761819314155153,1.0442381319422414,-0.5409070712304077,-0.23855760955043356,-0.545187536656606,0.0,0.0,1.7137577922893286,-0.13141030744045956,0.22152724227200443,0.5173913005429723,0.9536919799837233,0.5493971881446129
1.3160693250022426,0.8858113669445872,-0.31378087963814716,-0.16358429537944472,-0.35428310999629337,-0.17453775587990636,-0.16347599900787887,-0.12726169781785823,-0.14065746898533213,0.27461751819054514,-0.6175532137537099,1.0442381319422414,0.949575199943547,-0.23855760955043356,-0.7738634716059529,0.0,0.0,-0.6822215342452583,-0.13354717724077916,-0.2977270072934111,-0.4159388326005511,-1.0485565790508873,0.5493971881446129
-0.3448604659398011,-2.399141440565807,-0.31378087963814716,-0.16358429537944472,-0.365552191508344,-0.17453775587990636,-0.16449788817868072,-0.12726169781785823,-0.14065746898533213,0.27461751819054514,0.8632827891144429,1.0442381319422414,-1.4471966471070712,-0.23855760955043356,-0.6721697264297385,0.0,0.0,-0.6767946275033906,-0.14809190625167876,0.25910696682602397,-0.14362329263681678,-1.0485565790508873,-1.8201767711573702
0.5640307543957118,0.06457316506698858,-0.31378087963814716,-0.07729297548888742,-0.08945969446310355,-0.05571373334727045,-0.07865919783132445,-0.09368162710719735,-0.14065746898533213,0.27461751819054514,2.313897649066919,1.0442381319422414,-0.23580837632866974,-0.23855760955043356,-1.5775116736169308,0.0,0.0,0.5632535630133775,-0.13852564747852242,-0.8053730648020195,-0.4821931946808453,0.9536919799837233,0.5493971881446129
-1.4973133090392945,-0.75666503681061,-0.31378087963814716,-0.16358429537944472,-0.24722683563181239,-0.14483175024674738,-0.1522352181290584,-0.12591849498943178,-0.14065746898533213,0.27461751819054514,-0.4513369277174886,1.0442381319422414,-0.9318240453869499,-0.23855760955043356,1.0681492326858788,0.0,0.0,-0.10154251286541506,-0.14017365716981273,-0.6297126490264175,0.2199095999773465,-1.0485565790508873,0.5493971881446129
0.810957202978961,-0.75666503681061,0.34360166017397953,-0.06770505105660327,0.2429782101423901,0.09281629481852444,-0.06128708192769283,-0.080249598822933,-0.14065746898533213,0.27461751819054514,0.6517347887047068,1.0442381319422414,-0.08002461625122256,1.8962468659025622,-1.7123760859864399,0.0,0.0,-0.5058470651345582,0.03794019322152404,0.21014974599229677,-1.4279264672853678,0.9536919799837233,0.5493971881446129
-0.015884033917463933,0.06457316506698858,-0.31378087963814716,-0.16358429537944472,-0.24159229487578707,-0.1151257446135884,-0.15121332895825654,-0.12726169781785823,-0.14065746898533213,0.27461751819054514,0.001980216017660177,1.0442381319422414,0.9569191802908792,-0.23855760955043356,-0.5546117570060339,0.0,0.0,3.2902742008018935,-0.1521143166381655,-0.8612912158775589,0.794745986423491,-1.0485565790508873,0.5493971881446129
-1.0271436089853405,0.06457316506698858,-0.31378087963814716,0.004204382185527817,1.933340436949985,0.80576043001434,0.0357923892984839,-0.08696561296506518,-0.12125374082048031,0.27461751819054514,-0.9953175001996671,1.0442381319422414,1.7721009988447818,-0.23855760955043356,1.5752620419646008,0.0,0.0,1.0625289832652054,-0.06002652478002972,0.03136051873977767,1.2196250546662935,0.9536919799837233,0.5493971881446129
-1.5176316803325702,-1.5779032386882086,-0.31378087963814716,-0.11085071100188193,-0.21905413185168582,-0.17453775587990636,-0.13486310222542677,-0.12054568367572605,-0.14065746898533213,0.27461751819054514,1.3014893613917533,1.0442381319422414,-2.0063768898577656,-0.23855760955043356,-1.543009269749283,0.0,0.0,0.4899903219981636,-0.14535724090284527,0.1997550234776168,-1.124428263004997,0.9536919799837233,0.5493971881446129
0.8675121600182062,-0.75666503681061,-0.31378087963814716,-0.15879033316330265,-0.365552191508344,-0.17453775587990636,-0.16449788817868072,-0.12726169781785823,-0.14065746898533213,0.27461751819054514,-1.0557597860310204,1.0442381319422414,-1.312370747034849,-0.23855760955043356,1.5752620419646008,0.0,0.0,-0.6686542673905891,-0.1488029818922116,-0.4594159100683915,-1.5295924457283114,0.9536919799837233,-1.8201767711573702
1.17655846988026,-2.399141440565807,-0.31378087963814716,-0.16358429537944472,-0.2641304578998883,0.033404283552206475,-0.1420163264210398,-0.12323208933257893,-0.14065746898533213,0.27461751819054514,4.625815082116178,1.0442381319422414,-1.419503955705594,-0.23855760955043356,-1.7489223180711206,0.0,0.0,2.967373249660766,-0.1523567995777424,3.6518423706033194,-0.2514129421447067,-1.0485565790508873,0.5493971881446129
-0.7922528835248599,0.8858113669445872,-0.31378087963814716,-0.16358429537944472,-0.34864856924026805,-0.17453775587990636,-0.1604103314954733,-0.12726169781785823,-0.14065746898533213,-1.995553965517959,-0.9953175001996671,1.0442381319422414,0.769647681433902,-0.23855760955043356,0.30748001876779374,0.0,0.0,-0.5736833994079045,-0.14458240389679072,-0.6862124609088535,-0.23829331675508766,-1.0485565790508873,0.5493971881446129
0.0778134235114,-1.5779032386882086,-0.31378087963814716,-0.16358429537944472,-0.365552191508344,-0.17453775587990636,-0.16449788817868072,-0.12726169781785823,-0.14065746898533213,0.27461751819054514,-0.9499857858261522,1.0442381319422414,-0.5412528105649415,-0.23855760955043356,0.6244255245669955,0.0,0.0,-0.7392040550348691,-0.0008992486613747532,1.7862885274902995,-1.904485741236667,-1.0485565790508873,-1.8201767711573702
0.7584141536473052,0.06457316506698858,-0.31378087963814716,0.03776211769852232,0.2429782101423901,-0.14483175024674738,-0.06844030612330586,-0.11248646670516745,-0.14065746898533213,0.27461751819054514,0.8028405032830896,1.0442381319422414,-0.24332088056520437,-0.23855760955043356,-2.168656745288468,0.0,0.0,1.1602133046188239,-0.13060918347766448,1.2907930945589743,-0.26432757338761304,0.9536919799837233,0.5493971881446129
-0.06208568074357501,-1.5779032386882086,-0.31378087963814716,-0.1492024087310185,0.44018713660327613,0.21164031735116035,0.00411382500362623,-0.10174084407775597,-0.14065746898533213,0.27461751819054514,1.633921933464196,1.0442381319422414,-1.6148239376628564,-0.23855760955043356,-0.4199358961811927,0.0,0.0,-0.07983488589794428,-0.06384692831510419,-0.8612912158775589,0.6869897714303784,0.9536919799837233,0.5493971881446129
-0.6148230297472737,-0.75666503681061,-0.31378087963814716,-0.16358429537944472,-0.2134195910956605,-0.08541973898042943,-0.15836655315386958,-0.12726169781785823,-0.14065746898533213,-1.995553965517959,-0.4966686420910035,1.0442381319422414,-0.4531250463969518,-0.23855760955043356,1.03192688916597,0.0,0.0,-0.7364906016639352,1.9958011499549229,0.01712614564697976,1.0411044377575518,-1.0485565790508873,0.5493971881446129
1.330952208433623,-0.75666503681061,0.34360166017397953,-0.05811712662431912,3.1334976179833776,0.8354664356474989,0.11754352296263273,-0.10577045256303527,0.2086096379820007,-1.995553965517959,1.1957153611868854,1.0442381319422414,-0.887283884577488,-0.23855760955043356,-1.5365665604275605,0.0,0.0,-0.2372151814121074,0.35913440468713886,1.384564273264258,-0.5899248349086683,0.9536919799837233,0.5493971881446129
-0.11851122140515605,0.8858113669445872,1.0009841999861062,0.09049570207608512,0.39511081055507363,0.2710523286174783,-0.054133857732079814,-0.08562241013663874,-0.12125374082048031,0.27461751819054514,-0.14912549856072274,1.0442381319422414,1.0829143431248025,10.59026567363807,0.5220277457703295,0.0,0.0,0.997406102362793,-0.12190413301289646,0.25366429330206547,0.8351191105551596,0.9536919799837233,0.5493971881446129
-0.8308189640687845,0.8858113669445872,-0.31378087963814716,-0.12043863543416607,-0.01057612387874912,0.12252230045168341,-0.12260043217580445,-0.11785927801887318,0.053379812663186116,-1.995553965517959,0.4099656453792941,1.0442381319422414,0.11970542069497955,-0.23855760955043356,-0.5501372322182807,0.0,0.0,0.09382612984182193,-0.12257629592970057,-0.6862124609088535,-0.37918458794286936,0.9536919799837233,0.5493971881446129
-1.4370052770477881,0.8858113669445872,-0.31378087963814716,-0.16358429537944472,-0.3261104062161668,-0.17453775587990636,-0.16449788817868072,-0.12726169781785823,-0.14065746898533213,0.27461751819054514,-0.7082166425007396,1.0442381319422414,0.9238712687278838,-0.23855760955043356,1.1677606773656288,0.0,0.0,-0.7283502415511337,0.09125615435168515,-0.5668106997522169,-0.09696449503566855,-1.0485565790508873,-1.8201767711573702
-0.6860020374625708,-0.75666503681061,-0.31378087963814716,-0.16358429537944472,-0.23595775411976175,-0.17453775587990636,-0.15427899647066212,-0.12726169781785823,-0.14065746898533213,0.27461751819054514,-0.677995499585063,1.0442381319422414,-0.46414101691795057,0.0993151917971007,0.05392361412843334,0.0,0.0,1.420704828228473,-0.1498664726870864,-0.32224024759188413,-0.6548414228754825,-1.0485565790508873,0.5493971881446129
-1.3968861999718933,-0.75666503681061,1.0009841999861062,-0.11564467321802399,-0.01057612387874912,0.003698277919047501,-0.06333086026929656,-0.10577045256303527,-0.14065746898533213,0.27461751819054514,0.5459607884998388,1.0442381319422414,-0.5467607958254409,-0.23855760955043356,-1.2001526574662453,0.0,0.0,2.161477598493413,-0.14530475556345926,-0.5269982379698451,-0.8405993620913331,0.9536919799837233,0.5493971881446129
-0.4701355195187241,0.06457316506698858,0.34360166017397953,-0.05811712662431912,-0.23032321336373643,-0.1151257446135884,-0.14610388310424724,-0.12323208933257893,-0.14065746898533213,-1.995553965517959,-0.421115784801812,1.0442381319422414,1.0780948560218653,-0.23855760955043356,-0.3668721212305073,0.0,0.0,-0.6415197336812506,-0.050712980019785504,0.22152724227200443,-1.2663694935628718,0.9536919799837233,0.5493971881446129
0.49518124147836984,-1.5779032386882086,-0.31378087963814716,-0.1492024087310185,-0.365552191508344,-0.17453775587990636,-0.1604103314954733,-0.12726169781785823,-0.14065746898533213,0.27461751819054514,-0.10379378418720787,1.0442381319422414,-2.2847137450216657,-0.23855760955043356,0.06510992609781689,0.0,0.0,-0.7202098814383322,-0.1352925447220871,0.09826072687203845,1.7066187963805783,0.9536919799837233,0.5493971881446129
-0.9304695748702007,0.8858113669445872,-0.31378087963814716,-0.16358429537944472,-0.35428310999629337,-0.17453775587990636,-0.16449788817868072,-0.12726169781785823,-0.14065746898533213,0.27461751819054514,0.3495233595479409,1.0442381319422414,-0.594062705608032,-0.23855760955043356,0.5274013901386677,0.0,0.0,-0.7202098814383322,-0.09689446013331214,0.525188694702774,1.0411044377575518,-1.0485565790508873,-1.8201767711573702
-0.7231445378521896,0.06457316506698858,-0.31378087963814716,-0.08688089992117157,0.09648015048573189,-0.17453775587990636,-0.09500942456415422,-0.10308404690618239,1.5086594250270728,0.27461751819054514,-0.6931060710429013,1.0442381319422414,1.463653824256819,-0.23855760955043356,1.5752620419646008,0.0,0.0,3.2441454934960183,-0.14581346306584606,-0.32224024759188413,-0.2239295889578342,0.9536919799837233,0.5493971881446129
-0.2609986532134146,0.06457316506698858,1.6583667397982327,0.11446551315679548,1.2121192201787445,-0.05571373334727045,0.08382118032617134,-0.04398312245541925,3.1967837753691817,0.27461751819054514,0.8783933605722811,1.0442381319422414,0.1256214048636639,0.824758486965512,-0.4836922212723179,0.0,0.0,0.6907858714472682,-0.07275020997521879,-0.8603242518026359,-0.36826885362724243,0.9536919799837233,0.5493971881446129
0.5803372179813981,0.06457316506698858,-0.31378087963814716,-0.16358429537944472,-0.365552191508344,-0.17453775587990636,-0.16449788817868072,-0.12726169781785823,-0.14065746898533213,0.27461751819054514,-0.16423607001856105,1.0442381319422414,-0.5150898805775697,-0.23855760955043356,0.1490072658681935,0.0,0.0,-0.7120695213255306,-0.14052864716601093,-0.8053730648020195,-0.6450785766382863,-1.0485565790508873,-1.8201767711573702
-1.2005615550553375,-0.75666503681061,1.0009841999861062,-0.16358429537944472,-0.3261104062161668,-0.14483175024674738,-0.15938844232467142,-0.12726169781785823,-0.14065746898533213,0.27461751819054514,-0.2851206416812674,1.0442381319422414,0.7824996470417338,-0.23855760955043356,-0.46224478103026717,0.0,0.0,1.0191137293302637,-0.1525983070367507,-0.8250350993391762,-0.6659989614322795,-1.0485565790508873,0.5493971881446129
1.6489282483545051,-2.399141440565807,-0.31378087963814716,-0.16358429537944472,-0.3599176507523187,-0.14483175024674738,-0.16449788817868072,-0.12726169781785823,-0.14065746898533213,0.27461751819054514,-0.22467835584991422,1.0442381319422414,-1.669288191915206,-0.23855760955043356,0.24409091760795365,0.0,0.0,2.755723886727926,-0.15425327462181965,1.5074031198841442,-0.06126037165392056,-1.0485565790508873,-1.8201767711573702
-1.1269236361644208,0.8858113669445872,-0.31378087963814716,-0.16358429537944472,-0.26976499865591363,-0.17453775587990636,-0.15121332895825654,-0.12323208933257893,-0.14065746898533213,0.27461751819054514,0.03220135893333676,1.0442381319422414,0.11199424133028031,-0.23855760955043356,-1.09201961722868,0.0,0.0,0.6093822703192529,-0.14894005671448302,-1.2549162280750763,-0.22476902759533537,-1.0485565790508873,0.5493971881446129
-1.0703686791251756,0.8858113669445872,1.0009841999861062,-0.14440844651487644,-0.21905413185168582,-0.17453775587990636,-0.10727209461377656,-0.12323208933257893,-0.14065746898533213,0.27461751819054514,0.6215136457890302,1.0442381319422414,0.2625050385597774,-0.23855760955043356,-1.769059501985596,0.0,0.0,1.2714648928271115,-0.1489026474806421,-1.3024883843945956,0.11541348025231546,0.9536919799837233,0.5493971881446129
-1.127053052542085,0.06457316506698858,-0.31378087963814716,0.19116890861506863,-0.02747974614682507,-0.1151257446135884,-0.11544720798019144,-0.09905443842090308,1.295218415213703,0.27461751819054514,-0.7988800712477694,1.0442381319422414,-0.2713615328004734,1.4335632335322643,1.5752620419646008,0.0,0.0,-0.45971835782868287,-0.06440377317357948,-1.2549162280750763,-0.45603437222711335,0.9536919799837233,0.5493971881446129
-1.4371346934254523,0.06457316506698858,-0.31378087963814716,-0.16358429537944472,-0.34301402848424273,-0.17453775587990636,-0.16347599900787887,-0.12726169781785823,-0.14065746898533213,0.27461751819054514,-0.9197646429104757,1.0442381319422414,1.2477408020452447,-0.23855760955043356,1.5752620419646008,0.0,0.0,-0.21279410107370278,-0.15055332193044638,-0.5668106997522169,2.9155709152993277,-1.0485565790508873,0.5493971881446129
0.3753416757613422,0.8858113669445872,-0.31378087963814716,-0.1492024087310185,-0.29793770243604023,-0.17453775587990636,-0.16347599900787887,-0.12591849498943178,-0.14065746898533213,0.27461751819054514,-0.17934664147639934,1.0442381319422414,0.36866635446954976,-0.23855760955043356,0.6697034539668812,0.0,0.0,-0.706642614583663,-0.0008992486613747532,0.22490829069474474,0.08899448091093555,0.9536919799837233,0.5493971881446129
-1.48230100923025,0.8858113669445872,-0.31378087963814716,-0.14440844651487644,-0.3148413247041162,-0.17453775587990636,-0.16143222066627516,-0.12591849498943178,-0.14065746898533213,0.27461751819054514,-1.0557597860310204,1.0442381319422414,-0.23280563597697815,-0.23855760955043356,1.5752620419646008,0.0,0.0,-0.706642614583663,-0.03634363443562855,-0.6297126490264175,-0.4049125592032466,0.9536919799837233,0.5493971881446129
-0.13844134356543927,0.8858113669445872,-0.31378087963814716,-0.16358429537944472,-0.258495917143863,-0.17453775587990636,-0.15325710729986028,-0.12726169781785823,-0.14065746898533213,0.27461751819054514,-0.9499857858261522,1.0442381319422414,1.0164054211042723,-0.23855760955043356,0.6244255245669955,0.0,0.0,-0.706642614583663,0.08180431814521744,-0.8463320514089613,1.5320361342565882,-1.0485565790508873,0.5493971881446129
1.1262154989688955,0.06457316506698858,-0.31378087963814716,0.7089168279584125,1.0205448344738837,-0.05571373334727045,0.11549974462102901,-0.04263991962699282,3.934125445633551,0.27461751819054514,0.3193022166322643,1.0442381319422414,-1.0136435464360023,-0.23855760955043356,0.030152701193493305,0.0,0.0,4.329526841869557,-0.1341934021188236,-0.8039532679973672,-0.830572655145024,0.9536919799837233,0.5493971881446129
0.5403475572831675,0.06457316506698858,0.34360166017397953,-0.014971466679040472,0.04013474292547872,-0.14483175024674738,-0.09500942456415422,-0.111143263876741,0.033976084498334294,0.27461751819054514,-0.013130355440178116,1.0442381319422414,0.3069769195519573,-0.23855760955043356,-0.12082471879869479,0.0,0.0,1.2796052529399131,-0.13944159949980037,-0.8053730648020195,-0.0806805198446691,0.9536919799837233,0.5493971881446129
-0.5662918881232074,0.8858113669445872,-0.31378087963814716,-0.15879033316330265,-0.2923031616800149,-0.17453775587990636,-0.16347599900787887,-0.12591849498943178,-0.10185001265562847,-1.995553965517959,-0.14912549856072274,1.0442381319422414,-0.1420803560327306,-0.23855760955043356,0.17094964703890736,0.0,0.0,0.45471542817602356,-0.14961563976710632,-0.0044208516090499346,1.181174460255182,0.9536919799837233,0.5493971881446129
0.23337190946374037,0.06457316506698858,0.34360166017397953,-0.16358429537944472,-0.24159229487578707,-0.1151257446135884,-0.14099443725023794,-0.12591849498943178,-0.14065746898533213,0.27461751819054514,5.804439655827565,1.0442381319422414,-0.6332240589531689,-0.23855760955043356,-1.3828960121612814,0.0,0.0,1.8602842743197563,-0.1508079334375723,-0.5572324372941792,0.37427742753960985,-1.0485565790508873,0.5493971881446129
-1.1682074606392931,-2.399141440565807,0.34360166017397953,-0.16358429537944472,-0.3599176507523187,-0.17453775587990636,-0.16347599900787887,-0.12726169781785823,-0.14065746898533213,0.27461751819054514,-0.421115784801812,1.0442381319422414,-0.2199536703691463,-0.23855760955043356,0.3614281899676579,0.0,0.0,-0.6985022544708615,-0.1352925447220871,-0.8250350993391762,-0.9473113697259732,-1.0485565790508873,0.5493971881446129
1.4608862516084564,-0.75666503681061,-0.31378087963814716,-0.16358429537944472,-0.3261104062161668,-0.17453775587990636,-0.16449788817868072,-0.12726169781785823,-0.14065746898533213,2.544789001899049,-0.20956778439207593,1.0442381319422414,0.013952103693392233,-0.23855760955043356,-0.29523602504708046,0.0,0.0,0.5415459360459067,-0.15189383076522553,-1.455640001332804,0.40018615738027025,-1.0485565790508873,-1.8201767711573702
-1.5948932577980839,0.06457316506698858,-0.31378087963814716,-0.16358429537944472,-0.365552191508344,-0.17453775587990636,-0.16449788817868072,-0.12726169781785823,-0.14065746898533213,2.544789001899049,-0.30023121313910567,1.0442381319422414,1.2785855195040414,-0.23855760955043356,-0.7067455997896503,0.0,0.0,-0.6985022544708615,-0.14489206586928083,-1.68924287342001,-0.37083135052066823,-1.0485565790508873,-1.8201767711573702
-0.8802560203365001,0.8858113669445872,-0.31378087963814716,-0.15879033316330265,-0.3599176507523187,-0.17453775587990636,-0.16449788817868072,-0.12726169781785823,-0.14065746898533213,0.27461751819054514,-0.6477743566693864,1.0442381319422414,0.11594997619918478,-0.23855760955043356,1.218698347940499,0.0,0.0,0.21050462479197735,-0.1536164169973572,0.15759187832582447,1.7858701364237044,0.9536919799837233,-1.8201767711573702
-1.8172305946251393,0.8858113669445872,-0.31378087963814716,0.41648513277374605,0.50780162567558,-0.05571373334727045,-0.058221414415287255,-0.07756319316608012,-0.14065746898533213,2.544789001899049,0.8783933605722811,1.0442381319422414,-0.6217172908922362,-0.23855760955043356,-1.1700103090179574,0.0,0.0,2.1099219844456703,-0.1316938660046805,-1.6917206589063898,0.054543133788196356,0.9536919799837233,0.5493971881446129
-1.4581001466070491,0.06457316506698858,-0.31378087963814716,0.023380231050096106,-0.07255607219502759,-0.1151257446135884,-0.12055665383420074,-0.11248646670516745,-0.12125374082048031,0.27461751819054514,0.5912925028733536,1.0442381319422414,0.32839686223167724,-0.23855760955043356,-0.6266751562193268,0.0,0.0,2.275442640072635,-0.14717108887544914,-0.5668106997522169,-0.2108888360892731,0.9536919799837233,0.5493971881446129
0.3847890713308271,0.06457316506698858,0.34360166017397953,-0.1348205220825923,-0.11199785748720481,-0.17453775587990636,-0.12157854300500259,-0.12188888650415249,-0.14065746898533213,0.27461751819054514,-0.16423607001856105,1.0442381319422414,-1.621506419780374,-0.23855760955043356,-1.277247510228214,0.0,0.0,1.4505528153087455,-0.14574746874378325,-1.2076488261201908,-1.1722722734469109,0.9536919799837233,0.5493971881446129
-0.04189672582796345,0.8858113669445872,-0.31378087963814716,0.061731928779232684,-0.2641304578998883,-0.17453775587990636,-0.15836655315386958,-0.11785927801887318,0.014572356333482469,0.27461751819054514,-0.17934664147639934,1.0442381319422414,0.8660374234926399,-0.23855760955043356,-0.7791902868294689,0.0,0.0,-0.27520352860518127,-0.13752499150050423,-0.8612912158775589,-1.2796635820560756,0.9536919799837233,0.5493971881446129
0.77653244652029,0.8858113669445872,-0.31378087963814716,-0.08208693770502949,0.4965325441635293,-0.17453775587990636,-0.011214512558401675,-0.111143263876741,-0.14065746898533213,0.27461751819054514,0.18330707351171968,1.0442381319422414,0.45397127619153327,-0.23855760955043356,-1.310034976345373,0.0,0.0,1.4586931754215469,-0.12532608750144944,1.2907930945589743,-0.7841149730507785,0.9536919799837233,0.5493971881446129
-1.3616849452472373,0.8858113669445872,-0.31378087963814716,-0.15879033316330265,-0.365552191508344,-0.17453775587990636,-0.16449788817868072,-0.12726169781785823,-0.12125374082048031,0.27461751819054514,-0.6931060710429013,1.0442381319422414,-0.5286631299695141,-0.23855760955043356,1.1818124485586958,0.0,0.0,1.0435348096686683,-0.1542581640098559,-0.12446840774978787,0.8102588124445254,0.9536919799837233,-1.8201767711573702
0.05503614104250489,-2.399141440565807,-0.31378087963814716,-0.16358429537944472,-0.23595775411976175,-0.17453775587990636,-0.162454109837077,-0.12726169781785823,-0.14065746898533213,0.27461751819054514,0.04731193039117505,1.0442381319422414,-1.197529254353438,-0.23855760955043356,-0.47269353396870234,0.0,0.0,-0.5194143319892275,-0.10953773188815266,0.7937221444573845,-0.5827465583546452,-1.0485565790508873,0.5493971881446129
-1.4375229425584448,-2.399141440565807,-0.31378087963814716,-0.15879033316330265,-0.30357224319206555,-0.17453775587990636,-0.15836655315386958,-0.12726169781785823,-0.14065746898533213,0.27461751819054514,0.25885993080091113,1.0442381319422414,-0.9887041394902433,-0.23855760955043356,-0.28507027468288637,0.0,0.0,-0.351180222991329,-0.14169222548688293,-0.5668106997522169,0.17372709255964988,0.9536919799837233,0.5493971881446129
-0.8299130494251353,0.06457316506698858,-0.31378087963814716,-0.1492024087310185,-0.34301402848424273,-0.17453775587990636,-0.162454109837077,-0.12726169781785823,-0.12125374082048031,-1.995553965517959,-0.5117792135488418,1.0442381319422414,-0.618364604211932,-0.23855760955043356,-1.4859677213642737,0.0,0.0,-0.6822215342452583,-0.11958423739031553,-0.6862124609088535,-0.39576882028840865,0.9536919799837233,0.5493971881446129
-0.4307929407088144,-2.399141440565807,-0.31378087963814716,-0.16358429537944472,-0.365552191508344,-0.17453775587990636,-0.16449788817868072,-0.12726169781785823,-0.14065746898533213,-1.995553965517959,0.01709078747549847,1.0442381319422414,-1.4101625217053506,-0.23855760955043356,-0.9769833468394968,0.0,0.0,-0.6795080808743245,-0.147813659261905,0.22152724227200443,-0.6466200786757377,-1.0485565790508873,-1.8201767711573702
-0.16406578634294625,-2.399141440565807,-0.31378087963814716,-0.16358429537944472,-0.365552191508344,-0.17453775587990636,-0.16449788817868072,-0.12726169781785823,-0.14065746898533213,0.27461751819054514,0.07753307330685164,1.0442381319422414,-0.6850724257002021,-0.23855760955043356,-0.42149464457036995,0.0,0.0,-0.6795080808743245,-0.147813659261905,-0.3264081370708519,-1.1312683192506852,-1.0485565790508873,-1.8201767711573702
-0.2729049599585188,0.8858113669445872,-0.31378087963814716,-0.16358429537944472,-0.30357224319206555,-0.17453775587990636,-0.15938844232467142,-0.12591849498943178,-0.12125374082048031,-1.995553965517959,-0.5117792135488418,1.0442381319422414,-0.5541047761727733,-0.23855760955043356,0.18379396772420345,0.0,0.0,-0.6767946275033906,-0.07769541783892465,1.0092000616362544,0.8386359332147132,-1.0485565790508873,0.5493971881446129
1.509805642365515,0.8858113669445872,-0.31378087963814716,-0.16358429537944472,-0.34301402848424273,-0.14483175024674738,-0.16449788817868072,-0.12726169781785823,-0.14065746898533213,0.27461751819054514,-0.9953175001996671,1.0442381319422414,1.5561879766332074,-0.23855760955043356,-2.228084027625819,0.0,0.0,0.8942948742673068,-0.15321801870507243,-0.45137039484202884,-1.0713895289958772,-1.0485565790508873,-1.8201767711573702
-1.445676174351288,0.8858113669445872,-0.31378087963814716,-0.15879033316330265,-0.34301402848424273,-0.17453775587990636,-0.162454109837077,-0.12591849498943178,-0.14065746898533213,0.27461751819054514,0.03220135893333676,1.0442381319422414,0.7130990327594418,-0.23855760955043356,0.38980352676758656,0.0,0.0,-0.34303986287852745,-0.14926735782072287,-0.5668106997522169,0.2621053821557762,0.9536919799837233,0.5493971881446129
1.161805002826544,0.8858113669445872,-0.31378087963814716,-0.16358429537944472,-0.365552191508344,-0.17453775587990636,-0.16449788817868072,-0.12726169781785823,-0.14065746898533213,-1.995553965517959,-0.9953175001996671,1.0442381319422414,1.0009830623748748,-0.23855760955043356,-0.960302004429012,0.0,0.0,-0.6740811741324568,-0.14834789348227057,1.410140971257745,1.2196250546662935,-1.0485565790508873,-1.8201767711573702
-0.40710974359627006,-1.5779032386882086,0.34360166017397953,-0.16358429537944472,-0.2528613763878377,-0.05571373334727045,-0.15121332895825654,-0.12726169781785823,-0.14065746898533213,0.27461751819054514,0.3193022166322643,1.0442381319422414,-0.22128893952320683,-0.23855760955043356,-1.277247510228214,0.0,0.0,0.978411928766256,-0.14940414363247284,0.10425151138888096,1.3563049019870468,-1.0485565790508873,0.5493971881446129
1.486898943518956,-0.75666503681061,1.0009841999861062,1.0492881453044995,4.130811331799858,2.2613547060391297,3.25780894483675,2.328113072545665,0.9265475800815182,0.27461751819054514,0.1379753591382048,1.0442381319422414,-1.079107571252702,-0.23855760955043356,-0.19057720463095115,0.0,0.0,3.794976527795589,-0.08109429135515595,-0.45137039484202884,0.28239181589540546,0.9536919799837233,0.5493971881446129
1.0096113426934723,0.8858113669445872,1.0009841999861062,0.042556079914664396,-0.34864856924026805,-0.17453775587990636,-0.1573446639830677,-0.12726169781785823,-0.12125374082048031,2.544789001899049,0.04731193039117505,1.0442381319422414,-0.4493118258319908,-0.23855760955043356,0.6975667951360444,0.0,0.0,0.4058732674992143,-0.1530391771975138,-1.6984252549283598,0.4986764094579173,0.9536919799837233,0.5493971881446129
-1.705673677078619,0.8858113669445872,-0.31378087963814716,-0.16358429537944472,-0.2866686209239896,-0.17453775587990636,-0.15938844232467142,-0.12726169781785823,-0.14065746898533213,0.27461751819054514,-1.1010915004045352,1.0442381319422414,3.314336871784598,-0.23855760955043356,1.5752620419646008,0.0,0.0,1.1493594911350884,-0.15118615649233325,-1.1699181340241418,3.7189136913886607,-1.0485565790508873,0.5493971881446129
-0.12407612564471565,0.8858113669445872,-0.31378087963814716,-0.15879033316330265,-0.365552191508344,-0.17453775587990636,-0.16449788817868072,-0.12726169781785823,-0.14065746898533213,0.27461751819054514,0.01709078747549847,1.0442381319422414,-0.016892613765404275,-0.23855760955043356,0.8246016334928089,0.0,0.0,0.07754540961621885,-0.1539830031146365,-0.8463320514089613,1.0551981706713995,0.9536919799837233,-1.8201767711573702
1.5196412870679925,0.06457316506698858,-0.31378087963814716,0.07131985321151683,0.5866851962599343,0.033404283552206475,0.03681427846928576,-0.0762199903376537,-0.14065746898533213,0.27461751819054514,1.2712682184760769,1.0442381319422414,-0.32644138540546686,0.6213921233941999,-0.8646203423009508,0.0,0.0,1.6486349113869163,-0.12485401888892977,-0.7390669220744036,0.01713712567722907,0.9536919799837233,0.5493971881446129
1.2441138190209604,0.8858113669445872,-0.31378087963814716,-0.16358429537944472,-0.33737948772821746,-0.17453775587990636,-0.16449788817868072,-0.12726169781785823,-0.14065746898533213,0.27461751819054514,-1.040649214573182,1.0442381319422414,1.199270531752851,-0.23855760955043356,1.5752620419646008,0.0,0.0,-0.16395194039689354,-0.1501650422740774,0.9494396672975342,-0.03001926369489107,-1.0485565790508873,-1.8201767711573702
-1.5780691287017408,0.06457316506698858,-0.31378087963814716,-0.16358429537944472,-0.35428310999629337,-0.17453775587990636,-0.16449788817868072,-0.12726169781785823,-0.14065746898533213,0.27461751819054514,-0.36067349897045886,1.0442381319422414,1.491414069969736,-0.23855760955043356,-0.6620003519121161,0.0,0.0,-0.6605139072777876,-0.1391323531809646,0.88008349752086,1.6239217459007944,-1.0485565790508873,-1.8201767711573702
1.5240414439085745,-0.75666503681061,-0.31378087963814716,-0.1492024087310185,-0.2866686209239896,-0.17453775587990636,-0.15325710729986028,-0.12726169781785823,-0.14065746898533213,0.27461751819054514,1.4223739330544598,1.0442381319422414,-0.16437951139462145,-0.23855760955043356,-0.04509841371889094,0.0,0.0,2.2293139327667597,-0.15238758238147318,-0.7390669220744036,0.9571258043596558,0.9536919799837233,0.5493971881446129
1.065130968711404,0.8858113669445872,0.34360166017397953,-0.1348205220825923,-0.3261104062161668,-0.17453775587990636,-0.15938844232467142,-0.12726169781785823,-0.04363882816107301,0.27461751819054514,0.25885993080091113,1.0442381319422414,-0.1156550263978958,-0.23855760955043356,-0.9051810468987159,0.0,0.0,0.1670893708570358,-0.15082371027963637,1.887783148630462,-1.2524974012221366,0.9536919799837233,0.5493971881446129
1.1548165184326784,0.8858113669445872,-0.31378087963814716,-0.1492024087310185,-0.2923031616800149,-0.1151257446135884,-0.15938844232467142,-0.12726169781785823,-0.14065746898533213,-1.995553965517959,-0.5571109279223566,1.0442381319422414,0.16747467468149238,-0.23855760955043356,0.37420538840973155,0.0,0.0,2.9728001564026334,-0.1529208837754436,1.410140971257745,0.5125894534882567,0.9536919799837233,0.5493971881446129
1.0954144010848212,-2.399141440565807,-0.31378087963814716,-0.16358429537944472,-0.365552191508344,-0.17453775587990636,-0.16449788817868072,-0.12726169781785823,-0.14065746898533213,0.27461751819054514,0.3948550739214558,1.0442381319422414,-0.5926606729962686,-0.23855760955043356,-1.7008875427320975,0.0,0.0,-0.7392040550348691,-0.0008992486613747532,1.887783148630462,-0.40120074439623316,-1.0485565790508873,-1.8201767711573702
-1.0591094542683923,0.8858113669445872,-0.31378087963814716,-0.16358429537944472,-0.3599176507523187,-0.17453775587990636,-0.1604103314954733,-0.12726169781785823,-0.14065746898533213,0.27461751819054514,-0.5873320708380333,1.0442381319422414,0.560289161682322,-0.23855760955043356,-0.009465487031406757,0.0,0.0,0.0015687152300711304,-0.15337047505767823,-1.3024883843945956,1.3237620811963917,-1.0485565790508873,0.5493971881446129
1.4198612598889122,0.8858113669445872,-0.31378087963814716,-0.16358429537944472,-0.33174494697219215,-0.17453775587990636,-0.16347599900787887,-0.12726169781785823,-0.14065746898533213,0.27461751819054514,-0.7686589283320927,1.0442381319422414,-0.49718892848094637,-0.23855760955043356,1.5752620419646008,0.0,0.0,-0.6550870005359198,-0.12089326300129648,-0.3695037486790324,-0.1862248034900385,-1.0485565790508873,0.5493971881446129
0.5118759541970487,-2.399141440565807,-0.31378087963814716,-0.16358429537944472,-0.35428310999629337,-0.14483175024674738,-0.1604103314954733,-0.12726169781785823,-0.14065746898533213,0.27461751819054514,0.06242250184901335,1.0442381319422414,-1.6722257840541386,-0.23855760955043356,0.564245998149427,0.0,0.0,-0.652373547164986,-0.14052864716601093,3.540540776562717,1.0377148057909313,-1.0485565790508873,0.5493971881446129
0.34505824338792485,0.8858113669445872,-0.31378087963814716,-0.1300265598664502,-0.34301402848424273,-0.17453775587990636,-0.1604103314954733,-0.12726169781785823,-0.14065746898533213,0.27461751819054514,0.01709078747549847,1.0442381319422414,0.7393537625011558,-0.23855760955043356,-0.07619085667334458,0.0,0.0,0.42215398772481744,-0.1527014665228254,0.22490829069474474,0.24128509489668115,0.9536919799837233,0.5493971881446129
0.9564212114734956,0.06457316506698858,-0.31378087963814716,-0.15399637094716057,-0.34301402848424273,-0.17453775587990636,-0.16449788817868072,-0.12726169781785823,-0.14065746898533213,0.27461751819054514,-1.0557597860310204,1.0442381319422414,2.157659967079736,-0.23855760955043356,1.5752620419646008,0.0,0.0,-0.7337771482930014,0.10149564357535847,0.8753350659853014,1.8444472138468848,0.9536919799837233,-1.8201767711573702
0.4014837840495059,0.8858113669445872,-0.31378087963814716,-0.16358429537944472,-0.35428310999629337,-0.17453775587990636,-0.16449788817868072,-0.12726169781785823,-0.14065746898533213,0.27461751819054514,0.7726193603674131,1.0442381319422414,-0.17754218386330128,-0.23855760955043356,-0.507522710430153,0.0,0.0,0.26206023883972046,-0.1532462437325143,-1.2076488261201908,-0.6994715771026675,-1.0485565790508873,-1.8201767711573702
-1.5077960356300928,0.06457316506698858,-0.31378087963814716,-0.14440844651487644,-0.3204758654601415,-0.14483175024674738,-0.15836655315386958,-0.12726169781785823,-0.12125374082048031,0.27461751819054514,0.44018678829497065,1.0442381319422414,0.19314522416830435,-0.23855760955043356,-0.9481117926675043,0.0,0.0,0.5116979489656344,-0.1514995284770895,-0.6297126490264175,-0.011995547564680915,0.9536919799837233,0.5493971881446129
-1.1696310407935993,0.8858113669445872,-0.31378087963814716,-0.15879033316330265,-0.3148413247041162,-0.17453775587990636,-0.1604103314954733,-0.12726169781785823,-0.14065746898533213,0.27461751819054514,-0.6326637852115481,1.0442381319422414,0.723380605245707,-0.23855760955043356,1.5752620419646008,0.0,0.0,0.9268563147185129,-0.15199415062045668,-0.8250350993391762,-0.2572273215787425,0.9536919799837233,0.5493971881446129
1.3137398302042875,0.8858113669445872,-0.31378087963814716,-0.16358429537944472,-0.365552191508344,-0.17453775587990636,-0.16449788817868072,-0.12726169781785823,-0.14065746898533213,0.27461751819054514,-0.6024426422958715,1.0442381319422414,-0.2713615328004734,-0.23855760955043356,0.9232598586062429,0.0,0.0,-0.06355416567234119,-0.15387721766305418,-0.2977270072934111,1.3088853631206634,-1.0485565790508873,-1.8201767711573702
1.5149822974720821,0.06457316506698858,-0.31378087963814716,-0.16358429537944472,-0.3599176507523187,-0.17453775587990636,-0.16449788817868072,-0.12726169781785823,-0.14065746898533213,0.27461751819054514,-0.829101214163446,1.0442381319422414,-0.10942676614179277,-0.23855760955043356,1.0047601315260373,0.0,0.0,-0.7229233348092661,-0.11060806177216033,-0.45137039484202884,-0.4049125592032466,-1.0485565790508873,-1.8201767711573702
-0.27303437633618305,0.8858113669445872,-0.31378087963814716,-0.16358429537944472,-0.35428310999629337,-0.17453775587990636,-0.16449788817868072,-0.12726169781785823,-0.14065746898533213,-1.995553965517959,-0.2700100702234291,1.0442381319422414,0.8026955929968982,-0.23855760955043356,-0.4264990472935146,0.0,0.0,-0.7229233348092661,-0.08866629915000322,1.0092000616362544,-0.22733152448876284,-1.0485565790508873,-1.8201767711573702
-1.3967567835942292,-1.5779032386882086,-0.31378087963814716,-0.08688089992117157,-0.11763239824323012,-0.026007727714111476,-0.011214512558401675,-0.010403051744758375,-0.14065746898533213,0.27461751819054514,0.03220135893333676,1.0442381319422414,-0.7182594278000791,-0.23855760955043356,-0.4992903596301729,0.0,0.0,1.9254071552221688,-0.14746040163907936,-0.5269982379698451,-0.8577057602717798,0.9536919799837233,0.5493971881446129
1.2142186357805356,-0.75666503681061,-0.31378087963814716,-0.10605674878573985,-0.24159229487578707,-0.1151257446135884,-0.13281932388382306,-0.12323208933257893,0.26682082247655614,-1.995553965517959,-0.0433514983558547,1.0442381319422414,-0.6406469082203159,-0.23855760955043356,-0.16793823993100826,0.0,0.0,0.5252652158203036,-0.1469270821296067,1.2098853973525376,-0.5767386529779096,0.9536919799837233,0.5493971881446129
0.344411161499604,0.06457316506698858,-0.31378087963814716,-0.16358429537944472,-0.258495917143863,-0.17453775587990636,-0.14814766144585095,-0.12726169781785823,-0.14065746898533213,0.27461751819054514,-0.4815580706331652,1.0442381319422414,1.020261010786622,-0.23855760955043356,-0.016836312747668118,0.0,0.0,0.7749029259462176,-0.14899633340806312,0.22490829069474474,0.2315341982876828,-1.0485565790508873,0.5493971881446129
-1.5567154263871517,0.06457316506698858,-0.31378087963814716,-0.16358429537944472,-0.16270872429143265,-0.17453775587990636,-0.162454109837077,-0.12726169781785823,-0.14065746898533213,0.27461751819054514,-0.8593223570791225,1.0442381319422414,-0.3253397883533672,-0.23855760955043356,1.5752620419646008,0.0,0.0,-0.7147829746964645,0.41380006489739474,0.1997550234776168,-0.8631154759356807,-1.0485565790508873,0.5493971881446129
-0.2476687663140044,0.8858113669445872,-0.31378087963814716,-0.16358429537944472,-0.30357224319206555,-0.17453775587990636,-0.16449788817868072,-0.12726169781785823,-0.14065746898533213,0.27461751819054514,-0.829101214163446,1.0442381319422414,1.0009830623748743,-0.23855760955043356,0.4342582210874752,0.0,0.0,-0.7120695213255306,0.013063691189088853,-0.8603242518026359,-1.154699150219956,-1.0485565790508873,-1.8201767711573702
-0.2731637927138472,-2.399141440565807,-0.31378087963814716,-0.16358429537944472,-0.365552191508344,-0.17453775587990636,-0.16449788817868072,-0.12726169781785823,-0.14065746898533213,-1.995553965517959,-0.2397889273077525,1.0442381319422414,-3.4788449494979226,-0.23855760955043356,-0.5520332172978366,0.0,0.0,-0.7120695213255306,-0.14052864716601093,1.0092000616362544,-0.28418420980224984,-1.0485565790508873,-1.8201767711573702
